-- MySQL dump 10.13  Distrib 5.6.50, for Linux (x86_64)
--
-- Host: localhost    Database: dsmall
-- ------------------------------------------------------
-- Server version	5.6.50-log

/*!40101 SET @OLD_CHARACTER_SET_CLIENT=@@CHARACTER_SET_CLIENT */;
/*!40101 SET @OLD_CHARACTER_SET_RESULTS=@@CHARACTER_SET_RESULTS */;
/*!40101 SET @OLD_COLLATION_CONNECTION=@@COLLATION_CONNECTION */;
/*!40101 SET NAMES utf8mb4 */;
/*!40103 SET @OLD_TIME_ZONE=@@TIME_ZONE */;
/*!40103 SET TIME_ZONE='+00:00' */;
/*!40014 SET @OLD_UNIQUE_CHECKS=@@UNIQUE_CHECKS, UNIQUE_CHECKS=0 */;
/*!40014 SET @OLD_FOREIGN_KEY_CHECKS=@@FOREIGN_KEY_CHECKS, FOREIGN_KEY_CHECKS=0 */;
/*!40101 SET @OLD_SQL_MODE=@@SQL_MODE, SQL_MODE='NO_AUTO_VALUE_ON_ZERO' */;
/*!40111 SET @OLD_SQL_NOTES=@@SQL_NOTES, SQL_NOTES=0 */;

--
-- Table structure for table `ds_activity`
--

DROP TABLE IF EXISTS `ds_activity`;
/*!40101 SET @saved_cs_client     = @@character_set_client */;
/*!40101 SET character_set_client = utf8 */;
CREATE TABLE `ds_activity` (
  `activity_id` mediumint(9) NOT NULL AUTO_INCREMENT COMMENT '活动自增ID',
  `activity_title` varchar(255) NOT NULL COMMENT '活动标题',
  `activity_type` enum('1','2') DEFAULT NULL COMMENT '活动类型 1:商品 2:抢购',
  `activity_banner` varchar(255) NOT NULL COMMENT '活动图片',
  `activity_banner_mobile` varchar(255) NOT NULL COMMENT '手机活动图片',
  `activity_style` varchar(255) NOT NULL COMMENT '活动页面样式',
  `activity_desc` varchar(1000) NOT NULL COMMENT '活动描述',
  `activity_startdate` int(10) unsigned NOT NULL DEFAULT '0' COMMENT '活动开始时间',
  `activity_enddate` int(10) unsigned NOT NULL DEFAULT '0' COMMENT '活动结束时间',
  `activity_sort` tinyint(3) unsigned NOT NULL DEFAULT '255' COMMENT '活动排序',
  `activity_state` tinyint(1) unsigned NOT NULL DEFAULT '1' COMMENT '活动状态 0为关闭 1为开启',
  PRIMARY KEY (`activity_id`)
) ENGINE=InnoDB DEFAULT CHARSET=utf8 COMMENT='活动表';
/*!40101 SET character_set_client = @saved_cs_client */;

--
-- Dumping data for table `ds_activity`
--

LOCK TABLES `ds_activity` WRITE;
/*!40000 ALTER TABLE `ds_activity` DISABLE KEYS */;
/*!40000 ALTER TABLE `ds_activity` ENABLE KEYS */;
UNLOCK TABLES;

--
-- Table structure for table `ds_activitydetail`
--

DROP TABLE IF EXISTS `ds_activitydetail`;
/*!40101 SET @saved_cs_client     = @@character_set_client */;
/*!40101 SET character_set_client = utf8 */;
CREATE TABLE `ds_activitydetail` (
  `activitydetail_id` mediumint(9) NOT NULL AUTO_INCREMENT COMMENT '活动详情自增ID',
  `activity_id` mediumint(8) unsigned NOT NULL DEFAULT '0' COMMENT '活动ID',
  `item_id` int(11) NOT NULL COMMENT '商品或抢购的编号',
  `item_name` varchar(255) NOT NULL COMMENT '商品或抢购名称',
  `activitydetail_sort` tinyint(3) unsigned NOT NULL DEFAULT '255' COMMENT '活动详情排序',
  PRIMARY KEY (`activitydetail_id`),
  KEY `activity_id` (`activity_id`)
) ENGINE=InnoDB DEFAULT CHARSET=utf8 COMMENT='活动详情表';
/*!40101 SET character_set_client = @saved_cs_client */;

--
-- Dumping data for table `ds_activitydetail`
--

LOCK TABLES `ds_activitydetail` WRITE;
/*!40000 ALTER TABLE `ds_activitydetail` DISABLE KEYS */;
/*!40000 ALTER TABLE `ds_activitydetail` ENABLE KEYS */;
UNLOCK TABLES;

--
-- Table structure for table `ds_address`
--

DROP TABLE IF EXISTS `ds_address`;
/*!40101 SET @saved_cs_client     = @@character_set_client */;
/*!40101 SET character_set_client = utf8 */;
CREATE TABLE `ds_address` (
  `address_id` mediumint(10) unsigned NOT NULL AUTO_INCREMENT COMMENT '地址ID',
  `member_id` mediumint(10) unsigned NOT NULL DEFAULT '0' COMMENT '会员ID',
  `address_realname` varchar(50) NOT NULL COMMENT '会员姓名',
  `city_id` mediumint(9) DEFAULT NULL COMMENT '市级ID',
  `area_id` mediumint(10) unsigned NOT NULL DEFAULT '0' COMMENT '地区ID',
  `area_info` varchar(255) NOT NULL DEFAULT '' COMMENT '地区内容',
  `address_detail` varchar(255) NOT NULL COMMENT '详细地址',
  `address_tel_phone` varchar(20) DEFAULT NULL COMMENT '座机',
  `address_mob_phone` varchar(15) DEFAULT NULL COMMENT '手机',
  `address_is_default` enum('0','1') NOT NULL DEFAULT '0' COMMENT '1默认收货地址',
  `address_longitude` varchar(20) DEFAULT '' COMMENT '经度',
  `address_latitude` varchar(20) DEFAULT '' COMMENT '纬度',
  PRIMARY KEY (`address_id`),
  KEY `member_id` (`member_id`)
) ENGINE=InnoDB AUTO_INCREMENT=6 DEFAULT CHARSET=utf8 COMMENT='买家地址信息表';
/*!40101 SET character_set_client = @saved_cs_client */;

--
-- Dumping data for table `ds_address`
--

LOCK TABLES `ds_address` WRITE;
/*!40000 ALTER TABLE `ds_address` DISABLE KEYS */;
INSERT INTO `ds_address` VALUES (1,3,'b',0,0,'','b','2589194','12564548796','1','',''),(2,6,'测试员',95,1417,'内蒙古 呼和浩特市 和林格尔县','答案绕若翁群若晕','','13012345678','0','',''),(3,2,'123',75,1164,'河北 秦皇岛市 卢龙县','啊稍等','','17705475055','0','',''),(4,7,'张亮',73,73,'河北 石家庄市','好王嘉街道2','','17358696467','0','',''),(5,5,'2222',36,41,'北京 北京市 朝阳区','wwwwwwwwwwwww','','13910202150','0','','');
/*!40000 ALTER TABLE `ds_address` ENABLE KEYS */;
UNLOCK TABLES;

--
-- Table structure for table `ds_admin`
--

DROP TABLE IF EXISTS `ds_admin`;
/*!40101 SET @saved_cs_client     = @@character_set_client */;
/*!40101 SET character_set_client = utf8 */;
CREATE TABLE `ds_admin` (
  `admin_id` int(11) unsigned NOT NULL AUTO_INCREMENT COMMENT '管理员自增ID',
  `admin_name` varchar(20) NOT NULL COMMENT '管理员名称',
  `admin_password` varchar(32) NOT NULL DEFAULT '' COMMENT '管理员密码',
  `admin_login_time` int(10) NOT NULL DEFAULT '0' COMMENT '登录时间',
  `admin_login_num` int(11) NOT NULL DEFAULT '0' COMMENT '登录次数',
  `admin_is_super` tinyint(1) NOT NULL DEFAULT '0' COMMENT '是否超级管理员',
  `admin_gid` smallint(6) DEFAULT '0' COMMENT '权限组ID',
  PRIMARY KEY (`admin_id`)
) ENGINE=InnoDB AUTO_INCREMENT=4 DEFAULT CHARSET=utf8 COMMENT='管理员表';
/*!40101 SET character_set_client = @saved_cs_client */;

--
-- Dumping data for table `ds_admin`
--

LOCK TABLES `ds_admin` WRITE;
/*!40000 ALTER TABLE `ds_admin` DISABLE KEYS */;
INSERT INTO `ds_admin` VALUES (2,'dsshop','e10adc3949ba59abbe56e057f20f883e',0,0,0,1),(3,'admin','7fef6171469e80d32c0559f88b377245',1686364039,14,1,0);
/*!40000 ALTER TABLE `ds_admin` ENABLE KEYS */;
UNLOCK TABLES;

--
-- Table structure for table `ds_adminlog`
--

DROP TABLE IF EXISTS `ds_adminlog`;
/*!40101 SET @saved_cs_client     = @@character_set_client */;
/*!40101 SET character_set_client = utf8 */;
CREATE TABLE `ds_adminlog` (
  `adminlog_id` int(10) unsigned NOT NULL AUTO_INCREMENT COMMENT '管理员记录自增ID',
  `admin_id` mediumint(8) unsigned NOT NULL DEFAULT '0' COMMENT '管理员ID',
  `admin_name` char(20) NOT NULL COMMENT '管理员名称',
  `adminlog_content` varchar(255) NOT NULL COMMENT '操作内容',
  `adminlog_time` int(10) unsigned DEFAULT NULL COMMENT '发生时间',
  `adminlog_ip` char(15) NOT NULL COMMENT '管理员操作IP',
  `adminlog_url` varchar(50) NOT NULL DEFAULT '' COMMENT 'controller/action',
  PRIMARY KEY (`adminlog_id`)
) ENGINE=InnoDB AUTO_INCREMENT=98 DEFAULT CHARSET=utf8 COMMENT='管理员操作日志';
/*!40101 SET character_set_client = @saved_cs_client */;

--
-- Dumping data for table `ds_adminlog`
--

LOCK TABLES `ds_adminlog` WRITE;
/*!40000 ALTER TABLE `ds_adminlog` DISABLE KEYS */;
INSERT INTO `ds_adminlog` VALUES (1,3,'admin','编辑站点设置',1684229847,'182.46.218.225','Config&base'),(2,3,'admin','编辑站点设置',1684229950,'182.46.218.225','Config&logo'),(3,3,'admin','编辑站点设置',1684230079,'182.46.218.225','Config&base'),(4,3,'admin','广告成功删除[1]',1684230169,'182.46.218.225','Adv&adv_del'),(5,3,'admin','删除商品分类[ID:8]',1685776900,'182.46.218.107','Goodsclass&goods_class_del'),(6,3,'admin','删除商品分类[ID:9]',1685776903,'182.46.218.107','Goodsclass&goods_class_del'),(7,3,'admin','删除商品分类[ID:10]',1685776905,'182.46.218.107','Goodsclass&goods_class_del'),(8,3,'admin','删除商品分类[ID:11]',1685776907,'182.46.218.107','Goodsclass&goods_class_del'),(9,3,'admin','删除商品分类[ID:12]',1685776910,'182.46.218.107','Goodsclass&goods_class_del'),(10,3,'admin','删除商品分类[ID:15]',1685776912,'182.46.218.107','Goodsclass&goods_class_del'),(11,3,'admin','删除商品分类[ID:16]',1685776914,'182.46.218.107','Goodsclass&goods_class_del'),(12,3,'admin','删除商品分类[ID:468]',1685776916,'182.46.218.107','Goodsclass&goods_class_del'),(13,3,'admin','编辑站点设置',1686022636,'182.46.218.107','Config&base'),(14,3,'admin','编辑站点设置',1686022678,'182.46.218.107','Config&base'),(15,3,'admin','编辑站点设置',1686033686,'112.236.101.127','Config&base'),(16,3,'admin','编辑站点设置',1686033908,'112.236.101.127','Config&logo'),(17,3,'admin','编辑站点设置',1686033973,'112.236.101.127','Config&base'),(18,3,'admin','编辑分类导航，手机/ 智能数码',1686034977,'112.236.101.127','Goodsclass&nav_edit'),(19,3,'admin','添加商品分类[手机/ 智能设备]',1686035309,'112.236.101.127','Goodsclass&goods_class_add'),(20,3,'admin','添加商品，平台货号:119',1686036180,'112.236.101.127','Goodsadd&save_goods'),(21,3,'admin','编辑商品，平台货号：119',1686036362,'112.236.101.127','Goods&edit_save_goods'),(22,3,'admin','编辑商品，平台货号：119',1686036383,'112.236.101.127','Goods&edit_save_goods'),(23,3,'admin','编辑商品，平台货号：119',1686036681,'112.236.101.127','Goods&edit_save_goods'),(24,3,'admin','添加商品，平台货号:120',1686037149,'112.236.101.127','Goodsadd&save_goods'),(25,3,'admin','添加商品，平台货号:121',1686037659,'112.236.101.127','Goodsadd&save_goods'),(26,3,'admin','添加商品，平台货号:122',1686037984,'112.236.101.127','Goodsadd&save_goods'),(27,3,'admin','添加商品，平台货号:123',1686038321,'112.236.101.127','Goodsadd&save_goods'),(28,3,'admin','添加商品，平台货号:124',1686038645,'112.236.101.127','Goodsadd&save_goods'),(29,3,'admin','添加商品，平台货号:125',1686038963,'112.236.101.127','Goodsadd&save_goods'),(30,3,'admin','编辑商品分类[手机/ 智能数码]',1686039200,'112.236.101.127','Goodsclass&goods_class_edit'),(31,3,'admin','编辑商品分类[手机/ 智能数码]',1686041408,'112.236.101.127','Goodsclass&goods_class_edit'),(32,3,'admin','编辑商品分类[手机/ 智能数码]',1686041467,'112.236.101.127','Goodsclass&goods_class_edit'),(33,3,'admin','编辑商品分类[手机/ 智能数码]',1686041523,'112.236.101.127','Goodsclass&goods_class_edit'),(34,3,'admin','删除商品分类[ID:764]',1686042044,'112.236.101.127','Goodsclass&goods_class_del'),(35,3,'admin','编辑会员协议[ID:2]',1686042544,'112.236.101.127','Document&edit'),(36,3,'admin','编辑商品分类[荣耀]',1686057319,'39.68.19.228','Goodsclass&goods_class_edit'),(37,3,'admin','编辑商品分类[荣耀]',1686057403,'39.68.19.228','Goodsclass&goods_class_edit'),(38,3,'admin','编辑商品分类[手机/ 智能数码]',1686057596,'39.68.19.228','Goodsclass&goods_class_edit'),(39,3,'admin','编辑商品分类[荣耀]',1686058072,'39.68.19.228','Goodsclass&goods_class_edit'),(40,3,'admin','编辑商品，平台货号：125',1686059173,'140.250.192.166','Goods&edit_save_goods'),(41,3,'admin','编辑站点设置',1686059302,'140.250.192.166','Config&logo'),(42,3,'admin','添加商品，平台货号:126',1686060030,'140.250.192.166','Goodsadd&save_goods'),(43,3,'admin','编辑商品，平台货号：126',1686060073,'140.250.192.166','Goods&edit_save_goods'),(44,3,'admin','添加商品，平台货号:127',1686060301,'140.250.192.166','Goodsadd&save_goods'),(45,3,'admin','添加商品，平台货号:128',1686060525,'140.250.192.166','Goodsadd&save_goods'),(46,3,'admin','添加商品，平台货号:129',1686060752,'140.250.192.166','Goodsadd&save_goods'),(47,3,'admin','编辑商品，平台货号：129',1686060779,'140.250.192.166','Goods&edit_save_image'),(48,3,'admin','编辑商品，平台货号：129',1686060849,'140.250.192.166','Goods&edit_save_image'),(49,3,'admin','添加商品，平台货号:130',1686061062,'140.250.192.166','Goodsadd&save_goods'),(50,3,'admin','添加商品，平台货号:131',1686061341,'140.250.192.166','Goodsadd&save_goods'),(51,3,'admin','添加商品，平台货号:132',1686061635,'140.250.192.166','Goodsadd&save_goods'),(52,3,'admin','添加商品，平台货号:133',1686061876,'140.250.192.166','Goodsadd&save_goods'),(53,3,'admin','添加商品，平台货号:134',1686062189,'140.250.192.166','Goodsadd&save_goods'),(54,3,'admin','添加商品，平台货号:135',1686062484,'140.250.192.166','Goodsadd&save_goods'),(55,3,'admin','添加商品，平台货号:136',1686062720,'140.250.192.166','Goodsadd&save_goods'),(56,3,'admin','添加商品，平台货号:137',1686062912,'140.250.192.166','Goodsadd&save_goods'),(57,3,'admin','添加商品，平台货号:138',1686063161,'140.250.192.166','Goodsadd&save_goods'),(58,3,'admin','添加商品，平台货号:139',1686063448,'140.250.192.166','Goodsadd&save_goods'),(59,3,'admin','添加商品，平台货号:140',1686063662,'140.250.192.166','Goodsadd&save_goods'),(60,3,'admin','添加商品，平台货号:141',1686063867,'140.250.192.166','Goodsadd&save_goods'),(61,3,'admin','添加商品，平台货号:142',1686064063,'140.250.192.166','Goodsadd&save_goods'),(62,3,'admin','添加商品，平台货号:143',1686064516,'140.250.192.166','Goodsadd&save_goods'),(63,3,'admin','添加商品，平台货号:144',1686064767,'140.250.192.166','Goodsadd&save_goods'),(64,3,'admin','添加商品，平台货号:145',1686064937,'140.250.192.166','Goodsadd&save_goods'),(65,3,'admin','添加商品，平台货号:146',1686065167,'140.250.192.166','Goodsadd&save_goods'),(66,3,'admin','删除商品分类[ID:4]',1686065301,'140.250.192.166','Goodsclass&goods_class_del'),(67,3,'admin','编辑分类导航，手机/ 智能数码',1686065365,'140.250.192.166','Goodsclass&nav_edit'),(68,3,'admin','编辑分类导航，手机/ 智能数码',1686065411,'140.250.192.166','Goodsclass&nav_edit'),(69,3,'admin','编辑营销营销中心',1686065521,'140.250.192.166','Operation&setting'),(70,3,'admin','分销设置',1686065554,'140.250.192.166','Inviter&setting'),(71,3,'admin','编辑站点设置',1686065894,'140.250.192.166','Config&logo'),(72,3,'admin','添加文章分类[如何购买商品]',1686066424,'140.250.192.166','Articleclass&article_class_add'),(73,3,'admin','添加商品分类[笔记本/平板]',1686102783,'112.236.101.127','Goodsclass&goods_class_add'),(74,3,'admin','编辑商品分类[笔记本/平板]',1686102830,'112.236.101.127','Goodsclass&goods_class_edit'),(75,3,'admin','添加商品分类[笔记本]',1686102894,'112.236.101.127','Goodsclass&goods_class_add'),(76,3,'admin','添加商品分类[平板]',1686102957,'112.236.101.127','Goodsclass&goods_class_add'),(77,3,'admin','添加商品分类[笔记本]',1686102968,'112.236.101.127','Goodsclass&goods_class_add'),(78,3,'admin','添加商品分类[平板]',1686102978,'112.236.101.127','Goodsclass&goods_class_add'),(79,3,'admin','编辑分类导航，笔记本/平板',1686103103,'112.236.101.127','Goodsclass&nav_edit'),(80,3,'admin','添加商品，平台货号:147',1686103363,'112.236.101.127','Goodsadd&save_goods'),(81,3,'admin','编辑商品，平台货号：147',1686103405,'112.236.101.127','Goods&edit_save_goods'),(82,3,'admin','添加商品，平台货号:148',1686103811,'112.236.101.127','Goodsadd&save_goods'),(83,3,'admin','添加商品，平台货号:149',1686104030,'112.236.101.127','Goodsadd&save_goods'),(84,3,'admin','添加商品，平台货号:150',1686104200,'112.236.101.127','Goodsadd&save_goods'),(85,3,'admin','添加商品，平台货号:151',1686104402,'112.236.101.127','Goodsadd&save_goods'),(86,3,'admin','添加商品，平台货号:152',1686104593,'112.236.101.127','Goodsadd&save_goods'),(87,3,'admin','添加商品，平台货号:153',1686105315,'112.236.101.127','Goodsadd&save_goods'),(88,3,'admin','添加商品，平台货号:154',1686105552,'112.236.101.127','Goodsadd&save_goods'),(89,3,'admin','添加商品，平台货号:155',1686106053,'112.236.101.127','Goodsadd&save_goods'),(90,3,'admin','添加商品，平台货号:156',1686106213,'112.236.101.127','Goodsadd&save_goods'),(91,3,'admin','删除商品分类[ID:77]',1686106225,'182.46.218.107','Goodsclass&goods_class_del'),(92,3,'admin','删除商品分类[ID:284,285,287,288,295,298,324]',1686106245,'182.46.218.107','Goodsclass&goods_class_del'),(93,3,'admin','删除商品分类[ID:72,73,74,71,291,293,296,297,299]',1686106279,'182.46.218.107','Goodsclass&goods_class_del'),(94,3,'admin','删除商品分类[ID:48,49,321,338]',1686106304,'182.46.218.107','Goodsclass&goods_class_del'),(95,3,'admin','编辑商品，平台货号：156',1686281100,'112.236.101.127','Goods&edit_save_goods'),(96,3,'admin','编辑站点设置',1686367025,'182.46.218.107','Config&base'),(97,3,'admin','编辑站点设置',1686367228,'182.46.218.107','Config&base');
/*!40000 ALTER TABLE `ds_adminlog` ENABLE KEYS */;
UNLOCK TABLES;

--
-- Table structure for table `ds_adv`
--

DROP TABLE IF EXISTS `ds_adv`;
/*!40101 SET @saved_cs_client     = @@character_set_client */;
/*!40101 SET character_set_client = utf8 */;
CREATE TABLE `ds_adv` (
  `adv_id` mediumint(8) unsigned NOT NULL AUTO_INCREMENT COMMENT '广告自增ID',
  `ap_id` mediumint(8) unsigned NOT NULL COMMENT '广告位ID',
  `adv_title` varchar(255) NOT NULL COMMENT '广告内容描述',
  `adv_link` varchar(255) NOT NULL COMMENT '广告链接地址',
  `adv_code` varchar(1000) DEFAULT NULL COMMENT '广告图片地址',
  `adv_startdate` int(10) DEFAULT NULL COMMENT '广告开始时间',
  `adv_enddate` int(10) DEFAULT NULL COMMENT '广告结束时间',
  `adv_sort` tinyint(3) unsigned DEFAULT '255' COMMENT '广告图片排序',
  `adv_enabled` tinyint(1) unsigned DEFAULT '1' COMMENT '广告是否有效',
  `adv_clicknum` int(10) unsigned DEFAULT '0' COMMENT '广告点击次数',
  `adv_bgcolor` varchar(50) DEFAULT NULL COMMENT '广告背景颜色',
  PRIMARY KEY (`adv_id`),
  KEY `ap_id` (`ap_id`)
) ENGINE=InnoDB AUTO_INCREMENT=36 DEFAULT CHARSET=utf8 COMMENT='广告表';
/*!40101 SET character_set_client = @saved_cs_client */;

--
-- Dumping data for table `ds_adv`
--

LOCK TABLES `ds_adv` WRITE;
/*!40000 ALTER TABLE `ds_adv` DISABLE KEYS */;
INSERT INTO `ds_adv` VALUES (2,1,'首页轮播图2','','5a4341c011073.jpg',1199116800,1830268800,0,1,0,NULL),(3,2,'首页促销图-1','','5a4355443eaad.jpg',1199116800,1830268800,0,0,1,NULL),(4,2,'首页促销图-2','','5a43555f3590a.jpg',1199116800,1830268800,0,0,2,NULL),(5,2,'首页促销图-3','','5a43556e94bb6.jpg',1199116800,1830268800,0,0,2,NULL),(6,2,'首页促销图-4','','5a43557f91fb5.jpg',1199116800,1830268800,0,0,1,NULL),(7,2,'首页促销图-5','','5a43558d3d004.jpg',1199116800,1830268800,0,0,6,NULL),(8,2,'首页促销图-6','','5a4355999c09c.jpg',1199116800,1830268800,0,0,0,NULL),(9,2,'首页促销图-7','','5a4355a53c2d4.jpg',1199116800,1830268800,0,0,0,NULL),(10,2,'首页促销图-8','','5a4355b51b338.jpg',1199116800,1830268800,0,0,1,NULL),(11,3,'首页-楼层1底部广告','','5c07551df18ec.jpg',1514304000,1830268800,0,1,0,NULL),(12,4,'首页-楼层2底部广告','','5c07552da2194.jpg',1514304000,1830268800,0,1,1,NULL),(13,5,'首页-楼层3底部广告','','5c0755264e32d.jpg',1514304000,1830268800,0,1,0,NULL),(14,6,'首页-楼层4底部广告','','5c0755356c311.jpg',1514304000,1830268800,0,1,0,NULL),(15,7,'首页-楼层5底部广告','','5c07551683f36.jpg',1514304000,1830268800,0,1,0,NULL),(16,8,'首页-楼层1侧边广告','','5c07553eeca3a.jpg',1514304000,1830268800,0,1,1,NULL),(17,9,'首页-楼层2侧边广告','','5c07555395d8f.png',1514304000,1830268800,0,1,0,NULL),(18,10,'首页-楼层3侧边广告','','5c07553eeca3a.jpg',1514304000,1830268800,0,1,0,NULL),(19,11,'首页-楼层4侧边广告','','5c07555395d8f.png',1514304000,1830268800,0,1,0,NULL),(20,12,'首页-楼层5侧边广告','','5c07553eeca3a.jpg',1514304000,1830268800,0,1,0,NULL),(35,21,'首页-顶部广告图1','','5d5f86eb3119b.jpg',1566489600,1974816000,0,0,22,'#db001c');
/*!40000 ALTER TABLE `ds_adv` ENABLE KEYS */;
UNLOCK TABLES;

--
-- Table structure for table `ds_advposition`
--

DROP TABLE IF EXISTS `ds_advposition`;
/*!40101 SET @saved_cs_client     = @@character_set_client */;
/*!40101 SET character_set_client = utf8 */;
CREATE TABLE `ds_advposition` (
  `ap_id` mediumint(8) unsigned NOT NULL AUTO_INCREMENT COMMENT '广告位置自增ID',
  `ap_name` varchar(100) NOT NULL COMMENT '广告位名称',
  `ap_intro` varchar(255) NOT NULL DEFAULT '' COMMENT '广告位简介',
  `ap_isuse` smallint(1) unsigned NOT NULL DEFAULT '1' COMMENT '广告位是否启用：0不启用1启用',
  `ap_width` int(10) DEFAULT '0' COMMENT '广告位宽度',
  `ap_height` int(10) DEFAULT '0' COMMENT '广告位高度',
  PRIMARY KEY (`ap_id`)
) ENGINE=InnoDB AUTO_INCREMENT=22 DEFAULT CHARSET=utf8 COMMENT='广告位表';
/*!40101 SET character_set_client = @saved_cs_client */;

--
-- Dumping data for table `ds_advposition`
--

LOCK TABLES `ds_advposition` WRITE;
/*!40000 ALTER TABLE `ds_advposition` DISABLE KEYS */;
INSERT INTO `ds_advposition` VALUES (1,'首页-轮播图','',1,1920,400),(2,'首页-促销图','',1,240,164),(3,'首页-楼层1底部广告','',1,1200,125),(4,'首页-楼层2底部广告','',1,1200,125),(5,'首页-楼层3底部广告','',1,1200,125),(6,'首页-楼层4底部广告','',1,1200,125),(7,'首页-楼层5底部广告','',1,1200,125),(8,'首页-楼层1侧边广告','',1,210,210),(9,'首页-楼层2侧边广告','',1,210,210),(10,'首页-楼层3侧边广告','',1,210,210),(11,'首页-楼层4侧边广告','',1,210,210),(12,'首页-楼层5侧边广告','',1,210,210),(16,'闲置首页中部横栏广告','',1,1200,61),(17,'闲置首页中部短栏广告1','',1,290,100),(18,'闲置首页中部短栏广告2','',1,290,100),(19,'闲置首页中部短栏广告3','',1,290,100),(20,'闲置首页中部短栏广告4','',1,290,100),(21,'首页-顶部广告图','',1,1200,100);
/*!40000 ALTER TABLE `ds_advposition` ENABLE KEYS */;
UNLOCK TABLES;

--
-- Table structure for table `ds_albumclass`
--

DROP TABLE IF EXISTS `ds_albumclass`;
/*!40101 SET @saved_cs_client     = @@character_set_client */;
/*!40101 SET character_set_client = utf8 */;
CREATE TABLE `ds_albumclass` (
  `aclass_id` int(10) unsigned NOT NULL AUTO_INCREMENT COMMENT '相册自增ID',
  `aclass_name` varchar(100) NOT NULL COMMENT '相册名称',
  `aclass_des` varchar(255) NOT NULL COMMENT '相册描述',
  `aclass_sort` tinyint(3) unsigned NOT NULL DEFAULT '255' COMMENT '相册排序',
  `aclass_uploadtime` int(10) unsigned NOT NULL COMMENT '图片上传时间',
  `aclass_isdefault` tinyint(1) unsigned NOT NULL DEFAULT '0' COMMENT '是否为默认相册,1代表默认',
  PRIMARY KEY (`aclass_id`)
) ENGINE=InnoDB AUTO_INCREMENT=2 DEFAULT CHARSET=utf8 COMMENT='相册表';
/*!40101 SET character_set_client = @saved_cs_client */;

--
-- Dumping data for table `ds_albumclass`
--

LOCK TABLES `ds_albumclass` WRITE;
/*!40000 ALTER TABLE `ds_albumclass` DISABLE KEYS */;
INSERT INTO `ds_albumclass` VALUES (1,'默认相册','',255,1506020826,1);
/*!40000 ALTER TABLE `ds_albumclass` ENABLE KEYS */;
UNLOCK TABLES;

--
-- Table structure for table `ds_albumpic`
--

DROP TABLE IF EXISTS `ds_albumpic`;
/*!40101 SET @saved_cs_client     = @@character_set_client */;
/*!40101 SET character_set_client = utf8 */;
CREATE TABLE `ds_albumpic` (
  `apic_id` int(10) unsigned NOT NULL AUTO_INCREMENT COMMENT '相册图片自增ID',
  `apic_name` varchar(100) NOT NULL COMMENT '图片名称',
  `apic_tag` varchar(255) NOT NULL COMMENT '图片标签',
  `aclass_id` int(10) unsigned DEFAULT NULL COMMENT '相册ID',
  `apic_cover` varchar(255) NOT NULL COMMENT '图片路径',
  `apic_size` int(10) unsigned NOT NULL COMMENT '图片大小',
  `apic_spec` varchar(100) NOT NULL COMMENT '图片规格',
  `apic_uploadtime` int(10) unsigned NOT NULL COMMENT '图片上传时间',
  PRIMARY KEY (`apic_id`),
  KEY `aclass_id` (`aclass_id`)
) ENGINE=InnoDB AUTO_INCREMENT=435 DEFAULT CHARSET=utf8 COMMENT='相册图片表';
/*!40101 SET character_set_client = @saved_cs_client */;

--
-- Dumping data for table `ds_albumpic`
--

LOCK TABLES `ds_albumpic` WRITE;
/*!40000 ALTER TABLE `ds_albumpic` DISABLE KEYS */;
INSERT INTO `ds_albumpic` VALUES (1,'2017092120144795113.jpg','',0,'2017092120144795113.jpg',0,'800x800',1505996087),(2,'2017092120244885492.jpg','',0,'2017092120244885492.jpg',0,'800x800',1505996688),(3,'2017092120312320763.jpg','',0,'2017092120312320763.jpg',0,'800x800',1505997083),(4,'2017092120345719915.jpg','',0,'2017092120345719915.jpg',0,'800x800',1505997297),(5,'2017092120365848023.jpg','',0,'2017092120365848023.jpg',0,'800x800',1505997418),(6,'2017092120382376796.jpg','',0,'2017092120382376796.jpg',0,'800x800',1505997503),(7,'2017092120445748551.jpg','',0,'2017092120445748551.jpg',0,'800x800',1505997897),(8,'2017092120480147477.jpg','',0,'2017092120480147477.jpg',0,'800x800',1505998081),(9,'2017092120493430154.jpg','',0,'2017092120493430154.jpg',0,'800x800',1505998174),(10,'2017092120564717575.jpg','',0,'2017092120564717575.jpg',0,'800x800',1505998607),(11,'2017092121050988491.jpg','',0,'2017092121050988491.jpg',0,'800x800',1505999109),(12,'2017092121142556524.jpg','',0,'2017092121142556524.jpg',0,'800x800',1505999665),(13,'2017092121225164684.jpg','',0,'2017092121225164684.jpg',0,'800x800',1506000171),(14,'2017092121260662503.jpg','',0,'2017092121260662503.jpg',0,'800x800',1506000366),(15,'2017092121492327671.jpg','',0,'2017092121492327671.jpg',0,'800x800',1506001763),(16,'2017092121542617701.jpg','',0,'2017092121542617701.jpg',0,'800x800',1506002066),(17,'2017092121564484910.jpg','',0,'2017092121564484910.jpg',0,'800x800',1506002204),(18,'2017092122005521920.jpg','',0,'2017092122005521920.jpg',0,'800x800',1506002455),(19,'2017092122035543274.jpg','',0,'2017092122035543274.jpg',0,'800x800',1506002635),(20,'2017092123585272874.jpg','',0,'2017092123585272874.jpg',0,'800x800',1506009532),(21,'2017092200403659812.jpg','',0,'2017092200403659812.jpg',0,'800x800',1506012036),(22,'2017092201034951336.jpg','',0,'2017092201034951336.jpg',0,'800x800',1506013429),(23,'2017092201084565859.jpg','',0,'2017092201084565859.jpg',0,'800x800',1506013725),(24,'2017092201381015306.jpg','',0,'2017092201381015306.jpg',0,'220x220',1506015490),(25,'2017092201461861948.jpg','',0,'2017092201461861948.jpg',0,'800x800',1506015978),(26,'2017092201523177266.jpg','',0,'2017092201523177266.jpg',0,'800x800',1506016351),(27,'2017092202022516767.jpg','',0,'2017092202022516767.jpg',0,'800x800',1506016945),(28,'2017092202082283957.jpg','',0,'2017092202082283957.jpg',0,'800x800',1506017302),(29,'2017092202112937358.jpg','',0,'2017092202112937358.jpg',0,'800x800',1506017489),(30,'2017092202162519571.jpg','',0,'2017092202162519571.jpg',0,'800x800',1506017785),(31,'2017092202215519250.jpg','',0,'2017092202215519250.jpg',0,'800x800',1506018115),(32,'2017092202310929808.jpg','',0,'2017092202310929808.jpg',0,'800x800',1506018669),(33,'2017092202323192694.jpg','',0,'2017092202323192694.jpg',0,'800x800',1506018751),(34,'2017092202350299027.jpg','',0,'2017092202350299027.jpg',0,'800x800',1506018902),(35,'2017092202382291274.jpg','',0,'2017092202382291274.jpg',0,'800x800',1506019102),(36,'2017092202443553519.jpg','',0,'2017092202443553519.jpg',0,'800x800',1506019475),(37,'2017092202461115940.jpg','',0,'2017092202461115940.jpg',0,'800x800',1506019571),(38,'2017092202492958131.jpg','',0,'2017092202492958131.jpg',0,'800x800',1506019769),(39,'2017092202514891485.jpg','',0,'2017092202514891485.jpg',0,'800x800',1506019908),(40,'2017092202553367071.jpg','',0,'2017092202553367071.jpg',0,'800x800',1506020133),(41,'2017092202585843151.jpg','',0,'2017092202585843151.jpg',0,'800x800',1506020338),(42,'2017092203045216863.jpg','',0,'2017092203045216863.jpg',0,'800x800',1506020692),(43,'2017092203062937149.jpg','',0,'2017092203062937149.jpg',0,'800x800',1506020789),(44,'2017092203072292427.jpg','',1,'2017092203072292427.jpg',131950,'800x800',1506020842),(45,'2017092203072777906.jpg','',1,'2017092203072777906.jpg',120853,'800x800',1506020847),(46,'2017092203083967214.jpg','',1,'2017092203083967214.jpg',0,'800x800',1506020919),(47,'2017092203123417256.jpg','',1,'2017092203123417256.jpg',0,'800x800',1506021154),(48,'2017092203151752294.jpg','',1,'2017092203151752294.jpg',0,'800x800',1506021317),(49,'2017092203175020843.jpg','',1,'2017092203175020843.jpg',0,'800x800',1506021470),(50,'2017092203201884569.jpg','',1,'2017092203201884569.jpg',0,'800x800',1506021618),(51,'2017092203242754461.jpg','',1,'2017092203242754461.jpg',0,'800x800',1506021867),(52,'2017092203261873185.jpg','',1,'2017092203261873185.jpg',0,'800x800',1506021978),(53,'2017092203275599920.jpg','',1,'2017092203275599920.jpg',0,'800x800',1506022075),(54,'2017092203294765362.jpg','',1,'2017092203294765362.jpg',0,'800x800',1506022187),(55,'2017092203321969628.jpg','',1,'2017092203321969628.jpg',0,'800x800',1506022339),(56,'2017092203335981358.jpg','',1,'2017092203335981358.jpg',0,'800x800',1506022439),(57,'2017092203371485168.jpg','',1,'2017092203371485168.jpg',0,'800x800',1506022634),(58,'2017092821352360295.jpg','',1,'2017092821352360295.jpg',0,'430x430',1506605723),(59,'2017092821383373641.jpg','',1,'2017092821383373641.jpg',0,'430x430',1506605913),(60,'2017092821403589442.jpg','',1,'2017092821403589442.jpg',0,'379x400',1506606035),(61,'2017092821431519588.jpg','',1,'2017092821431519588.jpg',0,'400x400',1506606195),(62,'2017092821510935694.jpg','',1,'2017092821510935694.jpg',0,'430x430',1506606669),(63,'2017092821530372212.jpg','',1,'2017092821530372212.jpg',0,'430x430',1506606783),(64,'2017092821544898610.jpg','',1,'2017092821544898610.jpg',0,'430x430',1506606888),(65,'2017092821585013652.jpg','',1,'2017092821585013652.jpg',0,'400x380',1506607130),(66,'2017092822032535526.jpg','',1,'2017092822032535526.jpg',0,'430x430',1506607405),(67,'2017092822050083427.jpg','',1,'2017092822050083427.jpg',0,'430x430',1506607500),(68,'2017092822064182226.jpg','',1,'2017092822064182226.jpg',0,'430x430',1506607601),(69,'2017092823485490716.jpg','',1,'2017092823485490716.jpg',0,'430x430',1506613734),(70,'2017092823501155931.jpg','',1,'2017092823501155931.jpg',0,'400x400',1506613811),(71,'2017092823531033711.jpg','',1,'2017092823531033711.jpg',0,'430x430',1506613990),(72,'2017092900001256656.jpg','',1,'2017092900001256656.jpg',0,'430x430',1506614412),(73,'2017092900022214210.jpg','',1,'2017092900022214210.jpg',0,'430x430',1506614542),(74,'2017092900033832502.jpg','',1,'2017092900033832502.jpg',0,'430x430',1506614618),(75,'2017092900052977159.jpg','',1,'2017092900052977159.jpg',0,'430x430',1506614729),(76,'2017092900064438234.jpg','',1,'2017092900064438234.jpg',0,'430x430',1506614804),(77,'2017092900081355788.jpg','',1,'2017092900081355788.jpg',0,'430x430',1506614893),(78,'2017092900095941942.jpg','',1,'2017092900095941942.jpg',0,'430x430',1506614999),(79,'2017092900115721538.jpg','',1,'2017092900115721538.jpg',0,'430x430',1506615117),(80,'2017092900132832208.jpg','',1,'2017092900132832208.jpg',0,'400x400',1506615208),(81,'2017092900144267524.jpg','',1,'2017092900144267524.jpg',0,'430x430',1506615282),(82,'2017092900175249561.jpg','',1,'2017092900175249561.jpg',0,'400x400',1506615472),(83,'2017092900220838539.jpg','',1,'2017092900220838539.jpg',0,'800x800',1506615728),(84,'2017092900242419538.jpg','',1,'2017092900242419538.jpg',0,'800x800',1506615864),(85,'2017092900261952044.jpg','',1,'2017092900261952044.jpg',0,'430x430',1506615979),(86,'2017092900363278117.jpg','',1,'2017092900363278117.jpg',0,'400x400',1506616592),(87,'2017092900412680293.jpg','',1,'2017092900412680293.jpg',0,'400x400',1506616886),(88,'2017092900450210134.jpg','',1,'2017092900450210134.jpg',0,'800x800',1506617102),(89,'2017092900501117171.jpg','',1,'2017092900501117171.jpg',0,'430x430',1506617411),(90,'2017092900544928056.jpg','',1,'2017092900544928056.jpg',0,'430x430',1506617689),(91,'2017092901044975398.jpg','',1,'2017092901044975398.jpg',0,'430x430',1506618290),(92,'2017092901063965472.jpg','',1,'2017092901063965472.jpg',0,'430x430',1506618399),(93,'2017092901082884641.jpg','',1,'2017092901082884641.jpg',0,'430x430',1506618508),(94,'2017092901111615092.jpg','',1,'2017092901111615092.jpg',0,'400x400',1506618676),(95,'2017092901182073726.jpg','',1,'2017092901182073726.jpg',0,'400x400',1506619100),(96,'2017092901201262580.jpg','',1,'2017092901201262580.jpg',0,'430x430',1506619212),(97,'2017092901242476412.jpg','',1,'2017092901242476412.jpg',0,'430x430',1506619464),(98,'2017092901271966752.jpg','',1,'2017092901271966752.jpg',0,'400x400',1506619639),(99,'2017092901284880537.jpg','',1,'2017092901284880537.jpg',0,'430x430',1506619728),(100,'2017092901314252467.jpg','',1,'2017092901314252467.jpg',0,'430x430',1506619902),(101,'2017092901331891773.jpg','',1,'2017092901331891773.jpg',0,'430x430',1506619998),(102,'2017092901395681652.jpg','',1,'2017092901395681652.jpg',0,'430x430',1506620396),(103,'2017092901414663050.jpg','',1,'2017092901414663050.jpg',0,'400x400',1506620506),(104,'2017092901444780977.jpg','',1,'2017092901444780977.jpg',0,'430x430',1506620687),(105,'2017092901470136191.jpg','',1,'2017092901470136191.jpg',0,'1200x1200',1506620821),(106,'2017092901492561069.jpg','',1,'2017092901492561069.jpg',0,'430x430',1506620965),(107,'2017092901531025952.jpg','',1,'2017092901531025952.jpg',0,'430x430',1506621190),(108,'2017092901561798176.jpg','',1,'2017092901561798176.jpg',0,'400x400',1506621377),(109,'2017092901584247144.jpg','',1,'2017092901584247144.jpg',0,'430x430',1506621522),(110,'2017092902070476170.jpg','',1,'2017092902070476170.jpg',0,'430x430',1506622024),(111,'2017092902123493954.jpg','',1,'2017092902123493954.jpg',0,'430x430',1506622354),(112,'2017092902135876412.jpg','',1,'2017092902135876412.jpg',0,'400x400',1506622438),(113,'2017092902182426089.jpg','',1,'2017092902182426089.jpg',0,'430x430',1506622704),(114,'2017092902201298747.jpg','',1,'2017092902201298747.jpg',0,'430x430',1506622812),(115,'2017092902341762945.jpg','',1,'2017092902341762945.jpg',0,'430x430',1506623657),(116,'2017092902405679397.jpg','',1,'2017092902405679397.jpg',0,'430x430',1506624056),(117,'2017092902485560056.jpg','',1,'2017092902485560056.jpg',0,'430x430',1506624535),(118,'2023060615192918883.png','',1,'2023060615192918883.png',136864,'612x540',1686035969),(119,'2023060615193278948.png','',1,'2023060615193278948.png',55279,'604x529',1686035972),(120,'2023060615193555311.png','',1,'2023060615193555311.png',144067,'569x521',1686035975),(121,'2023060615193797248.png','',1,'2023060615193797248.png',200919,'572x547',1686035977),(122,'2023060615194450282.png','',1,'2023060615194450282.png',136864,'612x540',1686035984),(123,'2023060615212579987.png','',1,'2023060615212579987.png',16734,'953x179',1686036085),(124,'2023060615231011091.png','',1,'2023060615231011091.png',55279,'604x529',1686036190),(125,'2023060615231295922.png','',1,'2023060615231295922.png',144067,'569x521',1686036192),(126,'2023060615231596582.png','',1,'2023060615231596582.png',200919,'572x547',1686036195),(127,'2023060615232495450.png','',1,'2023060615232495450.png',55279,'604x529',1686036204),(128,'2023060615232683294.png','',1,'2023060615232683294.png',144067,'569x521',1686036206),(129,'2023060615232876213.png','',1,'2023060615232876213.png',200919,'572x547',1686036208),(130,'2023060615233032858.png','',1,'2023060615233032858.png',55279,'604x529',1686036210),(131,'2023060615233365136.png','',1,'2023060615233365136.png',144067,'569x521',1686036213),(132,'2023060615233524571.png','',1,'2023060615233524571.png',200919,'572x547',1686036215),(133,'2023060615250734230.png','',1,'2023060615250734230.png',16734,'953x179',1686036307),(134,'2023060615251537894.png','',1,'2023060615251537894.png',16734,'953x179',1686036315),(135,'2023060615253671237.png','',1,'2023060615253671237.png',16734,'953x179',1686036336),(136,'2023060615310056139.png','',1,'2023060615310056139.png',750629,'435x4225',1686036660),(137,'2023060615381852440.png','',1,'2023060615381852440.png',155949,'667x553',1686037098),(138,'2023060615382493028.png','',1,'2023060615382493028.png',115856,'536x535',1686037104),(139,'2023060615382779388.png','',1,'2023060615382779388.png',155949,'667x553',1686037107),(140,'2023060615383054753.png','',1,'2023060615383054753.png',17279,'952x191',1686037110),(141,'2023060615383974574.png','',1,'2023060615383974574.png',435244,'985x5950',1686037119),(142,'2023060615391345047.png','',1,'2023060615391345047.png',115856,'536x535',1686037153),(143,'2023060615391598942.png','',1,'2023060615391598942.png',143904,'565x551',1686037155),(144,'2023060615391758338.png','',1,'2023060615391758338.png',125839,'539x554',1686037157),(145,'2023060615392180816.png','',1,'2023060615392180816.png',115856,'536x535',1686037161),(146,'2023060615392314335.png','',1,'2023060615392314335.png',143904,'565x551',1686037163),(147,'2023060615392581956.png','',1,'2023060615392581956.png',125839,'539x554',1686037165),(148,'2023060615392837210.png','',1,'2023060615392837210.png',115856,'536x535',1686037168),(149,'2023060615393079619.png','',1,'2023060615393079619.png',143904,'565x551',1686037170),(150,'2023060615393341016.png','',1,'2023060615393341016.png',125839,'539x554',1686037173),(151,'2023060615431574141.png','',1,'2023060615431574141.png',160925,'653x555',1686037395),(152,'2023060615444828660.png','',1,'2023060615444828660.png',18790,'946x191',1686037488),(153,'2023060615445869746.png','',1,'2023060615445869746.png',750629,'435x4225',1686037498),(154,'2023060615451440690.png','',1,'2023060615451440690.png',435244,'985x5950',1686037514),(155,'2023060615471883481.png','',1,'2023060615471883481.png',811835,'460x3563',1686037638),(156,'2023060615474241900.png','',1,'2023060615474241900.png',123691,'563x516',1686037662),(157,'2023060615474441427.png','',1,'2023060615474441427.png',180963,'547x554',1686037664),(158,'2023060615474687778.png','',1,'2023060615474687778.png',217034,'554x550',1686037666),(159,'2023060615474983869.png','',1,'2023060615474983869.png',123691,'563x516',1686037669),(160,'2023060615475155098.png','',1,'2023060615475155098.png',180963,'547x554',1686037671),(161,'2023060615475345516.png','',1,'2023060615475345516.png',217034,'554x550',1686037673),(162,'2023060615475567008.png','',1,'2023060615475567008.png',123691,'563x516',1686037675),(163,'2023060615475720680.png','',1,'2023060615475720680.png',180963,'547x554',1686037677),(164,'2023060615475960265.png','',1,'2023060615475960265.png',217034,'554x550',1686037679),(165,'2023060615523247075.png','',1,'2023060615523247075.png',195950,'597x547',1686037952),(166,'2023060615523958537.png','',1,'2023060615523958537.png',17132,'966x199',1686037959),(167,'2023060615524644484.png','',1,'2023060615524644484.png',711361,'403x2976',1686037966),(168,'2023060615530720240.png','',1,'2023060615530720240.png',151272,'612x529',1686037987),(169,'2023060615530941093.png','',1,'2023060615530941093.png',208379,'554x551',1686037989),(170,'2023060615531150659.png','',1,'2023060615531150659.png',163171,'479x528',1686037991),(171,'2023060615531478899.png','',1,'2023060615531478899.png',151272,'612x529',1686037994),(172,'2023060615531624996.png','',1,'2023060615531624996.png',208379,'554x551',1686037996),(173,'2023060615531890934.png','',1,'2023060615531890934.png',163171,'479x528',1686037998),(174,'2023060615532128850.png','',1,'2023060615532128850.png',151272,'612x529',1686038001),(175,'2023060615532318284.png','',1,'2023060615532318284.png',208379,'554x551',1686038003),(176,'2023060615532580886.png','',1,'2023060615532580886.png',163171,'479x528',1686038005),(177,'2023060615581113919.png','',1,'2023060615581113919.png',165669,'533x523',1686038291),(178,'2023060615581877714.png','',1,'2023060615581877714.png',17737,'953x207',1686038298),(179,'2023060615582696383.png','',1,'2023060615582696383.png',679585,'466x3479',1686038306),(180,'2023060615584493935.png','',1,'2023060615584493935.png',10773,'526x544',1686038324),(181,'2023060615584615520.png','',1,'2023060615584615520.png',31320,'537x525',1686038326),(182,'2023060615584898567.png','',1,'2023060615584898567.png',39027,'557x523',1686038328),(183,'2023060615585055331.png','',1,'2023060615585055331.png',10773,'526x544',1686038330),(184,'2023060615585286144.png','',1,'2023060615585286144.png',31320,'537x525',1686038332),(185,'2023060615585439333.png','',1,'2023060615585439333.png',39027,'557x523',1686038334),(186,'2023060615585765715.png','',1,'2023060615585765715.png',10773,'526x544',1686038337),(187,'2023060615585916743.png','',1,'2023060615585916743.png',31320,'537x525',1686038339),(188,'2023060615590114657.png','',1,'2023060615590114657.png',39027,'557x523',1686038341),(189,'2023060616024995458.png','',1,'2023060616024995458.png',140402,'588x510',1686038569),(190,'2023060616025260428.png','',1,'2023060616025260428.png',18671,'977x198',1686038572),(191,'2023060616032624088.png','',1,'2023060616032624088.png',781599,'465x3493',1686038606),(192,'2023060616040877084.png','',1,'2023060616040877084.png',154465,'568x553',1686038648),(193,'2023060616041092068.png','',1,'2023060616041092068.png',118966,'582x558',1686038650),(194,'2023060616041225787.png','',1,'2023060616041225787.png',184813,'565x554',1686038652),(195,'2023060616041416074.png','',1,'2023060616041416074.png',184813,'565x554',1686038654),(196,'2023060616041723094.png','',1,'2023060616041723094.png',118966,'582x558',1686038657),(197,'2023060616041969964.png','',1,'2023060616041969964.png',154465,'568x553',1686038659),(198,'2023060616042116692.png','',1,'2023060616042116692.png',154465,'568x553',1686038661),(199,'2023060616042348045.png','',1,'2023060616042348045.png',118966,'582x558',1686038663),(200,'2023060616042584725.png','',1,'2023060616042584725.png',184813,'565x554',1686038665),(201,'2023060616042746563.png','',1,'2023060616042746563.png',154465,'568x553',1686038667),(202,'2023060616043070688.png','',1,'2023060616043070688.png',118966,'582x558',1686038670),(203,'2023060616043226225.png','',1,'2023060616043226225.png',184813,'565x554',1686038672),(204,'2023060616081399238.png','',1,'2023060616081399238.png',120576,'607x502',1686038893),(205,'2023060616083517201.png','',1,'2023060616083517201.png',19455,'943x202',1686038915),(206,'2023060616090692740.png','',1,'2023060616090692740.png',1038678,'519x3837',1686038946),(207,'2023060616092716110.png','',1,'2023060616092716110.png',85924,'496x516',1686038967),(208,'2023060616093071196.png','',1,'2023060616093071196.png',34995,'487x523',1686038970),(209,'2023060616093598788.png','',1,'2023060616093598788.png',44742,'603x434',1686038975),(210,'2023060621564155445.png','',1,'2023060621564155445.png',284793,'627x537',1686059801),(211,'2023060621564926413.png','',1,'2023060621564926413.png',17453,'963x195',1686059809),(212,'2023060621585371473.png','',1,'2023060621585371473.png',972201,'993x4562',1686059933),(213,'2023060621590886827.png','',1,'2023060621590886827.png',972201,'993x4562',1686059948),(214,'2023060622000273858.png','',1,'2023060622000273858.png',328982,'993x4562',1686060002),(215,'2023060622003347333.png','',1,'2023060622003347333.png',100077,'558x550',1686060033),(216,'2023060622003683368.png','',1,'2023060622003683368.png',107623,'486x509',1686060036),(217,'2023060622003846447.png','',1,'2023060622003846447.png',62427,'591x402',1686060038),(218,'2023060622004049149.png','',1,'2023060622004049149.png',100077,'558x550',1686060040),(219,'2023060622004358132.png','',1,'2023060622004358132.png',107623,'486x509',1686060043),(220,'2023060622004533824.png','',1,'2023060622004533824.png',62427,'591x402',1686060045),(221,'2023060622010749309.png','',1,'2023060622010749309.png',328982,'993x4562',1686060067),(222,'2023060622041473681.png','',1,'2023060622041473681.png',100276,'565x528',1686060254),(223,'2023060622041931876.png','',1,'2023060622041931876.png',17926,'933x196',1686060259),(224,'2023060622044425417.png','',1,'2023060622044425417.png',596303,'963x7287',1686060284),(225,'2023060622050470538.png','',1,'2023060622050470538.png',33751,'478x557',1686060304),(226,'2023060622050749112.png','',1,'2023060622050749112.png',47421,'586x363',1686060307),(227,'2023060622050974022.png','',1,'2023060622050974022.png',12659,'537x330',1686060309),(228,'2023060622051130859.png','',1,'2023060622051130859.png',33751,'478x557',1686060311),(229,'2023060622051349090.png','',1,'2023060622051349090.png',47421,'586x363',1686060313),(230,'2023060622051611641.png','',1,'2023060622051611641.png',12659,'537x330',1686060316),(231,'2023060622082521208.png','',1,'2023060622082521208.png',161243,'511x540',1686060505),(232,'2023060622083038345.png','',1,'2023060622083038345.png',18264,'973x197',1686060510),(233,'2023060622083730473.png','',1,'2023060622083730473.png',685641,'980x7699',1686060517),(234,'2023060622084876050.png','',1,'2023060622084876050.png',106103,'494x514',1686060528),(235,'2023060622085077475.png','',1,'2023060622085077475.png',72287,'450x491',1686060530),(236,'2023060622085329713.png','',1,'2023060622085329713.png',72287,'450x491',1686060533),(237,'2023060622085513401.png','',1,'2023060622085513401.png',43134,'618x413',1686060535),(238,'2023060622085744959.png','',1,'2023060622085744959.png',106103,'494x514',1686060537),(239,'2023060622090157565.png','',1,'2023060622090157565.png',43134,'618x413',1686060541),(240,'2023060622115126471.png','',1,'2023060622115126471.png',203226,'679x521',1686060711),(241,'2023060622120998764.png','',1,'2023060622120998764.png',17515,'953x201',1686060729),(242,'2023060622121856339.png','',1,'2023060622121856339.png',685641,'980x7699',1686060738),(243,'2023060622124983066.png','',1,'2023060622124983066.png',72062,'590x473',1686060769),(244,'2023060622125159509.png','',1,'2023060622125159509.png',67847,'523x541',1686060771),(245,'2023060622125360417.png','',1,'2023060622125360417.png',72062,'590x473',1686060773),(246,'2023060622125625125.png','',1,'2023060622125625125.png',36524,'504x489',1686060776),(247,'2023060622171448962.png','',1,'2023060622171448962.png',279245,'635x534',1686061034),(248,'2023060622171953588.png','',1,'2023060622171953588.png',16776,'949x201',1686061039),(249,'2023060622172558263.png','',1,'2023060622172558263.png',566454,'909x7073',1686061045),(250,'2023060622174546752.png','',1,'2023060622174546752.png',149115,'586x543',1686061065),(251,'2023060622174715203.png','',1,'2023060622174715203.png',161500,'565x543',1686061067),(252,'2023060622174920643.png','',1,'2023060622174920643.png',124299,'597x528',1686061069),(253,'2023060622175234840.png','',1,'2023060622175234840.png',161500,'565x543',1686061072),(254,'2023060622220337412.png','',1,'2023060622220337412.png',17049,'962x198',1686061323),(255,'2023060622220085771.png','',1,'2023060622220085771.png',157214,'613x488',1686061320),(256,'2023060622221063469.png','',1,'2023060622221063469.png',651329,'1006x8154',1686061330),(257,'2023060622222692813.png','',1,'2023060622222692813.png',105352,'570x561',1686061346),(258,'2023060622222953398.png','',1,'2023060622222953398.png',164817,'561x543',1686061349),(259,'2023060622223268678.png','',1,'2023060622223268678.png',164817,'561x543',1686061352),(260,'2023060622223488612.png','',1,'2023060622223488612.png',169503,'564x549',1686061354),(261,'2023060622223775132.png','',1,'2023060622223775132.png',105352,'570x561',1686061357),(262,'2023060622223993669.png','',1,'2023060622223993669.png',169503,'564x549',1686061359),(263,'2023060622264441112.png','',1,'2023060622264441112.png',158654,'568x555',1686061604),(264,'2023060622264921895.png','',1,'2023060622264921895.png',19564,'969x218',1686061609),(265,'2023060622270736997.png','',1,'2023060622270736997.png',900393,'1054x9451',1686061627),(266,'2023060622272134522.png','',1,'2023060622272134522.png',259200,'565x554',1686061641),(267,'2023060622272636446.png','',1,'2023060622272636446.png',186179,'571x550',1686061646),(268,'2023060622272881295.png','',1,'2023060622272881295.png',173184,'497x551',1686061648),(269,'2023060622273785953.png','',1,'2023060622273785953.png',173184,'497x551',1686061657),(270,'2023060622305969451.png','',1,'2023060622305969451.png',17192,'1001x206',1686061859),(271,'2023060622305676465.png','',1,'2023060622305676465.png',196678,'499x536',1686061856),(272,'2023060622310629289.png','',1,'2023060622310629289.png',529838,'1008x6265',1686061866),(273,'2023060622312130225.png','',1,'2023060622312130225.png',54553,'480x541',1686061881),(274,'2023060622311947757.png','',1,'2023060622311947757.png',118194,'422x548',1686061879),(275,'2023060622312343277.png','',1,'2023060622312343277.png',148983,'485x552',1686061883),(276,'2023060622361028398.png','',1,'2023060622361028398.png',143429,'636x552',1686062170),(277,'2023060622361415995.png','',1,'2023060622361415995.png',19922,'985x224',1686062174),(278,'2023060622362015571.png','',1,'2023060622362015571.png',795717,'1054x9218',1686062180),(279,'2023060622363241489.png','',1,'2023060622363241489.png',178232,'614x566',1686062192),(280,'2023060622363549993.png','',1,'2023060622363549993.png',255246,'648x547',1686062195),(281,'2023060622363718924.png','',1,'2023060622363718924.png',169129,'602x535',1686062197),(282,'2023060622363948549.png','',1,'2023060622363948549.png',169129,'602x535',1686062199),(283,'2023060622364233713.png','',1,'2023060622364233713.png',255246,'648x547',1686062202),(284,'2023060622410893742.png','',1,'2023060622410893742.png',20744,'992x218',1686062468),(285,'2023060622410679398.png','',1,'2023060622410679398.png',143395,'597x527',1686062466),(286,'2023060622411433289.png','',1,'2023060622411433289.png',724507,'1031x9406',1686062474),(287,'2023060622412671223.png','',1,'2023060622412671223.png',193405,'575x562',1686062486),(288,'2023060622413068295.png','',1,'2023060622413068295.png',141243,'492x555',1686062490),(289,'2023060622413210254.png','',1,'2023060622413210254.png',402373,'577x557',1686062492),(290,'2023060622413475020.png','',1,'2023060622413475020.png',141243,'492x555',1686062494),(291,'2023060622445963518.png','',1,'2023060622445963518.png',109348,'566x523',1686062699),(292,'2023060622450361879.png','',1,'2023060622450361879.png',20028,'995x180',1686062703),(293,'2023060622451053627.png','',1,'2023060622451053627.png',545248,'984x6252',1686062710),(294,'2023060622452395861.png','',1,'2023060622452395861.png',101705,'585x544',1686062723),(295,'2023060622452578717.png','',1,'2023060622452578717.png',230101,'589x550',1686062725),(296,'2023060622452779948.png','',1,'2023060622452779948.png',160364,'555x556',1686062727),(297,'2023060622453090862.png','',1,'2023060622453090862.png',101705,'585x544',1686062730),(298,'2023060622453250892.png','',1,'2023060622453250892.png',230101,'589x550',1686062732),(299,'2023060622481473822.png','',1,'2023060622481473822.png',142546,'615x524',1686062894),(300,'2023060622481745643.png','',1,'2023060622481745643.png',19476,'1002x222',1686062897),(301,'2023060622482354463.png','',1,'2023060622482354463.png',562592,'1042x6912',1686062903),(302,'2023060622483568498.png','',1,'2023060622483568498.png',158965,'608x570',1686062915),(303,'2023060622483714768.png','',1,'2023060622483714768.png',215873,'558x550',1686062917),(304,'2023060622484025378.png','',1,'2023060622484025378.png',257698,'609x551',1686062920),(305,'2023060622484211145.png','',1,'2023060622484211145.png',158965,'608x570',1686062922),(306,'2023060622484446734.png','',1,'2023060622484446734.png',215873,'558x550',1686062924),(307,'2023060622484736532.png','',1,'2023060622484736532.png',257698,'609x551',1686062927),(308,'2023060622512637232.png','',1,'2023060622512637232.png',16134,'996x194',1686063086),(309,'2023060622512233793.png','',1,'2023060622512233793.png',175396,'606x506',1686063082),(310,'2023060622513935848.png','',1,'2023060622513935848.png',562592,'1042x6912',1686063099),(311,'2023060622523331568.png','',1,'2023060622523331568.png',580626,'1037x7685',1686063153),(312,'2023060622524449764.png','',1,'2023060622524449764.png',327277,'555x542',1686063164),(313,'2023060622524687886.png','',1,'2023060622524687886.png',189162,'548x534',1686063166),(314,'2023060622524993230.png','',1,'2023060622524993230.png',211236,'539x540',1686063169),(315,'2023060622525151007.png','',1,'2023060622525151007.png',189162,'548x534',1686063171),(316,'2023060622525382733.png','',1,'2023060622525382733.png',211236,'539x540',1686063173),(317,'2023060622565212841.png','',1,'2023060622565212841.png',182325,'599x549',1686063412),(318,'2023060622565882160.png','',1,'2023060622565882160.png',17493,'984x202',1686063418),(319,'2023060622570447216.png','',1,'2023060622570447216.png',825022,'1039x8481',1686063424),(320,'2023060622573156435.png','',1,'2023060622573156435.png',176997,'619x531',1686063451),(321,'2023060622573390585.png','',1,'2023060622573390585.png',241158,'583x549',1686063453),(322,'2023060622573575277.png','',1,'2023060622573575277.png',238784,'613x540',1686063455),(323,'2023060622573820654.png','',1,'2023060622573820654.png',176997,'619x531',1686063458),(324,'2023060623004440268.png','',1,'2023060623004440268.png',208612,'581x550',1686063644),(325,'2023060623004767795.png','',1,'2023060623004767795.png',17677,'972x202',1686063647),(326,'2023060623005362592.png','',1,'2023060623005362592.png',1040611,'974x9383',1686063653),(327,'2023060623010479794.png','',1,'2023060623010479794.png',93554,'556x536',1686063664),(328,'2023060623010883637.png','',1,'2023060623010883637.png',340527,'590x565',1686063668),(329,'2023060623010780646.png','',1,'2023060623010780646.png',517802,'572x568',1686063667),(330,'2023060623040869798.png','',1,'2023060623040869798.png',139849,'609x520',1686063848),(331,'2023060623041193381.png','',1,'2023060623041193381.png',17432,'967x197',1686063851),(332,'2023060623041593265.png','',1,'2023060623041593265.png',859813,'1002x9267',1686063855),(333,'2023060623043069870.png','',1,'2023060623043069870.png',131155,'583x545',1686063870),(334,'2023060623043274590.png','',1,'2023060623043274590.png',70921,'656x516',1686063872),(335,'2023060623043475956.png','',1,'2023060623043475956.png',331322,'545x560',1686063874),(336,'2023060623072531144.png','',1,'2023060623072531144.png',139093,'553x545',1686064045),(337,'2023060623072817413.png','',1,'2023060623072817413.png',17387,'996x197',1686064048),(338,'2023060623073384545.png','',1,'2023060623073384545.png',726572,'995x9291',1686064053),(339,'2023060623074571558.png','',1,'2023060623074571558.png',68918,'549x545',1686064065),(340,'2023060623074850543.png','',1,'2023060623074850543.png',86344,'545x554',1686064068),(341,'2023060623075097398.png','',1,'2023060623075097398.png',104563,'558x514',1686064070),(342,'2023060623145921844.png','',1,'2023060623145921844.png',149236,'578x513',1686064499),(343,'2023060623150261145.png','',1,'2023060623150261145.png',10702,'970x145',1686064502),(344,'2023060623150727572.png','',1,'2023060623150727572.png',565363,'976x6642',1686064507),(345,'2023060623151951872.png','',1,'2023060623151951872.png',106286,'549x525',1686064519),(346,'2023060623152157104.png','',1,'2023060623152157104.png',171669,'586x554',1686064521),(347,'2023060623152429664.png','',1,'2023060623152429664.png',81272,'585x513',1686064524),(348,'2023060623152633257.png','',1,'2023060623152633257.png',171669,'586x554',1686064526),(349,'2023060623190228449.png','',1,'2023060623190228449.png',218542,'571x560',1686064742),(350,'2023060623190695822.png','',1,'2023060623190695822.png',25776,'996x202',1686064746),(351,'2023060623191447839.png','',1,'2023060623191447839.png',1002543,'901x1421',1686064754),(352,'2023060623193198068.png','',1,'2023060623193198068.png',226167,'591x559',1686064771),(353,'2023060623193335678.png','',1,'2023060623193335678.png',297152,'565x556',1686064773),(354,'2023060623193549852.png','',1,'2023060623193549852.png',269627,'573x553',1686064775),(355,'2023060623215972533.png','',1,'2023060623215972533.png',137129,'562x559',1686064919),(356,'2023060623220325222.png','',1,'2023060623220325222.png',17194,'990x160',1686064923),(357,'2023060623220827782.png','',1,'2023060623220827782.png',419608,'983x4908',1686064928),(358,'2023060623222384964.png','',1,'2023060623222384964.png',117535,'564x543',1686064943),(359,'2023060623222547983.png','',1,'2023060623222547983.png',108212,'653x540',1686064945),(360,'2023060623222861322.png','',1,'2023060623222861322.png',100669,'670x527',1686064948),(361,'2023060623254485753.png','',1,'2023060623254485753.png',367812,'601x562',1686065144),(362,'2023060623254943288.png','',1,'2023060623254943288.png',22890,'983x190',1686065149),(363,'2023060623255518298.png','',1,'2023060623255518298.png',121854,'811x761',1686065155),(364,'2023060623261024452.png','',1,'2023060623261024452.png',293031,'572x555',1686065170),(365,'2023060623261234854.png','',1,'2023060623261234854.png',252685,'586x558',1686065172),(366,'2023060623261425493.png','',1,'2023060623261425493.png',225314,'595x566',1686065174),(367,'2023060623261619363.png','',1,'2023060623261619363.png',225314,'595x566',1686065176),(368,'2023060710003642811.png','',1,'2023060710003642811.png',124502,'626x473',1686103236),(369,'2023060710004936392.png','',1,'2023060710004936392.png',18469,'986x161',1686103249),(370,'2023060710005777569.png','',1,'2023060710005777569.png',920150,'1920x2242',1686103257),(371,'2023060710005755739.png','',1,'2023060710005755739.png',831681,'1920x3016',1686103257),(372,'2023060710021684469.png','',1,'2023060710021684469.png',760403,'1920x3226',1686103336),(373,'2023060710022950970.png','',1,'2023060710022950970.png',760403,'1920x3226',1686103349),(374,'2023060710023176445.png','',1,'2023060710023176445.png',831681,'1920x3016',1686103351),(375,'2023060710023317172.png','',1,'2023060710023317172.png',920150,'1920x2242',1686103353),(376,'2023060710024521648.png','',1,'2023060710024521648.png',187129,'589x553',1686103365),(377,'2023060710024873463.png','',1,'2023060710024873463.png',182124,'566x569',1686103368),(378,'2023060710031288496.png','',1,'2023060710031288496.png',760403,'1920x3226',1686103392),(379,'2023060710031852387.png','',1,'2023060710031852387.png',831681,'1920x3016',1686103398),(380,'2023060710032299513.png','',1,'2023060710032299513.png',920150,'1920x2242',1686103402),(381,'2023060710075790018.png','',1,'2023060710075790018.png',153703,'544x537',1686103677),(382,'2023060710080875895.png','',1,'2023060710080875895.png',23672,'985x215',1686103688),(383,'2023060710081411268.png','',1,'2023060710081411268.png',504024,'1077x5239',1686103694),(384,'2023060710101511336.png','',1,'2023060710101511336.png',355335,'562x555',1686103815),(385,'2023060710101379729.png','',1,'2023060710101379729.png',134365,'568x551',1686103813),(386,'2023060710101769116.png','',1,'2023060710101769116.png',318568,'605x552',1686103817),(387,'2023060710132985229.png','',1,'2023060710132985229.png',201009,'607x526',1686104009),(388,'2023060710133586880.png','',1,'2023060710133586880.png',13864,'995x169',1686104015),(389,'2023060710134043383.png','',1,'2023060710134043383.png',592351,'1042x5636',1686104020),(390,'2023060710135270451.png','',1,'2023060710135270451.png',294979,'646x514',1686104032),(391,'2023060710135412204.png','',1,'2023060710135412204.png',128298,'595x437',1686104034),(392,'2023060710135625999.png','',1,'2023060710135625999.png',110536,'595x554',1686104036),(393,'2023060710162443344.png','',1,'2023060710162443344.png',161530,'677x525',1686104184),(394,'2023060710162736846.png','',1,'2023060710162736846.png',20576,'997x185',1686104187),(395,'2023060710163129763.png','',1,'2023060710163129763.png',642706,'1020x6598',1686104191),(396,'2023060710164319945.png','',1,'2023060710164319945.png',300099,'616x568',1686104203),(397,'2023060710164722046.png','',1,'2023060710164722046.png',214102,'569x560',1686104207),(398,'2023060710164599011.png','',1,'2023060710164599011.png',34022,'523x534',1686104205),(399,'2023060710194542442.png','',1,'2023060710194542442.png',161306,'527x532',1686104385),(400,'2023060710194842177.png','',1,'2023060710194842177.png',22552,'980x204',1686104388),(401,'2023060710195280170.png','',1,'2023060710195280170.png',949135,'1027x8039',1686104392),(402,'2023060710200465064.png','',1,'2023060710200465064.png',133705,'561x542',1686104404),(403,'2023060710200652234.png','',1,'2023060710200652234.png',152735,'542x545',1686104406),(404,'2023060710200883177.png','',1,'2023060710200883177.png',152224,'544x539',1686104408),(405,'2023060710225910256.png','',1,'2023060710225910256.png',177864,'540x542',1686104579),(406,'2023060710230128270.png','',1,'2023060710230128270.png',16023,'998x176',1686104581),(407,'2023060710230575867.png','',1,'2023060710230575867.png',818534,'1034x7434',1686104585),(408,'2023060710231572155.png','',1,'2023060710231572155.png',318501,'545x545',1686104595),(409,'2023060710231765412.png','',1,'2023060710231765412.png',232814,'539x546',1686104597),(410,'2023060710231980454.png','',1,'2023060710231980454.png',313604,'540x552',1686104599),(411,'2023060710350445127.png','',1,'2023060710350445127.png',26498,'976x198',1686105304),(412,'2023060710350154843.png','',1,'2023060710350154843.png',424610,'544x539',1686105301),(413,'2023060710350843589.png','',1,'2023060710350843589.png',832184,'1012x6940',1686105308),(414,'2023060710351898271.png','',1,'2023060710351898271.png',446575,'539x538',1686105318),(415,'2023060710351920475.png','',1,'2023060710351920475.png',316257,'539x540',1686105319),(416,'2023060710352158075.png','',1,'2023060710352158075.png',369590,'527x529',1686105321),(417,'2023060710385795033.png','',1,'2023060710385795033.png',216851,'542x545',1686105537),(418,'2023060710390035365.png','',1,'2023060710390035365.png',25174,'963x216',1686105540),(419,'2023060710390447588.png','',1,'2023060710390447588.png',728368,'950x7922',1686105544),(420,'2023060710391431135.png','',1,'2023060710391431135.png',224901,'615x564',1686105554),(421,'2023060710391692283.png','',1,'2023060710391692283.png',195097,'575x546',1686105556),(422,'2023060710391763643.png','',1,'2023060710391763643.png',184904,'557x554',1686105557),(423,'2023060710471463436.png','',1,'2023060710471463436.png',165423,'574x553',1686106034),(424,'2023060710471884711.png','',1,'2023060710471884711.png',26038,'1020x209',1686106038),(425,'2023060710472492673.png','',1,'2023060710472492673.png',830883,'1018x9150',1686106044),(426,'2023060710473633728.png','',1,'2023060710473633728.png',153091,'561x549',1686106056),(427,'2023060710473850075.png','',1,'2023060710473850075.png',215255,'587x541',1686106058),(428,'2023060710473980854.png','',1,'2023060710473980854.png',126601,'620x547',1686106059),(429,'2023060710493241439.png','',1,'2023060710493241439.png',89308,'507x520',1686106172),(430,'2023060710493553161.png','',1,'2023060710493553161.png',26182,'1017x213',1686106175),(431,'2023060710500628310.png','',1,'2023060710500628310.png',464397,'994x5671',1686106206),(432,'2023060710501726301.png','',1,'2023060710501726301.png',190607,'582x491',1686106217),(433,'2023060710501586558.png','',1,'2023060710501586558.png',352966,'540x519',1686106215),(434,'2023060710501933480.png','',1,'2023060710501933480.png',385175,'537x539',1686106219);
/*!40000 ALTER TABLE `ds_albumpic` ENABLE KEYS */;
UNLOCK TABLES;

--
-- Table structure for table `ds_appadv`
--

DROP TABLE IF EXISTS `ds_appadv`;
/*!40101 SET @saved_cs_client     = @@character_set_client */;
/*!40101 SET character_set_client = utf8 */;
CREATE TABLE `ds_appadv` (
  `adv_id` mediumint(8) unsigned NOT NULL AUTO_INCREMENT COMMENT 'APP广告自增ID',
  `ap_id` mediumint(8) unsigned NOT NULL COMMENT 'APP广告位ID',
  `adv_title` varchar(255) NOT NULL COMMENT 'APP广告内容描述',
  `adv_type` varchar(255) DEFAULT NULL COMMENT 'APP广告类型,goods,article',
  `adv_typedate` varchar(255) DEFAULT NULL COMMENT 'APP广告类型对应的值,判断具体跳转内容',
  `adv_code` varchar(1000) DEFAULT NULL COMMENT 'APP广告图片地址',
  `adv_startdate` int(10) DEFAULT NULL COMMENT 'APP广告开始时间',
  `adv_enddate` int(10) DEFAULT NULL COMMENT 'APP广告结束时间',
  `adv_sort` tinyint(3) unsigned DEFAULT '255' COMMENT 'APP广告图片排序',
  `adv_enabled` tinyint(1) unsigned DEFAULT '1' COMMENT 'APP广告是否有效',
  PRIMARY KEY (`adv_id`),
  KEY `ap_id` (`ap_id`)
) ENGINE=InnoDB AUTO_INCREMENT=10 DEFAULT CHARSET=utf8 COMMENT='APP广告表';
/*!40101 SET character_set_client = @saved_cs_client */;

--
-- Dumping data for table `ds_appadv`
--

LOCK TABLES `ds_appadv` WRITE;
/*!40000 ALTER TABLE `ds_appadv` DISABLE KEYS */;
INSERT INTO `ds_appadv` VALUES (1,1,'首页轮播图',NULL,NULL,'5a460095839c8.jpg',1514476800,1902412800,255,1),(2,1,'首页轮播图',NULL,NULL,'5a4600a260e0f.jpg',1514476800,1902412800,255,1),(3,1,'首页轮播图',NULL,NULL,'5a4600c518da8.jpg',1514476800,1902412800,255,1),(4,2,'首页促销左(320X260)',NULL,NULL,'5a44c828b411b.jpg',1514476800,1902412800,255,1),(5,2,'首页促销右上(320X130)',NULL,NULL,'5a44c84ace6ca.jpg',1514476800,1902412800,255,1),(6,2,'首页促销右下(320X130)',NULL,NULL,'5a44c85ca3b46.jpg',1514476800,1902412800,255,1),(7,4,'首页横图广告1','store','1','5cb590f2ae5c6.gif',1555344000,1902412800,1,1),(8,4,'首页横图广告2','store','1','5cb5980bbac26.jpg',1555344000,1902412800,2,1),(9,4,'首页横图广告3','store','1','5cb59d7e78073.gif',1555344000,1902412800,255,1);
/*!40000 ALTER TABLE `ds_appadv` ENABLE KEYS */;
UNLOCK TABLES;

--
-- Table structure for table `ds_appadvposition`
--

DROP TABLE IF EXISTS `ds_appadvposition`;
/*!40101 SET @saved_cs_client     = @@character_set_client */;
/*!40101 SET character_set_client = utf8 */;
CREATE TABLE `ds_appadvposition` (
  `ap_id` mediumint(8) unsigned NOT NULL AUTO_INCREMENT COMMENT 'APP广告位自增ID',
  `ap_name` varchar(100) NOT NULL COMMENT 'APP广告位名称',
  `ap_intro` varchar(255) NOT NULL DEFAULT '' COMMENT 'APP广告位简介',
  `ap_isuse` smallint(1) unsigned NOT NULL DEFAULT '1' COMMENT 'APP广告位是否启用：0不启用1启用',
  `ap_width` int(10) DEFAULT '0' COMMENT 'APP广告位宽度',
  `ap_height` int(10) DEFAULT '0' COMMENT 'APP广告位高度',
  PRIMARY KEY (`ap_id`)
) ENGINE=InnoDB AUTO_INCREMENT=5 DEFAULT CHARSET=utf8 COMMENT='APP广告位表';
/*!40101 SET character_set_client = @saved_cs_client */;

--
-- Dumping data for table `ds_appadvposition`
--

LOCK TABLES `ds_appadvposition` WRITE;
/*!40000 ALTER TABLE `ds_appadvposition` DISABLE KEYS */;
INSERT INTO `ds_appadvposition` VALUES (1,'首页轮播图','首页轮播图',1,720,350),(2,'首页促销','首页促销',1,375,160),(3,'首页导航图','',1,60,60),(4,'首页横图广告','',1,375,115);
/*!40000 ALTER TABLE `ds_appadvposition` ENABLE KEYS */;
UNLOCK TABLES;

--
-- Table structure for table `ds_area`
--

DROP TABLE IF EXISTS `ds_area`;
/*!40101 SET @saved_cs_client     = @@character_set_client */;
/*!40101 SET character_set_client = utf8 */;
CREATE TABLE `ds_area` (
  `area_id` int(11) unsigned NOT NULL AUTO_INCREMENT COMMENT '地区自增ID',
  `area_name` varchar(50) NOT NULL COMMENT '地区名称',
  `area_parent_id` int(11) unsigned NOT NULL DEFAULT '0' COMMENT '地区上级ID',
  `area_sort` tinyint(3) unsigned NOT NULL DEFAULT '255' COMMENT '地区排序',
  `area_deep` tinyint(1) unsigned NOT NULL DEFAULT '1' COMMENT '地区深度',
  `area_region` varchar(3) DEFAULT NULL COMMENT '大区名称',
  PRIMARY KEY (`area_id`),
  KEY `area_parent_id` (`area_parent_id`)
) ENGINE=InnoDB AUTO_INCREMENT=45056 DEFAULT CHARSET=utf8 COMMENT='地区表';
/*!40101 SET character_set_client = @saved_cs_client */;

--
-- Dumping data for table `ds_area`
--

LOCK TABLES `ds_area` WRITE;
/*!40000 ALTER TABLE `ds_area` DISABLE KEYS */;
INSERT INTO `ds_area` VALUES (1,'北京',0,0,1,'华北'),(2,'天津',0,0,1,'华北'),(3,'河北',0,0,1,'华北'),(4,'山西',0,0,1,'华北'),(5,'内蒙古',0,0,1,'华北'),(6,'辽宁',0,0,1,'东北'),(7,'吉林',0,0,1,'东北'),(8,'黑龙江',0,0,1,'东北'),(9,'上海',0,0,1,'华东'),(10,'江苏',0,0,1,'华东'),(11,'浙江',0,0,1,'华东'),(12,'安徽',0,0,1,'华东'),(13,'福建',0,0,1,'华南'),(14,'江西',0,0,1,'华东'),(15,'山东',0,0,1,'华东'),(16,'河南',0,0,1,'华中'),(17,'湖北',0,0,1,'华中'),(18,'湖南',0,0,1,'华中'),(19,'广东',0,0,1,'华南'),(20,'广西',0,0,1,'华南'),(21,'海南',0,0,1,'华南'),(22,'重庆',0,0,1,'西南'),(23,'四川',0,0,1,'西南'),(24,'贵州',0,0,1,'西南'),(25,'云南',0,0,1,'西南'),(26,'西藏',0,0,1,'西南'),(27,'陕西',0,0,1,'西北'),(28,'甘肃',0,0,1,'西北'),(29,'青海',0,0,1,'西北'),(30,'宁夏',0,0,1,'西北'),(31,'新疆',0,0,1,'西北'),(32,'台湾',0,0,1,'港澳台'),(33,'香港',0,0,1,'港澳台'),(34,'澳门',0,0,1,'港澳台'),(35,'海外',0,0,1,'海外'),(36,'北京市',1,0,2,''),(37,'东城区',36,0,3,NULL),(38,'西城区',36,0,3,NULL),(39,'上海市',9,0,2,NULL),(40,'天津市',2,0,2,NULL),(41,'朝阳区',36,0,3,NULL),(42,'丰台区',36,0,3,NULL),(43,'石景山区',36,0,3,NULL),(44,'海淀区',36,0,3,NULL),(45,'门头沟区',36,0,3,NULL),(46,'房山区',36,0,3,NULL),(47,'通州区',36,0,3,NULL),(48,'顺义区',36,0,3,NULL),(49,'昌平区',36,0,3,NULL),(50,'大兴区',36,0,3,NULL),(51,'怀柔区',36,0,3,NULL),(52,'平谷区',36,0,3,NULL),(53,'密云县',36,0,3,NULL),(54,'延庆县',36,0,3,NULL),(55,'和平区',40,0,3,NULL),(56,'河东区',40,0,3,NULL),(57,'河西区',40,0,3,NULL),(58,'南开区',40,0,3,NULL),(59,'河北区',40,0,3,NULL),(60,'红桥区',40,0,3,NULL),(61,'塘沽区',40,0,3,NULL),(62,'重庆市',22,0,2,NULL),(64,'东丽区',40,0,3,NULL),(65,'西青区',40,0,3,NULL),(66,'津南区',40,0,3,NULL),(67,'北辰区',40,0,3,NULL),(68,'武清区',40,0,3,NULL),(69,'宝坻区',40,0,3,NULL),(70,'宁河县',40,0,3,NULL),(71,'静海县',40,0,3,NULL),(72,'蓟县',40,0,3,NULL),(73,'石家庄市',3,0,2,NULL),(74,'唐山市',3,0,2,NULL),(75,'秦皇岛市',3,0,2,NULL),(76,'邯郸市',3,0,2,NULL),(77,'邢台市',3,0,2,NULL),(78,'保定市',3,0,2,NULL),(79,'张家口市',3,0,2,NULL),(80,'承德市',3,0,2,NULL),(81,'衡水市',3,0,2,NULL),(82,'廊坊市',3,0,2,NULL),(83,'沧州市',3,0,2,NULL),(84,'太原市',4,0,2,NULL),(85,'大同市',4,0,2,NULL),(86,'阳泉市',4,0,2,NULL),(87,'长治市',4,0,2,NULL),(88,'晋城市',4,0,2,NULL),(89,'朔州市',4,0,2,NULL),(90,'晋中市',4,0,2,NULL),(91,'运城市',4,0,2,NULL),(92,'忻州市',4,0,2,NULL),(93,'临汾市',4,0,2,NULL),(94,'吕梁市',4,0,2,NULL),(95,'呼和浩特市',5,0,2,NULL),(96,'包头市',5,0,2,NULL),(97,'乌海市',5,0,2,NULL),(98,'赤峰市',5,0,2,NULL),(99,'通辽市',5,0,2,NULL),(100,'鄂尔多斯市',5,0,2,NULL),(101,'呼伦贝尔市',5,0,2,NULL),(102,'巴彦淖尔市',5,0,2,NULL),(103,'乌兰察布市',5,0,2,NULL),(104,'兴安盟',5,0,2,NULL),(105,'锡林郭勒盟',5,0,2,NULL),(106,'阿拉善盟',5,0,2,NULL),(107,'沈阳市',6,0,2,NULL),(108,'大连市',6,0,2,NULL),(109,'鞍山市',6,0,2,NULL),(110,'抚顺市',6,0,2,NULL),(111,'本溪市',6,0,2,NULL),(112,'丹东市',6,0,2,NULL),(113,'锦州市',6,0,2,NULL),(114,'营口市',6,0,2,NULL),(115,'阜新市',6,0,2,NULL),(116,'辽阳市',6,0,2,NULL),(117,'盘锦市',6,0,2,NULL),(118,'铁岭市',6,0,2,NULL),(119,'朝阳市',6,0,2,NULL),(120,'葫芦岛市',6,0,2,NULL),(121,'长春市',7,0,2,NULL),(122,'吉林市',7,0,2,NULL),(123,'四平市',7,0,2,NULL),(124,'辽源市',7,0,2,NULL),(125,'通化市',7,0,2,NULL),(126,'白山市',7,0,2,NULL),(127,'松原市',7,0,2,NULL),(128,'白城市',7,0,2,NULL),(129,'延边朝鲜族自治州',7,0,2,NULL),(130,'哈尔滨市',8,0,2,NULL),(131,'齐齐哈尔市',8,0,2,NULL),(132,'鸡西市',8,0,2,NULL),(133,'鹤岗市',8,0,2,NULL),(134,'双鸭山市',8,0,2,NULL),(135,'大庆市',8,0,2,NULL),(136,'伊春市',8,0,2,NULL),(137,'佳木斯市',8,0,2,NULL),(138,'七台河市',8,0,2,NULL),(139,'牡丹江市',8,0,2,NULL),(140,'黑河市',8,0,2,NULL),(141,'绥化市',8,0,2,NULL),(142,'大兴安岭地区',8,0,2,NULL),(143,'黄浦区',39,0,3,NULL),(144,'卢湾区',39,0,3,NULL),(145,'徐汇区',39,0,3,NULL),(146,'长宁区',39,0,3,NULL),(147,'静安区',39,0,3,NULL),(148,'普陀区',39,0,3,NULL),(149,'闸北区',39,0,3,NULL),(150,'虹口区',39,0,3,NULL),(151,'杨浦区',39,0,3,NULL),(152,'闵行区',39,0,3,NULL),(153,'宝山区',39,0,3,NULL),(154,'嘉定区',39,0,3,NULL),(155,'浦东新区',39,0,3,NULL),(156,'金山区',39,0,3,NULL),(157,'松江区',39,0,3,NULL),(158,'青浦区',39,0,3,NULL),(159,'南汇区',39,0,3,NULL),(160,'奉贤区',39,0,3,NULL),(161,'崇明县',39,0,3,NULL),(162,'南京市',10,0,2,NULL),(163,'无锡市',10,0,2,NULL),(164,'徐州市',10,0,2,NULL),(165,'常州市',10,0,2,NULL),(166,'苏州市',10,0,2,NULL),(167,'南通市',10,0,2,NULL),(168,'连云港市',10,0,2,NULL),(169,'淮安市',10,0,2,NULL),(170,'盐城市',10,0,2,NULL),(171,'扬州市',10,0,2,NULL),(172,'镇江市',10,0,2,NULL),(173,'泰州市',10,0,2,NULL),(174,'宿迁市',10,0,2,NULL),(175,'杭州市',11,0,2,NULL),(176,'宁波市',11,0,2,NULL),(177,'温州市',11,0,2,NULL),(178,'嘉兴市',11,0,2,NULL),(179,'湖州市',11,0,2,NULL),(180,'绍兴市',11,0,2,NULL),(181,'舟山市',11,0,2,NULL),(182,'衢州市',11,0,2,NULL),(183,'金华市',11,0,2,NULL),(184,'台州市',11,0,2,NULL),(185,'丽水市',11,0,2,NULL),(186,'合肥市',12,0,2,NULL),(187,'芜湖市',12,0,2,NULL),(188,'蚌埠市',12,0,2,NULL),(189,'淮南市',12,0,2,NULL),(190,'马鞍山市',12,0,2,NULL),(191,'淮北市',12,0,2,NULL),(192,'铜陵市',12,0,2,NULL),(193,'安庆市',12,0,2,NULL),(194,'黄山市',12,0,2,NULL),(195,'滁州市',12,0,2,NULL),(196,'阜阳市',12,0,2,NULL),(197,'宿州市',12,0,2,NULL),(198,'巢湖市',12,0,2,NULL),(199,'六安市',12,0,2,NULL),(200,'亳州市',12,0,2,NULL),(201,'池州市',12,0,2,NULL),(202,'宣城市',12,0,2,NULL),(203,'福州市',13,0,2,NULL),(204,'厦门市',13,0,2,NULL),(205,'莆田市',13,0,2,NULL),(206,'三明市',13,0,2,NULL),(207,'泉州市',13,0,2,NULL),(208,'漳州市',13,0,2,NULL),(209,'南平市',13,0,2,NULL),(210,'龙岩市',13,0,2,NULL),(211,'宁德市',13,0,2,NULL),(212,'南昌市',14,0,2,NULL),(213,'景德镇市',14,0,2,NULL),(214,'萍乡市',14,0,2,NULL),(215,'九江市',14,0,2,NULL),(216,'新余市',14,0,2,NULL),(217,'鹰潭市',14,0,2,NULL),(218,'赣州市',14,0,2,NULL),(219,'吉安市',14,0,2,NULL),(220,'宜春市',14,0,2,NULL),(221,'抚州市',14,0,2,NULL),(222,'上饶市',14,0,2,NULL),(223,'济南市',15,0,2,NULL),(224,'青岛市',15,0,2,NULL),(225,'淄博市',15,0,2,NULL),(226,'枣庄市',15,0,2,NULL),(227,'东营市',15,0,2,NULL),(228,'烟台市',15,0,2,NULL),(229,'潍坊市',15,0,2,NULL),(230,'济宁市',15,0,2,NULL),(231,'泰安市',15,0,2,NULL),(232,'威海市',15,0,2,NULL),(233,'日照市',15,0,2,NULL),(234,'莱芜市',15,0,2,NULL),(235,'临沂市',15,0,2,NULL),(236,'德州市',15,0,2,NULL),(237,'聊城市',15,0,2,NULL),(238,'滨州市',15,0,2,NULL),(239,'菏泽市',15,0,2,NULL),(240,'郑州市',16,0,2,NULL),(241,'开封市',16,0,2,NULL),(242,'洛阳市',16,0,2,NULL),(243,'平顶山市',16,0,2,NULL),(244,'安阳市',16,0,2,NULL),(245,'鹤壁市',16,0,2,NULL),(246,'新乡市',16,0,2,NULL),(247,'焦作市',16,0,2,NULL),(248,'濮阳市',16,0,2,NULL),(249,'许昌市',16,0,2,NULL),(250,'漯河市',16,0,2,NULL),(251,'三门峡市',16,0,2,NULL),(252,'南阳市',16,0,2,NULL),(253,'商丘市',16,0,2,NULL),(254,'信阳市',16,0,2,NULL),(255,'周口市',16,0,2,NULL),(256,'驻马店市',16,0,2,NULL),(257,'济源市',16,0,2,NULL),(258,'武汉市',17,0,2,NULL),(259,'黄石市',17,0,2,NULL),(260,'十堰市',17,0,2,NULL),(261,'宜昌市',17,0,2,NULL),(262,'襄樊市',17,0,2,NULL),(263,'鄂州市',17,0,2,NULL),(264,'荆门市',17,0,2,NULL),(265,'孝感市',17,0,2,NULL),(266,'荆州市',17,0,2,NULL),(267,'黄冈市',17,0,2,NULL),(268,'咸宁市',17,0,2,NULL),(269,'随州市',17,0,2,NULL),(270,'恩施土家族苗族自治州',17,0,2,NULL),(271,'仙桃市',17,0,2,NULL),(272,'潜江市',17,0,2,NULL),(273,'天门市',17,0,2,NULL),(274,'神农架林区',17,0,2,NULL),(275,'长沙市',18,0,2,NULL),(276,'株洲市',18,0,2,NULL),(277,'湘潭市',18,0,2,NULL),(278,'衡阳市',18,0,2,NULL),(279,'邵阳市',18,0,2,NULL),(280,'岳阳市',18,0,2,NULL),(281,'常德市',18,0,2,NULL),(282,'张家界市',18,0,2,NULL),(283,'益阳市',18,0,2,NULL),(284,'郴州市',18,0,2,NULL),(285,'永州市',18,0,2,NULL),(286,'怀化市',18,0,2,NULL),(287,'娄底市',18,0,2,NULL),(288,'湘西土家族苗族自治州',18,0,2,NULL),(289,'广州市',19,0,2,NULL),(290,'韶关市',19,0,2,NULL),(291,'深圳市',19,0,2,NULL),(292,'珠海市',19,0,2,NULL),(293,'汕头市',19,0,2,NULL),(294,'佛山市',19,0,2,NULL),(295,'江门市',19,0,2,NULL),(296,'湛江市',19,0,2,NULL),(297,'茂名市',19,0,2,NULL),(298,'肇庆市',19,0,2,NULL),(299,'惠州市',19,0,2,NULL),(300,'梅州市',19,0,2,NULL),(301,'汕尾市',19,0,2,NULL),(302,'河源市',19,0,2,NULL),(303,'阳江市',19,0,2,NULL),(304,'清远市',19,0,2,NULL),(305,'东莞市',19,0,2,NULL),(306,'中山市',19,0,2,NULL),(307,'潮州市',19,0,2,NULL),(308,'揭阳市',19,0,2,NULL),(309,'云浮市',19,0,2,NULL),(310,'南宁市',20,0,2,NULL),(311,'柳州市',20,0,2,NULL),(312,'桂林市',20,0,2,NULL),(313,'梧州市',20,0,2,NULL),(314,'北海市',20,0,2,NULL),(315,'防城港市',20,0,2,NULL),(316,'钦州市',20,0,2,NULL),(317,'贵港市',20,0,2,NULL),(318,'玉林市',20,0,2,NULL),(319,'百色市',20,0,2,NULL),(320,'贺州市',20,0,2,NULL),(321,'河池市',20,0,2,NULL),(322,'来宾市',20,0,2,NULL),(323,'崇左市',20,0,2,NULL),(324,'海口市',21,0,2,NULL),(325,'三亚市',21,0,2,NULL),(326,'五指山市',21,0,2,NULL),(327,'琼海市',21,0,2,NULL),(328,'儋州市',21,0,2,NULL),(329,'文昌市',21,0,2,NULL),(330,'万宁市',21,0,2,NULL),(331,'东方市',21,0,2,NULL),(332,'定安县',21,0,2,NULL),(333,'屯昌县',21,0,2,NULL),(334,'澄迈县',21,0,2,NULL),(335,'临高县',21,0,2,NULL),(336,'白沙黎族自治县',21,0,2,NULL),(337,'昌江黎族自治县',21,0,2,NULL),(338,'乐东黎族自治县',21,0,2,NULL),(339,'陵水黎族自治县',21,0,2,NULL),(340,'保亭黎族苗族自治县',21,0,2,NULL),(341,'琼中黎族苗族自治县',21,0,2,NULL),(342,'西沙群岛',21,0,2,NULL),(343,'南沙群岛',21,0,2,NULL),(344,'中沙群岛的岛礁及其海域',21,0,2,NULL),(345,'万州区',62,0,3,NULL),(346,'涪陵区',62,0,3,NULL),(347,'渝中区',62,0,3,NULL),(348,'大渡口区',62,0,3,NULL),(349,'江北区',62,0,3,NULL),(350,'沙坪坝区',62,0,3,NULL),(351,'九龙坡区',62,0,3,NULL),(352,'南岸区',62,0,3,NULL),(353,'北碚区',62,0,3,NULL),(354,'双桥区',62,0,3,NULL),(355,'万盛区',62,0,3,NULL),(356,'渝北区',62,0,3,NULL),(357,'巴南区',62,0,3,NULL),(358,'黔江区',62,0,3,NULL),(359,'长寿区',62,0,3,NULL),(360,'綦江县',62,0,3,NULL),(361,'潼南县',62,0,3,NULL),(362,'铜梁县',62,0,3,NULL),(363,'大足县',62,0,3,NULL),(364,'荣昌县',62,0,3,NULL),(365,'璧山县',62,0,3,NULL),(366,'梁平县',62,0,3,NULL),(367,'城口县',62,0,3,NULL),(368,'丰都县',62,0,3,NULL),(369,'垫江县',62,0,3,NULL),(370,'武隆县',62,0,3,NULL),(371,'忠县',62,0,3,NULL),(372,'开县',62,0,3,NULL),(373,'云阳县',62,0,3,NULL),(374,'奉节县',62,0,3,NULL),(375,'巫山县',62,0,3,NULL),(376,'巫溪县',62,0,3,NULL),(377,'石柱土家族自治县',62,0,3,NULL),(378,'秀山土家族苗族自治县',62,0,3,NULL),(379,'酉阳土家族苗族自治县',62,0,3,NULL),(380,'彭水苗族土家族自治县',62,0,3,NULL),(381,'江津市',62,0,3,NULL),(382,'合川市',62,0,3,NULL),(383,'永川市',62,0,3,NULL),(384,'南川市',62,0,3,NULL),(385,'成都市',23,0,2,NULL),(386,'自贡市',23,0,2,NULL),(387,'攀枝花市',23,0,2,NULL),(388,'泸州市',23,0,2,NULL),(389,'德阳市',23,0,2,NULL),(390,'绵阳市',23,0,2,NULL),(391,'广元市',23,0,2,NULL),(392,'遂宁市',23,0,2,NULL),(393,'内江市',23,0,2,NULL),(394,'乐山市',23,0,2,NULL),(395,'南充市',23,0,2,NULL),(396,'眉山市',23,0,2,NULL),(397,'宜宾市',23,0,2,NULL),(398,'广安市',23,0,2,NULL),(399,'达州市',23,0,2,NULL),(400,'雅安市',23,0,2,NULL),(401,'巴中市',23,0,2,NULL),(402,'资阳市',23,0,2,NULL),(403,'阿坝藏族羌族自治州',23,0,2,NULL),(404,'甘孜藏族自治州',23,0,2,NULL),(405,'凉山彝族自治州',23,0,2,NULL),(406,'贵阳市',24,0,2,NULL),(407,'六盘水市',24,0,2,NULL),(408,'遵义市',24,0,2,NULL),(409,'安顺市',24,0,2,NULL),(410,'铜仁地区',24,0,2,NULL),(411,'黔西南布依族苗族自治州',24,0,2,NULL),(412,'毕节地区',24,0,2,NULL),(413,'黔东南苗族侗族自治州',24,0,2,NULL),(414,'黔南布依族苗族自治州',24,0,2,NULL),(415,'昆明市',25,0,2,NULL),(416,'曲靖市',25,0,2,NULL),(417,'玉溪市',25,0,2,NULL),(418,'保山市',25,0,2,NULL),(419,'昭通市',25,0,2,NULL),(420,'丽江市',25,0,2,NULL),(421,'思茅市',25,0,2,NULL),(422,'临沧市',25,0,2,NULL),(423,'楚雄彝族自治州',25,0,2,NULL),(424,'红河哈尼族彝族自治州',25,0,2,NULL),(425,'文山壮族苗族自治州',25,0,2,NULL),(426,'西双版纳傣族自治州',25,0,2,NULL),(427,'大理白族自治州',25,0,2,NULL),(428,'德宏傣族景颇族自治州',25,0,2,NULL),(429,'怒江傈僳族自治州',25,0,2,NULL),(430,'迪庆藏族自治州',25,0,2,NULL),(431,'拉萨市',26,0,2,NULL),(432,'昌都地区',26,0,2,NULL),(433,'山南地区',26,0,2,NULL),(434,'日喀则地区',26,0,2,NULL),(435,'那曲地区',26,0,2,NULL),(436,'阿里地区',26,0,2,NULL),(437,'林芝地区',26,0,2,NULL),(438,'西安市',27,0,2,NULL),(439,'铜川市',27,0,2,NULL),(440,'宝鸡市',27,0,2,NULL),(441,'咸阳市',27,0,2,NULL),(442,'渭南市',27,0,2,NULL),(443,'延安市',27,0,2,NULL),(444,'汉中市',27,0,2,NULL),(445,'榆林市',27,0,2,NULL),(446,'安康市',27,0,2,NULL),(447,'商洛市',27,0,2,NULL),(448,'兰州市',28,0,2,NULL),(449,'嘉峪关市',28,0,2,NULL),(450,'金昌市',28,0,2,NULL),(451,'白银市',28,0,2,NULL),(452,'天水市',28,0,2,NULL),(453,'武威市',28,0,2,NULL),(454,'张掖市',28,0,2,NULL),(455,'平凉市',28,0,2,NULL),(456,'酒泉市',28,0,2,NULL),(457,'庆阳市',28,0,2,NULL),(458,'定西市',28,0,2,NULL),(459,'陇南市',28,0,2,NULL),(460,'临夏回族自治州',28,0,2,NULL),(461,'甘南藏族自治州',28,0,2,NULL),(462,'西宁市',29,0,2,NULL),(463,'海东地区',29,0,2,NULL),(464,'海北藏族自治州',29,0,2,NULL),(465,'黄南藏族自治州',29,0,2,NULL),(466,'海南藏族自治州',29,0,2,NULL),(467,'果洛藏族自治州',29,0,2,NULL),(468,'玉树藏族自治州',29,0,2,NULL),(469,'海西蒙古族藏族自治州',29,0,2,NULL),(470,'银川市',30,0,2,NULL),(471,'石嘴山市',30,0,2,NULL),(472,'吴忠市',30,0,2,NULL),(473,'固原市',30,0,2,NULL),(474,'中卫市',30,0,2,NULL),(475,'乌鲁木齐市',31,0,2,NULL),(476,'克拉玛依市',31,0,2,NULL),(477,'吐鲁番地区',31,0,2,NULL),(478,'哈密地区',31,0,2,NULL),(479,'昌吉回族自治州',31,0,2,NULL),(480,'博尔塔拉蒙古自治州',31,0,2,NULL),(481,'巴音郭楞蒙古自治州',31,0,2,NULL),(482,'阿克苏地区',31,0,2,NULL),(483,'克孜勒苏柯尔克孜自治州',31,0,2,NULL),(484,'喀什地区',31,0,2,NULL),(485,'和田地区',31,0,2,NULL),(486,'伊犁哈萨克自治州',31,0,2,NULL),(487,'塔城地区',31,0,2,NULL),(488,'阿勒泰地区',31,0,2,NULL),(489,'石河子市',31,0,2,NULL),(490,'阿拉尔市',31,0,2,NULL),(491,'图木舒克市',31,0,2,NULL),(492,'五家渠市',31,0,2,NULL),(493,'台北市',32,0,2,NULL),(494,'高雄市',32,0,2,NULL),(495,'基隆市',32,0,2,NULL),(496,'台中市',32,0,2,NULL),(497,'台南市',32,0,2,NULL),(498,'新竹市',32,0,2,NULL),(499,'嘉义市',32,0,2,NULL),(500,'台北县',32,0,2,NULL),(501,'宜兰县',32,0,2,NULL),(502,'桃园县',32,0,2,NULL),(503,'新竹县',32,0,2,NULL),(504,'苗栗县',32,0,2,NULL),(505,'台中县',32,0,2,NULL),(506,'彰化县',32,0,2,NULL),(507,'南投县',32,0,2,NULL),(508,'云林县',32,0,2,NULL),(509,'嘉义县',32,0,2,NULL),(510,'台南县',32,0,2,NULL),(511,'高雄县',32,0,2,NULL),(512,'屏东县',32,0,2,NULL),(513,'澎湖县',32,0,2,NULL),(514,'台东县',32,0,2,NULL),(515,'花莲县',32,0,2,NULL),(516,'中西区',33,0,2,NULL),(517,'东区',33,0,2,NULL),(518,'九龙城区',33,0,2,NULL),(519,'观塘区',33,0,2,NULL),(520,'南区',33,0,2,NULL),(521,'深水埗区',33,0,2,NULL),(522,'黄大仙区',33,0,2,NULL),(523,'湾仔区',33,0,2,NULL),(524,'油尖旺区',33,0,2,NULL),(525,'离岛区',33,0,2,NULL),(526,'葵青区',33,0,2,NULL),(527,'北区',33,0,2,NULL),(528,'西贡区',33,0,2,NULL),(529,'沙田区',33,0,2,NULL),(530,'屯门区',33,0,2,NULL),(531,'大埔区',33,0,2,NULL),(532,'荃湾区',33,0,2,NULL),(533,'元朗区',33,0,2,NULL),(534,'澳门特别行政区',34,0,2,NULL),(535,'美国',45055,0,3,NULL),(536,'加拿大',45055,0,3,NULL),(537,'澳大利亚',45055,0,3,NULL),(538,'新西兰',45055,0,3,NULL),(539,'英国',45055,0,3,NULL),(540,'法国',45055,0,3,NULL),(541,'德国',45055,0,3,NULL),(542,'捷克',45055,0,3,NULL),(543,'荷兰',45055,0,3,NULL),(544,'瑞士',45055,0,3,NULL),(545,'希腊',45055,0,3,NULL),(546,'挪威',45055,0,3,NULL),(547,'瑞典',45055,0,3,NULL),(548,'丹麦',45055,0,3,NULL),(549,'芬兰',45055,0,3,NULL),(550,'爱尔兰',45055,0,3,NULL),(551,'奥地利',45055,0,3,NULL),(552,'意大利',45055,0,3,NULL),(553,'乌克兰',45055,0,3,NULL),(554,'俄罗斯',45055,0,3,NULL),(555,'西班牙',45055,0,3,NULL),(556,'韩国',45055,0,3,NULL),(557,'新加坡',45055,0,3,NULL),(558,'马来西亚',45055,0,3,NULL),(559,'印度',45055,0,3,NULL),(560,'泰国',45055,0,3,NULL),(561,'日本',45055,0,3,NULL),(562,'巴西',45055,0,3,NULL),(563,'阿根廷',45055,0,3,NULL),(564,'南非',45055,0,3,NULL),(565,'埃及',45055,0,3,NULL),(566,'其他',36,0,3,NULL),(1126,'井陉县',73,0,3,NULL),(1127,'井陉矿区',73,0,3,NULL),(1128,'元氏县',73,0,3,NULL),(1129,'平山县',73,0,3,NULL),(1130,'新乐市',73,0,3,NULL),(1131,'新华区',73,0,3,NULL),(1132,'无极县',73,0,3,NULL),(1133,'晋州市',73,0,3,NULL),(1134,'栾城县',73,0,3,NULL),(1135,'桥东区',73,0,3,NULL),(1136,'桥西区',73,0,3,NULL),(1137,'正定县',73,0,3,NULL),(1138,'深泽县',73,0,3,NULL),(1139,'灵寿县',73,0,3,NULL),(1140,'藁城市',73,0,3,NULL),(1141,'行唐县',73,0,3,NULL),(1142,'裕华区',73,0,3,NULL),(1143,'赞皇县',73,0,3,NULL),(1144,'赵县',73,0,3,NULL),(1145,'辛集市',73,0,3,NULL),(1146,'长安区',73,0,3,NULL),(1147,'高邑县',73,0,3,NULL),(1148,'鹿泉市',73,0,3,NULL),(1149,'丰南区',74,0,3,NULL),(1150,'丰润区',74,0,3,NULL),(1151,'乐亭县',74,0,3,NULL),(1152,'古冶区',74,0,3,NULL),(1153,'唐海县',74,0,3,NULL),(1154,'开平区',74,0,3,NULL),(1155,'滦南县',74,0,3,NULL),(1156,'滦县',74,0,3,NULL),(1157,'玉田县',74,0,3,NULL),(1158,'路北区',74,0,3,NULL),(1159,'路南区',74,0,3,NULL),(1160,'迁安市',74,0,3,NULL),(1161,'迁西县',74,0,3,NULL),(1162,'遵化市',74,0,3,NULL),(1163,'北戴河区',75,0,3,NULL),(1164,'卢龙县',75,0,3,NULL),(1165,'山海关区',75,0,3,NULL),(1166,'抚宁县',75,0,3,NULL),(1167,'昌黎县',75,0,3,NULL),(1168,'海港区',75,0,3,NULL),(1169,'青龙满族自治县',75,0,3,NULL),(1170,'丛台区',76,0,3,NULL),(1171,'临漳县',76,0,3,NULL),(1172,'复兴区',76,0,3,NULL),(1173,'大名县',76,0,3,NULL),(1174,'峰峰矿区',76,0,3,NULL),(1175,'广平县',76,0,3,NULL),(1176,'成安县',76,0,3,NULL),(1177,'曲周县',76,0,3,NULL),(1178,'武安市',76,0,3,NULL),(1179,'永年县',76,0,3,NULL),(1180,'涉县',76,0,3,NULL),(1181,'磁县',76,0,3,NULL),(1182,'肥乡县',76,0,3,NULL),(1183,'邯山区',76,0,3,NULL),(1184,'邯郸县',76,0,3,NULL),(1185,'邱县',76,0,3,NULL),(1186,'馆陶县',76,0,3,NULL),(1187,'魏县',76,0,3,NULL),(1188,'鸡泽县',76,0,3,NULL),(1189,'临城县',77,0,3,NULL),(1190,'临西县',77,0,3,NULL),(1191,'任县',77,0,3,NULL),(1192,'内丘县',77,0,3,NULL),(1193,'南和县',77,0,3,NULL),(1194,'南宫市',77,0,3,NULL),(1195,'威县',77,0,3,NULL),(1196,'宁晋县',77,0,3,NULL),(1197,'巨鹿县',77,0,3,NULL),(1198,'平乡县',77,0,3,NULL),(1199,'广宗县',77,0,3,NULL),(1200,'新河县',77,0,3,NULL),(1201,'柏乡县',77,0,3,NULL),(1202,'桥东区',77,0,3,NULL),(1203,'桥西区',77,0,3,NULL),(1204,'沙河市',77,0,3,NULL),(1205,'清河县',77,0,3,NULL),(1206,'邢台县',77,0,3,NULL),(1207,'隆尧县',77,0,3,NULL),(1208,'北市区',78,0,3,NULL),(1209,'南市区',78,0,3,NULL),(1210,'博野县',78,0,3,NULL),(1211,'唐县',78,0,3,NULL),(1212,'安国市',78,0,3,NULL),(1213,'安新县',78,0,3,NULL),(1214,'定兴县',78,0,3,NULL),(1215,'定州市',78,0,3,NULL),(1216,'容城县',78,0,3,NULL),(1217,'徐水县',78,0,3,NULL),(1218,'新市区',78,0,3,NULL),(1219,'易县',78,0,3,NULL),(1220,'曲阳县',78,0,3,NULL),(1221,'望都县',78,0,3,NULL),(1222,'涞水县',78,0,3,NULL),(1223,'涞源县',78,0,3,NULL),(1224,'涿州市',78,0,3,NULL),(1225,'清苑县',78,0,3,NULL),(1226,'满城县',78,0,3,NULL),(1227,'蠡县',78,0,3,NULL),(1228,'阜平县',78,0,3,NULL),(1229,'雄县',78,0,3,NULL),(1230,'顺平县',78,0,3,NULL),(1231,'高碑店市',78,0,3,NULL),(1232,'高阳县',78,0,3,NULL),(1233,'万全县',79,0,3,NULL),(1234,'下花园区',79,0,3,NULL),(1235,'宣化区',79,0,3,NULL),(1236,'宣化县',79,0,3,NULL),(1237,'尚义县',79,0,3,NULL),(1238,'崇礼县',79,0,3,NULL),(1239,'康保县',79,0,3,NULL),(1240,'张北县',79,0,3,NULL),(1241,'怀安县',79,0,3,NULL),(1242,'怀来县',79,0,3,NULL),(1243,'桥东区',79,0,3,NULL),(1244,'桥西区',79,0,3,NULL),(1245,'沽源县',79,0,3,NULL),(1246,'涿鹿县',79,0,3,NULL),(1247,'蔚县',79,0,3,NULL),(1248,'赤城县',79,0,3,NULL),(1249,'阳原县',79,0,3,NULL),(1250,'丰宁满族自治县',80,0,3,NULL),(1251,'兴隆县',80,0,3,NULL),(1252,'双桥区',80,0,3,NULL),(1253,'双滦区',80,0,3,NULL),(1254,'围场满族蒙古族自治县',80,0,3,NULL),(1255,'宽城满族自治县',80,0,3,NULL),(1256,'平泉县',80,0,3,NULL),(1257,'承德县',80,0,3,NULL),(1258,'滦平县',80,0,3,NULL),(1259,'隆化县',80,0,3,NULL),(1260,'鹰手营子矿区',80,0,3,NULL),(1261,'冀州市',81,0,3,NULL),(1262,'安平县',81,0,3,NULL),(1263,'故城县',81,0,3,NULL),(1264,'景县',81,0,3,NULL),(1265,'枣强县',81,0,3,NULL),(1266,'桃城区',81,0,3,NULL),(1267,'武强县',81,0,3,NULL),(1268,'武邑县',81,0,3,NULL),(1269,'深州市',81,0,3,NULL),(1270,'阜城县',81,0,3,NULL),(1271,'饶阳县',81,0,3,NULL),(1272,'三河市',82,0,3,NULL),(1273,'固安县',82,0,3,NULL),(1274,'大厂回族自治县',82,0,3,NULL),(1275,'大城县',82,0,3,NULL),(1276,'安次区',82,0,3,NULL),(1277,'广阳区',82,0,3,NULL),(1278,'文安县',82,0,3,NULL),(1279,'永清县',82,0,3,NULL),(1280,'霸州市',82,0,3,NULL),(1281,'香河县',82,0,3,NULL),(1282,'东光县',83,0,3,NULL),(1283,'任丘市',83,0,3,NULL),(1284,'南皮县',83,0,3,NULL),(1285,'吴桥县',83,0,3,NULL),(1286,'孟村回族自治县',83,0,3,NULL),(1287,'新华区',83,0,3,NULL),(1288,'沧县',83,0,3,NULL),(1289,'河间市',83,0,3,NULL),(1290,'泊头市',83,0,3,NULL),(1291,'海兴县',83,0,3,NULL),(1292,'献县',83,0,3,NULL),(1293,'盐山县',83,0,3,NULL),(1294,'肃宁县',83,0,3,NULL),(1295,'运河区',83,0,3,NULL),(1296,'青县',83,0,3,NULL),(1297,'黄骅市',83,0,3,NULL),(1298,'万柏林区',84,0,3,NULL),(1299,'古交市',84,0,3,NULL),(1300,'娄烦县',84,0,3,NULL),(1301,'小店区',84,0,3,NULL),(1302,'尖草坪区',84,0,3,NULL),(1303,'晋源区',84,0,3,NULL),(1304,'杏花岭区',84,0,3,NULL),(1305,'清徐县',84,0,3,NULL),(1306,'迎泽区',84,0,3,NULL),(1307,'阳曲县',84,0,3,NULL),(1308,'南郊区',85,0,3,NULL),(1309,'城区',85,0,3,NULL),(1310,'大同县',85,0,3,NULL),(1311,'天镇县',85,0,3,NULL),(1312,'左云县',85,0,3,NULL),(1313,'广灵县',85,0,3,NULL),(1314,'新荣区',85,0,3,NULL),(1315,'浑源县',85,0,3,NULL),(1316,'灵丘县',85,0,3,NULL),(1317,'矿区',85,0,3,NULL),(1318,'阳高县',85,0,3,NULL),(1319,'城区',86,0,3,NULL),(1320,'平定县',86,0,3,NULL),(1321,'盂县',86,0,3,NULL),(1322,'矿区',86,0,3,NULL),(1323,'郊区',86,0,3,NULL),(1324,'城区',87,0,3,NULL),(1325,'壶关县',87,0,3,NULL),(1326,'屯留县',87,0,3,NULL),(1327,'平顺县',87,0,3,NULL),(1328,'武乡县',87,0,3,NULL),(1329,'沁县',87,0,3,NULL),(1330,'沁源县',87,0,3,NULL),(1331,'潞城市',87,0,3,NULL),(1332,'襄垣县',87,0,3,NULL),(1333,'郊区',87,0,3,NULL),(1334,'长子县',87,0,3,NULL),(1335,'长治县',87,0,3,NULL),(1336,'黎城县',87,0,3,NULL),(1337,'城区',88,0,3,NULL),(1338,'沁水县',88,0,3,NULL),(1339,'泽州县',88,0,3,NULL),(1340,'阳城县',88,0,3,NULL),(1341,'陵川县',88,0,3,NULL),(1342,'高平市',88,0,3,NULL),(1343,'右玉县',89,0,3,NULL),(1344,'山阴县',89,0,3,NULL),(1345,'平鲁区',89,0,3,NULL),(1346,'应县',89,0,3,NULL),(1347,'怀仁县',89,0,3,NULL),(1348,'朔城区',89,0,3,NULL),(1349,'介休市',90,0,3,NULL),(1350,'和顺县',90,0,3,NULL),(1351,'太谷县',90,0,3,NULL),(1352,'寿阳县',90,0,3,NULL),(1353,'左权县',90,0,3,NULL),(1354,'平遥县',90,0,3,NULL),(1355,'昔阳县',90,0,3,NULL),(1356,'榆次区',90,0,3,NULL),(1357,'榆社县',90,0,3,NULL),(1358,'灵石县',90,0,3,NULL),(1359,'祁县',90,0,3,NULL),(1360,'万荣县',91,0,3,NULL),(1361,'临猗县',91,0,3,NULL),(1362,'垣曲县',91,0,3,NULL),(1363,'夏县',91,0,3,NULL),(1364,'平陆县',91,0,3,NULL),(1365,'新绛县',91,0,3,NULL),(1366,'永济市',91,0,3,NULL),(1367,'河津市',91,0,3,NULL),(1368,'盐湖区',91,0,3,NULL),(1369,'稷山县',91,0,3,NULL),(1370,'绛县',91,0,3,NULL),(1371,'芮城县',91,0,3,NULL),(1372,'闻喜县',91,0,3,NULL),(1373,'五台县',92,0,3,NULL),(1374,'五寨县',92,0,3,NULL),(1375,'代县',92,0,3,NULL),(1376,'保德县',92,0,3,NULL),(1377,'偏关县',92,0,3,NULL),(1378,'原平市',92,0,3,NULL),(1379,'宁武县',92,0,3,NULL),(1380,'定襄县',92,0,3,NULL),(1381,'岢岚县',92,0,3,NULL),(1382,'忻府区',92,0,3,NULL),(1383,'河曲县',92,0,3,NULL),(1384,'神池县',92,0,3,NULL),(1385,'繁峙县',92,0,3,NULL),(1386,'静乐县',92,0,3,NULL),(1387,'乡宁县',93,0,3,NULL),(1388,'侯马市',93,0,3,NULL),(1389,'古县',93,0,3,NULL),(1390,'吉县',93,0,3,NULL),(1391,'大宁县',93,0,3,NULL),(1392,'安泽县',93,0,3,NULL),(1393,'尧都区',93,0,3,NULL),(1394,'曲沃县',93,0,3,NULL),(1395,'永和县',93,0,3,NULL),(1396,'汾西县',93,0,3,NULL),(1397,'洪洞县',93,0,3,NULL),(1398,'浮山县',93,0,3,NULL),(1399,'翼城县',93,0,3,NULL),(1400,'蒲县',93,0,3,NULL),(1401,'襄汾县',93,0,3,NULL),(1402,'隰县',93,0,3,NULL),(1403,'霍州市',93,0,3,NULL),(1404,'中阳县',94,0,3,NULL),(1405,'临县',94,0,3,NULL),(1406,'交口县',94,0,3,NULL),(1407,'交城县',94,0,3,NULL),(1408,'兴县',94,0,3,NULL),(1409,'孝义市',94,0,3,NULL),(1410,'岚县',94,0,3,NULL),(1411,'文水县',94,0,3,NULL),(1412,'方山县',94,0,3,NULL),(1413,'柳林县',94,0,3,NULL),(1414,'汾阳市',94,0,3,NULL),(1415,'石楼县',94,0,3,NULL),(1416,'离石区',94,0,3,NULL),(1417,'和林格尔县',95,0,3,NULL),(1418,'回民区',95,0,3,NULL),(1419,'土默特左旗',95,0,3,NULL),(1420,'托克托县',95,0,3,NULL),(1421,'新城区',95,0,3,NULL),(1422,'武川县',95,0,3,NULL),(1423,'清水河县',95,0,3,NULL),(1424,'玉泉区',95,0,3,NULL),(1425,'赛罕区',95,0,3,NULL),(1426,'东河区',96,0,3,NULL),(1427,'九原区',96,0,3,NULL),(1428,'固阳县',96,0,3,NULL),(1429,'土默特右旗',96,0,3,NULL),(1430,'昆都仑区',96,0,3,NULL),(1431,'白云矿区',96,0,3,NULL),(1432,'石拐区',96,0,3,NULL),(1433,'达尔罕茂明安联合旗',96,0,3,NULL),(1434,'青山区',96,0,3,NULL),(1435,'乌达区',97,0,3,NULL),(1436,'海勃湾区',97,0,3,NULL),(1437,'海南区',97,0,3,NULL),(1438,'元宝山区',98,0,3,NULL),(1439,'克什克腾旗',98,0,3,NULL),(1440,'喀喇沁旗',98,0,3,NULL),(1441,'宁城县',98,0,3,NULL),(1442,'巴林右旗',98,0,3,NULL),(1443,'巴林左旗',98,0,3,NULL),(1444,'敖汉旗',98,0,3,NULL),(1445,'松山区',98,0,3,NULL),(1446,'林西县',98,0,3,NULL),(1447,'红山区',98,0,3,NULL),(1448,'翁牛特旗',98,0,3,NULL),(1449,'阿鲁科尔沁旗',98,0,3,NULL),(1450,'奈曼旗',99,0,3,NULL),(1451,'库伦旗',99,0,3,NULL),(1452,'开鲁县',99,0,3,NULL),(1453,'扎鲁特旗',99,0,3,NULL),(1454,'科尔沁区',99,0,3,NULL),(1455,'科尔沁左翼中旗',99,0,3,NULL),(1456,'科尔沁左翼后旗',99,0,3,NULL),(1457,'霍林郭勒市',99,0,3,NULL),(1458,'东胜区',100,0,3,NULL),(1459,'乌审旗',100,0,3,NULL),(1460,'伊金霍洛旗',100,0,3,NULL),(1461,'准格尔旗',100,0,3,NULL),(1462,'杭锦旗',100,0,3,NULL),(1463,'达拉特旗',100,0,3,NULL),(1464,'鄂东胜区',100,0,3,NULL),(1465,'鄂托克前旗',100,0,3,NULL),(1466,'鄂托克旗',100,0,3,NULL),(1467,'扎兰屯市',101,0,3,NULL),(1468,'新巴尔虎右旗',101,0,3,NULL),(1469,'新巴尔虎左旗',101,0,3,NULL),(1470,'根河市',101,0,3,NULL),(1471,'海拉尔区',101,0,3,NULL),(1472,'满洲里市',101,0,3,NULL),(1473,'牙克石市',101,0,3,NULL),(1474,'莫力达瓦达斡尔族自治旗',101,0,3,NULL),(1475,'鄂伦春自治旗',101,0,3,NULL),(1476,'鄂温克族自治旗',101,0,3,NULL),(1477,'阿荣旗',101,0,3,NULL),(1478,'陈巴尔虎旗',101,0,3,NULL),(1479,'额尔古纳市',101,0,3,NULL),(1480,'临河区',102,0,3,NULL),(1481,'乌拉特中旗',102,0,3,NULL),(1482,'乌拉特前旗',102,0,3,NULL),(1483,'乌拉特后旗',102,0,3,NULL),(1484,'五原县',102,0,3,NULL),(1485,'杭锦后旗',102,0,3,NULL),(1486,'磴口县',102,0,3,NULL),(1487,'丰镇市',103,0,3,NULL),(1488,'兴和县',103,0,3,NULL),(1489,'凉城县',103,0,3,NULL),(1490,'化德县',103,0,3,NULL),(1491,'卓资县',103,0,3,NULL),(1492,'商都县',103,0,3,NULL),(1493,'四子王旗',103,0,3,NULL),(1494,'察哈尔右翼中旗',103,0,3,NULL),(1495,'察哈尔右翼前旗',103,0,3,NULL),(1496,'察哈尔右翼后旗',103,0,3,NULL),(1497,'集宁区',103,0,3,NULL),(1498,'乌兰浩特市',104,0,3,NULL),(1499,'扎赉特旗',104,0,3,NULL),(1500,'科尔沁右翼中旗',104,0,3,NULL),(1501,'科尔沁右翼前旗',104,0,3,NULL),(1502,'突泉县',104,0,3,NULL),(1503,'阿尔山市',104,0,3,NULL),(1504,'东乌珠穆沁旗',105,0,3,NULL),(1505,'二连浩特市',105,0,3,NULL),(1506,'多伦县',105,0,3,NULL),(1507,'太仆寺旗',105,0,3,NULL),(1508,'正蓝旗',105,0,3,NULL),(1509,'正镶白旗',105,0,3,NULL),(1510,'苏尼特右旗',105,0,3,NULL),(1511,'苏尼特左旗',105,0,3,NULL),(1512,'西乌珠穆沁旗',105,0,3,NULL),(1513,'锡林浩特市',105,0,3,NULL),(1514,'镶黄旗',105,0,3,NULL),(1515,'阿巴嘎旗',105,0,3,NULL),(1516,'阿拉善右旗',106,0,3,NULL),(1517,'阿拉善左旗',106,0,3,NULL),(1518,'额济纳旗',106,0,3,NULL),(1519,'东陵区',107,0,3,NULL),(1520,'于洪区',107,0,3,NULL),(1521,'和平区',107,0,3,NULL),(1522,'大东区',107,0,3,NULL),(1523,'康平县',107,0,3,NULL),(1524,'新民市',107,0,3,NULL),(1525,'沈北新区',107,0,3,NULL),(1526,'沈河区',107,0,3,NULL),(1527,'法库县',107,0,3,NULL),(1528,'皇姑区',107,0,3,NULL),(1529,'苏家屯区',107,0,3,NULL),(1530,'辽中县',107,0,3,NULL),(1531,'铁西区',107,0,3,NULL),(1532,'中山区',108,0,3,NULL),(1533,'庄河市',108,0,3,NULL),(1534,'旅顺口区',108,0,3,NULL),(1535,'普兰店市',108,0,3,NULL),(1536,'沙河口区',108,0,3,NULL),(1537,'瓦房店市',108,0,3,NULL),(1538,'甘井子区',108,0,3,NULL),(1539,'西岗区',108,0,3,NULL),(1540,'金州区',108,0,3,NULL),(1541,'长海县',108,0,3,NULL),(1542,'千山区',109,0,3,NULL),(1543,'台安县',109,0,3,NULL),(1544,'岫岩满族自治县',109,0,3,NULL),(1545,'海城市',109,0,3,NULL),(1546,'立山区',109,0,3,NULL),(1547,'铁东区',109,0,3,NULL),(1548,'铁西区',109,0,3,NULL),(1549,'东洲区',110,0,3,NULL),(1550,'抚顺县',110,0,3,NULL),(1551,'新宾满族自治县',110,0,3,NULL),(1552,'新抚区',110,0,3,NULL),(1553,'望花区',110,0,3,NULL),(1554,'清原满族自治县',110,0,3,NULL),(1555,'顺城区',110,0,3,NULL),(1556,'南芬区',111,0,3,NULL),(1557,'平山区',111,0,3,NULL),(1558,'明山区',111,0,3,NULL),(1559,'本溪满族自治县',111,0,3,NULL),(1560,'桓仁满族自治县',111,0,3,NULL),(1561,'溪湖区',111,0,3,NULL),(1562,'东港市',112,0,3,NULL),(1563,'元宝区',112,0,3,NULL),(1564,'凤城市',112,0,3,NULL),(1565,'宽甸满族自治县',112,0,3,NULL),(1566,'振兴区',112,0,3,NULL),(1567,'振安区',112,0,3,NULL),(1568,'义县',113,0,3,NULL),(1569,'凌河区',113,0,3,NULL),(1570,'凌海市',113,0,3,NULL),(1571,'北镇市',113,0,3,NULL),(1572,'古塔区',113,0,3,NULL),(1573,'太和区',113,0,3,NULL),(1574,'黑山县',113,0,3,NULL),(1575,'大石桥市',114,0,3,NULL),(1576,'盖州市',114,0,3,NULL),(1577,'站前区',114,0,3,NULL),(1578,'老边区',114,0,3,NULL),(1579,'西市区',114,0,3,NULL),(1580,'鲅鱼圈区',114,0,3,NULL),(1581,'太平区',115,0,3,NULL),(1582,'彰武县',115,0,3,NULL),(1583,'新邱区',115,0,3,NULL),(1584,'海州区',115,0,3,NULL),(1585,'清河门区',115,0,3,NULL),(1586,'细河区',115,0,3,NULL),(1587,'蒙古族自治县',115,0,3,NULL),(1588,'太子河区',116,0,3,NULL),(1589,'宏伟区',116,0,3,NULL),(1590,'弓长岭区',116,0,3,NULL),(1591,'文圣区',116,0,3,NULL),(1592,'灯塔市',116,0,3,NULL),(1593,'白塔区',116,0,3,NULL),(1594,'辽阳县',116,0,3,NULL),(1595,'兴隆台区',117,0,3,NULL),(1596,'双台子区',117,0,3,NULL),(1597,'大洼县',117,0,3,NULL),(1598,'盘山县',117,0,3,NULL),(1599,'开原市',118,0,3,NULL),(1600,'昌图县',118,0,3,NULL),(1601,'清河区',118,0,3,NULL),(1602,'西丰县',118,0,3,NULL),(1603,'调兵山市',118,0,3,NULL),(1604,'铁岭县',118,0,3,NULL),(1605,'银州区',118,0,3,NULL),(1606,'凌源市',119,0,3,NULL),(1607,'北票市',119,0,3,NULL),(1608,'双塔区',119,0,3,NULL),(1609,'喀喇沁左翼蒙古族自治县',119,0,3,NULL),(1610,'建平县',119,0,3,NULL),(1611,'朝阳县',119,0,3,NULL),(1612,'龙城区',119,0,3,NULL),(1613,'兴城市',120,0,3,NULL),(1614,'南票区',120,0,3,NULL),(1615,'建昌县',120,0,3,NULL),(1616,'绥中县',120,0,3,NULL),(1617,'连山区',120,0,3,NULL),(1618,'龙港区',120,0,3,NULL),(1619,'九台市',121,0,3,NULL),(1620,'二道区',121,0,3,NULL),(1621,'农安县',121,0,3,NULL),(1622,'南关区',121,0,3,NULL),(1623,'双阳区',121,0,3,NULL),(1624,'宽城区',121,0,3,NULL),(1625,'德惠市',121,0,3,NULL),(1626,'朝阳区',121,0,3,NULL),(1627,'榆树市',121,0,3,NULL),(1628,'绿园区',121,0,3,NULL),(1629,'丰满区',122,0,3,NULL),(1630,'昌邑区',122,0,3,NULL),(1631,'桦甸市',122,0,3,NULL),(1632,'永吉县',122,0,3,NULL),(1633,'磐石市',122,0,3,NULL),(1634,'舒兰市',122,0,3,NULL),(1635,'船营区',122,0,3,NULL),(1636,'蛟河市',122,0,3,NULL),(1637,'龙潭区',122,0,3,NULL),(1638,'伊通满族自治县',123,0,3,NULL),(1639,'公主岭市',123,0,3,NULL),(1640,'双辽市',123,0,3,NULL),(1641,'梨树县',123,0,3,NULL),(1642,'铁东区',123,0,3,NULL),(1643,'铁西区',123,0,3,NULL),(1644,'东丰县',124,0,3,NULL),(1645,'东辽县',124,0,3,NULL),(1646,'西安区',124,0,3,NULL),(1647,'龙山区',124,0,3,NULL),(1648,'东昌区',125,0,3,NULL),(1649,'二道江区',125,0,3,NULL),(1650,'柳河县',125,0,3,NULL),(1651,'梅河口市',125,0,3,NULL),(1652,'辉南县',125,0,3,NULL),(1653,'通化县',125,0,3,NULL),(1654,'集安市',125,0,3,NULL),(1655,'临江市',126,0,3,NULL),(1656,'八道江区',126,0,3,NULL),(1657,'抚松县',126,0,3,NULL),(1658,'江源区',126,0,3,NULL),(1659,'长白朝鲜族自治县',126,0,3,NULL),(1660,'靖宇县',126,0,3,NULL),(1661,'干安县',127,0,3,NULL),(1662,'前郭尔罗斯蒙古族自治县',127,0,3,NULL),(1663,'宁江区',127,0,3,NULL),(1664,'扶余县',127,0,3,NULL),(1665,'长岭县',127,0,3,NULL),(1666,'大安市',128,0,3,NULL),(1667,'洮北区',128,0,3,NULL),(1668,'洮南市',128,0,3,NULL),(1669,'通榆县',128,0,3,NULL),(1670,'镇赉县',128,0,3,NULL),(1671,'和龙市',129,0,3,NULL),(1672,'图们市',129,0,3,NULL),(1673,'安图县',129,0,3,NULL),(1674,'延吉市',129,0,3,NULL),(1675,'敦化市',129,0,3,NULL),(1676,'汪清县',129,0,3,NULL),(1677,'珲春市',129,0,3,NULL),(1678,'龙井市',129,0,3,NULL),(1679,'五常市',130,0,3,NULL),(1680,'依兰县',130,0,3,NULL),(1681,'南岗区',130,0,3,NULL),(1682,'双城市',130,0,3,NULL),(1683,'呼兰区',130,0,3,NULL),(1684,'哈尔滨市道里区',130,0,3,NULL),(1685,'宾县',130,0,3,NULL),(1686,'尚志市',130,0,3,NULL),(1687,'巴彦县',130,0,3,NULL),(1688,'平房区',130,0,3,NULL),(1689,'延寿县',130,0,3,NULL),(1690,'方正县',130,0,3,NULL),(1691,'木兰县',130,0,3,NULL),(1692,'松北区',130,0,3,NULL),(1693,'通河县',130,0,3,NULL),(1694,'道外区',130,0,3,NULL),(1695,'阿城区',130,0,3,NULL),(1696,'香坊区',130,0,3,NULL),(1697,'依安县',131,0,3,NULL),(1698,'克东县',131,0,3,NULL),(1699,'克山县',131,0,3,NULL),(1700,'富拉尔基区',131,0,3,NULL),(1701,'富裕县',131,0,3,NULL),(1702,'建华区',131,0,3,NULL),(1703,'拜泉县',131,0,3,NULL),(1704,'昂昂溪区',131,0,3,NULL),(1705,'梅里斯达斡尔族区',131,0,3,NULL),(1706,'泰来县',131,0,3,NULL),(1707,'甘南县',131,0,3,NULL),(1708,'碾子山区',131,0,3,NULL),(1709,'讷河市',131,0,3,NULL),(1710,'铁锋区',131,0,3,NULL),(1711,'龙江县',131,0,3,NULL),(1712,'龙沙区',131,0,3,NULL),(1713,'城子河区',132,0,3,NULL),(1714,'密山市',132,0,3,NULL),(1715,'恒山区',132,0,3,NULL),(1716,'梨树区',132,0,3,NULL),(1717,'滴道区',132,0,3,NULL),(1718,'虎林市',132,0,3,NULL),(1719,'鸡东县',132,0,3,NULL),(1720,'鸡冠区',132,0,3,NULL),(1721,'麻山区',132,0,3,NULL),(1722,'东山区',133,0,3,NULL),(1723,'兴安区',133,0,3,NULL),(1724,'兴山区',133,0,3,NULL),(1725,'南山区',133,0,3,NULL),(1726,'向阳区',133,0,3,NULL),(1727,'工农区',133,0,3,NULL),(1728,'绥滨县',133,0,3,NULL),(1729,'萝北县',133,0,3,NULL),(1730,'友谊县',134,0,3,NULL),(1731,'四方台区',134,0,3,NULL),(1732,'宝山区',134,0,3,NULL),(1733,'宝清县',134,0,3,NULL),(1734,'尖山区',134,0,3,NULL),(1735,'岭东区',134,0,3,NULL),(1736,'集贤县',134,0,3,NULL),(1737,'饶河县',134,0,3,NULL),(1738,'大同区',135,0,3,NULL),(1739,'杜尔伯特蒙古族自治县',135,0,3,NULL),(1740,'林甸县',135,0,3,NULL),(1741,'红岗区',135,0,3,NULL),(1742,'肇州县',135,0,3,NULL),(1743,'肇源县',135,0,3,NULL),(1744,'胡路区',135,0,3,NULL),(1745,'萨尔图区',135,0,3,NULL),(1746,'龙凤区',135,0,3,NULL),(1747,'上甘岭区',136,0,3,NULL),(1748,'乌伊岭区',136,0,3,NULL),(1749,'乌马河区',136,0,3,NULL),(1750,'五营区',136,0,3,NULL),(1751,'伊春区',136,0,3,NULL),(1752,'南岔区',136,0,3,NULL),(1753,'友好区',136,0,3,NULL),(1754,'嘉荫县',136,0,3,NULL),(1755,'带岭区',136,0,3,NULL),(1756,'新青区',136,0,3,NULL),(1757,'汤旺河区',136,0,3,NULL),(1758,'红星区',136,0,3,NULL),(1759,'美溪区',136,0,3,NULL),(1760,'翠峦区',136,0,3,NULL),(1761,'西林区',136,0,3,NULL),(1762,'金山屯区',136,0,3,NULL),(1763,'铁力市',136,0,3,NULL),(1764,'东风区',137,0,3,NULL),(1765,'前进区',137,0,3,NULL),(1766,'同江市',137,0,3,NULL),(1767,'向阳区',137,0,3,NULL),(1768,'富锦市',137,0,3,NULL),(1769,'抚远县',137,0,3,NULL),(1770,'桦南县',137,0,3,NULL),(1771,'桦川县',137,0,3,NULL),(1772,'汤原县',137,0,3,NULL),(1773,'郊区',137,0,3,NULL),(1774,'勃利县',138,0,3,NULL),(1775,'新兴区',138,0,3,NULL),(1776,'桃山区',138,0,3,NULL),(1777,'茄子河区',138,0,3,NULL),(1778,'东宁县',139,0,3,NULL),(1779,'东安区',139,0,3,NULL),(1780,'宁安市',139,0,3,NULL),(1781,'林口县',139,0,3,NULL),(1782,'海林市',139,0,3,NULL),(1783,'爱民区',139,0,3,NULL),(1784,'穆棱市',139,0,3,NULL),(1785,'绥芬河市',139,0,3,NULL),(1786,'西安区',139,0,3,NULL),(1787,'阳明区',139,0,3,NULL),(1788,'五大连池市',140,0,3,NULL),(1789,'北安市',140,0,3,NULL),(1790,'嫩江县',140,0,3,NULL),(1791,'孙吴县',140,0,3,NULL),(1792,'爱辉区',140,0,3,NULL),(1793,'车逊克县',140,0,3,NULL),(1794,'逊克县',140,0,3,NULL),(1795,'兰西县',141,0,3,NULL),(1796,'安达市',141,0,3,NULL),(1797,'庆安县',141,0,3,NULL),(1798,'明水县',141,0,3,NULL),(1799,'望奎县',141,0,3,NULL),(1800,'海伦市',141,0,3,NULL),(1801,'绥化市北林区',141,0,3,NULL),(1802,'绥棱县',141,0,3,NULL),(1803,'肇东市',141,0,3,NULL),(1804,'青冈县',141,0,3,NULL),(1805,'呼玛县',142,0,3,NULL),(1806,'塔河县',142,0,3,NULL),(1807,'大兴安岭地区加格达奇区',142,0,3,NULL),(1808,'大兴安岭地区呼中区',142,0,3,NULL),(1809,'大兴安岭地区新林区',142,0,3,NULL),(1810,'大兴安岭地区松岭区',142,0,3,NULL),(1811,'漠河县',142,0,3,NULL),(2027,'下关区',162,0,3,NULL),(2028,'六合区',162,0,3,NULL),(2029,'建邺区',162,0,3,NULL),(2030,'栖霞区',162,0,3,NULL),(2031,'江宁区',162,0,3,NULL),(2032,'浦口区',162,0,3,NULL),(2033,'溧水县',162,0,3,NULL),(2034,'玄武区',162,0,3,NULL),(2035,'白下区',162,0,3,NULL),(2036,'秦淮区',162,0,3,NULL),(2037,'雨花台区',162,0,3,NULL),(2038,'高淳县',162,0,3,NULL),(2039,'鼓楼区',162,0,3,NULL),(2040,'北塘区',163,0,3,NULL),(2041,'南长区',163,0,3,NULL),(2042,'宜兴市',163,0,3,NULL),(2043,'崇安区',163,0,3,NULL),(2044,'惠山区',163,0,3,NULL),(2045,'江阴市',163,0,3,NULL),(2046,'滨湖区',163,0,3,NULL),(2047,'锡山区',163,0,3,NULL),(2048,'丰县',164,0,3,NULL),(2049,'九里区',164,0,3,NULL),(2050,'云龙区',164,0,3,NULL),(2051,'新沂市',164,0,3,NULL),(2052,'沛县',164,0,3,NULL),(2053,'泉山区',164,0,3,NULL),(2054,'睢宁县',164,0,3,NULL),(2055,'贾汪区',164,0,3,NULL),(2056,'邳州市',164,0,3,NULL),(2057,'铜山县',164,0,3,NULL),(2058,'鼓楼区',164,0,3,NULL),(2059,'天宁区',165,0,3,NULL),(2060,'戚墅堰区',165,0,3,NULL),(2061,'新北区',165,0,3,NULL),(2062,'武进区',165,0,3,NULL),(2063,'溧阳市',165,0,3,NULL),(2064,'金坛市',165,0,3,NULL),(2065,'钟楼区',165,0,3,NULL),(2066,'吴中区',166,0,3,NULL),(2067,'吴江市',166,0,3,NULL),(2068,'太仓市',166,0,3,NULL),(2069,'常熟市',166,0,3,NULL),(2070,'平江区',166,0,3,NULL),(2071,'张家港市',166,0,3,NULL),(2072,'昆山市',166,0,3,NULL),(2073,'沧浪区',166,0,3,NULL),(2074,'相城区',166,0,3,NULL),(2075,'苏州工业园区',166,0,3,NULL),(2076,'虎丘区',166,0,3,NULL),(2077,'金阊区',166,0,3,NULL),(2078,'启东市',167,0,3,NULL),(2079,'如东县',167,0,3,NULL),(2080,'如皋市',167,0,3,NULL),(2081,'崇川区',167,0,3,NULL),(2082,'海安县',167,0,3,NULL),(2083,'海门市',167,0,3,NULL),(2084,'港闸区',167,0,3,NULL),(2085,'通州市',167,0,3,NULL),(2086,'东海县',168,0,3,NULL),(2087,'新浦区',168,0,3,NULL),(2088,'海州区',168,0,3,NULL),(2089,'灌云县',168,0,3,NULL),(2090,'灌南县',168,0,3,NULL),(2091,'赣榆县',168,0,3,NULL),(2092,'连云区',168,0,3,NULL),(2093,'楚州区',169,0,3,NULL),(2094,'洪泽县',169,0,3,NULL),(2095,'涟水县',169,0,3,NULL),(2096,'淮阴区',169,0,3,NULL),(2097,'清河区',169,0,3,NULL),(2098,'清浦区',169,0,3,NULL),(2099,'盱眙县',169,0,3,NULL),(2100,'金湖县',169,0,3,NULL),(2101,'东台市',170,0,3,NULL),(2102,'亭湖区',170,0,3,NULL),(2103,'响水县',170,0,3,NULL),(2104,'大丰市',170,0,3,NULL),(2105,'射阳县',170,0,3,NULL),(2106,'建湖县',170,0,3,NULL),(2107,'滨海县',170,0,3,NULL),(2108,'盐都区',170,0,3,NULL),(2109,'阜宁县',170,0,3,NULL),(2110,'仪征市',171,0,3,NULL),(2111,'宝应县',171,0,3,NULL),(2112,'广陵区',171,0,3,NULL),(2113,'江都市',171,0,3,NULL),(2114,'维扬区',171,0,3,NULL),(2115,'邗江区',171,0,3,NULL),(2116,'高邮市',171,0,3,NULL),(2117,'丹徒区',172,0,3,NULL),(2118,'丹阳市',172,0,3,NULL),(2119,'京口区',172,0,3,NULL),(2120,'句容市',172,0,3,NULL),(2121,'扬中市',172,0,3,NULL),(2122,'润州区',172,0,3,NULL),(2123,'兴化市',173,0,3,NULL),(2124,'姜堰市',173,0,3,NULL),(2125,'泰兴市',173,0,3,NULL),(2126,'海陵区',173,0,3,NULL),(2127,'靖江市',173,0,3,NULL),(2128,'高港区',173,0,3,NULL),(2129,'宿城区',174,0,3,NULL),(2130,'宿豫区',174,0,3,NULL),(2131,'沭阳县',174,0,3,NULL),(2132,'泗洪县',174,0,3,NULL),(2133,'泗阳县',174,0,3,NULL),(2134,'上城区',175,0,3,NULL),(2135,'下城区',175,0,3,NULL),(2136,'临安市',175,0,3,NULL),(2137,'余杭区',175,0,3,NULL),(2138,'富阳市',175,0,3,NULL),(2139,'建德市',175,0,3,NULL),(2140,'拱墅区',175,0,3,NULL),(2141,'桐庐县',175,0,3,NULL),(2142,'江干区',175,0,3,NULL),(2143,'淳安县',175,0,3,NULL),(2144,'滨江区',175,0,3,NULL),(2145,'萧山区',175,0,3,NULL),(2146,'西湖区',175,0,3,NULL),(2147,'余姚市',176,0,3,NULL),(2148,'北仑区',176,0,3,NULL),(2149,'奉化市',176,0,3,NULL),(2150,'宁海县',176,0,3,NULL),(2151,'慈溪市',176,0,3,NULL),(2152,'江东区',176,0,3,NULL),(2153,'江北区',176,0,3,NULL),(2154,'海曙区',176,0,3,NULL),(2155,'象山县',176,0,3,NULL),(2156,'鄞州区',176,0,3,NULL),(2157,'镇海区',176,0,3,NULL),(2158,'乐清市',177,0,3,NULL),(2159,'平阳县',177,0,3,NULL),(2160,'文成县',177,0,3,NULL),(2161,'永嘉县',177,0,3,NULL),(2162,'泰顺县',177,0,3,NULL),(2163,'洞头县',177,0,3,NULL),(2164,'瑞安市',177,0,3,NULL),(2165,'瓯海区',177,0,3,NULL),(2166,'苍南县',177,0,3,NULL),(2167,'鹿城区',177,0,3,NULL),(2168,'龙湾区',177,0,3,NULL),(2169,'南湖区',178,0,3,NULL),(2170,'嘉善县',178,0,3,NULL),(2171,'平湖市',178,0,3,NULL),(2172,'桐乡市',178,0,3,NULL),(2173,'海宁市',178,0,3,NULL),(2174,'海盐县',178,0,3,NULL),(2175,'秀洲区',178,0,3,NULL),(2176,'南浔区',179,0,3,NULL),(2177,'吴兴区',179,0,3,NULL),(2178,'安吉县',179,0,3,NULL),(2179,'德清县',179,0,3,NULL),(2180,'长兴县',179,0,3,NULL),(2181,'上虞市',180,0,3,NULL),(2182,'嵊州市',180,0,3,NULL),(2183,'新昌县',180,0,3,NULL),(2184,'绍兴县',180,0,3,NULL),(2185,'诸暨市',180,0,3,NULL),(2186,'越城区',180,0,3,NULL),(2187,'定海区',181,0,3,NULL),(2188,'岱山县',181,0,3,NULL),(2189,'嵊泗县',181,0,3,NULL),(2190,'普陀区',181,0,3,NULL),(2191,'常山县',182,0,3,NULL),(2192,'开化县',182,0,3,NULL),(2193,'柯城区',182,0,3,NULL),(2194,'江山市',182,0,3,NULL),(2195,'衢江区',182,0,3,NULL),(2196,'龙游县',182,0,3,NULL),(2197,'东阳市',183,0,3,NULL),(2198,'义乌市',183,0,3,NULL),(2199,'兰溪市',183,0,3,NULL),(2200,'婺城区',183,0,3,NULL),(2201,'武义县',183,0,3,NULL),(2202,'永康市',183,0,3,NULL),(2203,'浦江县',183,0,3,NULL),(2204,'磐安县',183,0,3,NULL),(2205,'金东区',183,0,3,NULL),(2206,'三门县',184,0,3,NULL),(2207,'临海市',184,0,3,NULL),(2208,'仙居县',184,0,3,NULL),(2209,'天台县',184,0,3,NULL),(2210,'椒江区',184,0,3,NULL),(2211,'温岭市',184,0,3,NULL),(2212,'玉环县',184,0,3,NULL),(2213,'路桥区',184,0,3,NULL),(2214,'黄岩区',184,0,3,NULL),(2215,'云和县',185,0,3,NULL),(2216,'庆元县',185,0,3,NULL),(2217,'景宁畲族自治县',185,0,3,NULL),(2218,'松阳县',185,0,3,NULL),(2219,'缙云县',185,0,3,NULL),(2220,'莲都区',185,0,3,NULL),(2221,'遂昌县',185,0,3,NULL),(2222,'青田县',185,0,3,NULL),(2223,'龙泉市',185,0,3,NULL),(2224,'包河区',186,0,3,NULL),(2225,'庐阳区',186,0,3,NULL),(2226,'瑶海区',186,0,3,NULL),(2227,'肥东县',186,0,3,NULL),(2228,'肥西县',186,0,3,NULL),(2229,'蜀山区',186,0,3,NULL),(2230,'长丰县',186,0,3,NULL),(2231,'三山区',187,0,3,NULL),(2232,'南陵县',187,0,3,NULL),(2233,'弋江区',187,0,3,NULL),(2234,'繁昌县',187,0,3,NULL),(2235,'芜湖县',187,0,3,NULL),(2236,'镜湖区',187,0,3,NULL),(2237,'鸠江区',187,0,3,NULL),(2238,'五河县',188,0,3,NULL),(2239,'固镇县',188,0,3,NULL),(2240,'怀远县',188,0,3,NULL),(2241,'淮上区',188,0,3,NULL),(2242,'禹会区',188,0,3,NULL),(2243,'蚌山区',188,0,3,NULL),(2244,'龙子湖区',188,0,3,NULL),(2245,'八公山区',189,0,3,NULL),(2246,'凤台县',189,0,3,NULL),(2247,'大通区',189,0,3,NULL),(2248,'潘集区',189,0,3,NULL),(2249,'田家庵区',189,0,3,NULL),(2250,'谢家集区',189,0,3,NULL),(2251,'当涂县',190,0,3,NULL),(2252,'花山区',190,0,3,NULL),(2253,'金家庄区',190,0,3,NULL),(2254,'雨山区',190,0,3,NULL),(2255,'杜集区',191,0,3,NULL),(2256,'濉溪县',191,0,3,NULL),(2257,'烈山区',191,0,3,NULL),(2258,'相山区',191,0,3,NULL),(2259,'狮子山区',192,0,3,NULL),(2260,'郊区',192,0,3,NULL),(2261,'铜官山区',192,0,3,NULL),(2262,'铜陵县',192,0,3,NULL),(2263,'大观区',193,0,3,NULL),(2264,'太湖县',193,0,3,NULL),(2265,'宜秀区',193,0,3,NULL),(2266,'宿松县',193,0,3,NULL),(2267,'岳西县',193,0,3,NULL),(2268,'怀宁县',193,0,3,NULL),(2269,'望江县',193,0,3,NULL),(2270,'枞阳县',193,0,3,NULL),(2271,'桐城市',193,0,3,NULL),(2272,'潜山县',193,0,3,NULL),(2273,'迎江区',193,0,3,NULL),(2274,'休宁县',194,0,3,NULL),(2275,'屯溪区',194,0,3,NULL),(2276,'徽州区',194,0,3,NULL),(2277,'歙县',194,0,3,NULL),(2278,'祁门县',194,0,3,NULL),(2279,'黄山区',194,0,3,NULL),(2280,'黟县',194,0,3,NULL),(2281,'全椒县',195,0,3,NULL),(2282,'凤阳县',195,0,3,NULL),(2283,'南谯区',195,0,3,NULL),(2284,'天长市',195,0,3,NULL),(2285,'定远县',195,0,3,NULL),(2286,'明光市',195,0,3,NULL),(2287,'来安县',195,0,3,NULL),(2288,'琅玡区',195,0,3,NULL),(2289,'临泉县',196,0,3,NULL),(2290,'太和县',196,0,3,NULL),(2291,'界首市',196,0,3,NULL),(2292,'阜南县',196,0,3,NULL),(2293,'颍东区',196,0,3,NULL),(2294,'颍州区',196,0,3,NULL),(2295,'颍泉区',196,0,3,NULL),(2296,'颖上县',196,0,3,NULL),(2297,'埇桥区',197,0,3,NULL),(2298,'泗县辖',197,0,3,NULL),(2299,'灵璧县',197,0,3,NULL),(2300,'砀山县',197,0,3,NULL),(2301,'萧县',197,0,3,NULL),(2302,'含山县',198,0,3,NULL),(2303,'和县',198,0,3,NULL),(2304,'居巢区',198,0,3,NULL),(2305,'庐江县',198,0,3,NULL),(2306,'无为县',198,0,3,NULL),(2307,'寿县',199,0,3,NULL),(2308,'舒城县',199,0,3,NULL),(2309,'裕安区',199,0,3,NULL),(2310,'金安区',199,0,3,NULL),(2311,'金寨县',199,0,3,NULL),(2312,'霍山县',199,0,3,NULL),(2313,'霍邱县',199,0,3,NULL),(2314,'利辛县',200,0,3,NULL),(2315,'涡阳县',200,0,3,NULL),(2316,'蒙城县',200,0,3,NULL),(2317,'谯城区',200,0,3,NULL),(2318,'东至县',201,0,3,NULL),(2319,'石台县',201,0,3,NULL),(2320,'贵池区',201,0,3,NULL),(2321,'青阳县',201,0,3,NULL),(2322,'宁国市',202,0,3,NULL),(2323,'宣州区',202,0,3,NULL),(2324,'广德县',202,0,3,NULL),(2325,'旌德县',202,0,3,NULL),(2326,'泾县',202,0,3,NULL),(2327,'绩溪县',202,0,3,NULL),(2328,'郎溪县',202,0,3,NULL),(2329,'仓山区',203,0,3,NULL),(2330,'台江区',203,0,3,NULL),(2331,'平潭县',203,0,3,NULL),(2332,'晋安区',203,0,3,NULL),(2333,'永泰县',203,0,3,NULL),(2334,'福清市',203,0,3,NULL),(2335,'罗源县',203,0,3,NULL),(2336,'连江县',203,0,3,NULL),(2337,'长乐市',203,0,3,NULL),(2338,'闽侯县',203,0,3,NULL),(2339,'闽清县',203,0,3,NULL),(2340,'马尾区',203,0,3,NULL),(2341,'鼓楼区',203,0,3,NULL),(2342,'同安区',204,0,3,NULL),(2343,'思明区',204,0,3,NULL),(2344,'海沧区',204,0,3,NULL),(2345,'湖里区',204,0,3,NULL),(2346,'翔安区',204,0,3,NULL),(2347,'集美区',204,0,3,NULL),(2348,'仙游县',205,0,3,NULL),(2349,'城厢区',205,0,3,NULL),(2350,'涵江区',205,0,3,NULL),(2351,'秀屿区',205,0,3,NULL),(2352,'荔城区',205,0,3,NULL),(2353,'三元区',206,0,3,NULL),(2354,'大田县',206,0,3,NULL),(2355,'宁化县',206,0,3,NULL),(2356,'将乐县',206,0,3,NULL),(2357,'尤溪县',206,0,3,NULL),(2358,'建宁县',206,0,3,NULL),(2359,'明溪县',206,0,3,NULL),(2360,'梅列区',206,0,3,NULL),(2361,'永安市',206,0,3,NULL),(2362,'沙县',206,0,3,NULL),(2363,'泰宁县',206,0,3,NULL),(2364,'清流县',206,0,3,NULL),(2365,'丰泽区',207,0,3,NULL),(2366,'南安市',207,0,3,NULL),(2367,'安溪县',207,0,3,NULL),(2368,'德化县',207,0,3,NULL),(2369,'惠安县',207,0,3,NULL),(2370,'晋江市',207,0,3,NULL),(2371,'永春县',207,0,3,NULL),(2372,'泉港区',207,0,3,NULL),(2373,'洛江区',207,0,3,NULL),(2374,'石狮市',207,0,3,NULL),(2375,'金门县',207,0,3,NULL),(2376,'鲤城区',207,0,3,NULL),(2377,'东山县',208,0,3,NULL),(2378,'云霄县',208,0,3,NULL),(2379,'华安县',208,0,3,NULL),(2380,'南靖县',208,0,3,NULL),(2381,'平和县',208,0,3,NULL),(2382,'漳浦县',208,0,3,NULL),(2383,'芗城区',208,0,3,NULL),(2384,'诏安县',208,0,3,NULL),(2385,'长泰县',208,0,3,NULL),(2386,'龙文区',208,0,3,NULL),(2387,'龙海市',208,0,3,NULL),(2388,'光泽县',209,0,3,NULL),(2389,'延平区',209,0,3,NULL),(2390,'建瓯市',209,0,3,NULL),(2391,'建阳市',209,0,3,NULL),(2392,'政和县',209,0,3,NULL),(2393,'松溪县',209,0,3,NULL),(2394,'武夷山市',209,0,3,NULL),(2395,'浦城县',209,0,3,NULL),(2396,'邵武市',209,0,3,NULL),(2397,'顺昌县',209,0,3,NULL),(2398,'上杭县',210,0,3,NULL),(2399,'新罗区',210,0,3,NULL),(2400,'武平县',210,0,3,NULL),(2401,'永定县',210,0,3,NULL),(2402,'漳平市',210,0,3,NULL),(2403,'连城县',210,0,3,NULL),(2404,'长汀县',210,0,3,NULL),(2405,'古田县',211,0,3,NULL),(2406,'周宁县',211,0,3,NULL),(2407,'寿宁县',211,0,3,NULL),(2408,'屏南县',211,0,3,NULL),(2409,'柘荣县',211,0,3,NULL),(2410,'福安市',211,0,3,NULL),(2411,'福鼎市',211,0,3,NULL),(2412,'蕉城区',211,0,3,NULL),(2413,'霞浦县',211,0,3,NULL),(2414,'东湖区',212,0,3,NULL),(2415,'南昌县',212,0,3,NULL),(2416,'安义县',212,0,3,NULL),(2417,'新建县',212,0,3,NULL),(2418,'湾里区',212,0,3,NULL),(2419,'西湖区',212,0,3,NULL),(2420,'进贤县',212,0,3,NULL),(2421,'青云谱区',212,0,3,NULL),(2422,'青山湖区',212,0,3,NULL),(2423,'乐平市',213,0,3,NULL),(2424,'昌江区',213,0,3,NULL),(2425,'浮梁县',213,0,3,NULL),(2426,'珠山区',213,0,3,NULL),(2427,'上栗县',214,0,3,NULL),(2428,'安源区',214,0,3,NULL),(2429,'湘东区',214,0,3,NULL),(2430,'芦溪县',214,0,3,NULL),(2431,'莲花县',214,0,3,NULL),(2432,'九江县',215,0,3,NULL),(2433,'修水县',215,0,3,NULL),(2434,'庐山区',215,0,3,NULL),(2435,'彭泽县',215,0,3,NULL),(2436,'德安县',215,0,3,NULL),(2437,'星子县',215,0,3,NULL),(2438,'武宁县',215,0,3,NULL),(2439,'永修县',215,0,3,NULL),(2440,'浔阳区',215,0,3,NULL),(2441,'湖口县',215,0,3,NULL),(2442,'瑞昌市',215,0,3,NULL),(2443,'都昌县',215,0,3,NULL),(2444,'分宜县',216,0,3,NULL),(2445,'渝水区',216,0,3,NULL),(2446,'余江县',217,0,3,NULL),(2447,'月湖区',217,0,3,NULL),(2448,'贵溪市',217,0,3,NULL),(2449,'上犹县',218,0,3,NULL),(2450,'于都县',218,0,3,NULL),(2451,'会昌县',218,0,3,NULL),(2452,'信丰县',218,0,3,NULL),(2453,'全南县',218,0,3,NULL),(2454,'兴国县',218,0,3,NULL),(2455,'南康市',218,0,3,NULL),(2456,'大余县',218,0,3,NULL),(2457,'宁都县',218,0,3,NULL),(2458,'安远县',218,0,3,NULL),(2459,'定南县',218,0,3,NULL),(2460,'寻乌县',218,0,3,NULL),(2461,'崇义县',218,0,3,NULL),(2462,'瑞金市',218,0,3,NULL),(2463,'石城县',218,0,3,NULL),(2464,'章贡区',218,0,3,NULL),(2465,'赣县',218,0,3,NULL),(2466,'龙南县',218,0,3,NULL),(2467,'万安县',219,0,3,NULL),(2468,'井冈山市',219,0,3,NULL),(2469,'吉安县',219,0,3,NULL),(2470,'吉州区',219,0,3,NULL),(2471,'吉水县',219,0,3,NULL),(2472,'安福县',219,0,3,NULL),(2473,'峡江县',219,0,3,NULL),(2474,'新干县',219,0,3,NULL),(2475,'永丰县',219,0,3,NULL),(2476,'永新县',219,0,3,NULL),(2477,'泰和县',219,0,3,NULL),(2478,'遂川县',219,0,3,NULL),(2479,'青原区',219,0,3,NULL),(2480,'万载县',220,0,3,NULL),(2481,'上高县',220,0,3,NULL),(2482,'丰城市',220,0,3,NULL),(2483,'奉新县',220,0,3,NULL),(2484,'宜丰县',220,0,3,NULL),(2485,'樟树市',220,0,3,NULL),(2486,'袁州区',220,0,3,NULL),(2487,'铜鼓县',220,0,3,NULL),(2488,'靖安县',220,0,3,NULL),(2489,'高安市',220,0,3,NULL),(2490,'东乡县',221,0,3,NULL),(2491,'临川区',221,0,3,NULL),(2492,'乐安县',221,0,3,NULL),(2493,'南丰县',221,0,3,NULL),(2494,'南城县',221,0,3,NULL),(2495,'宜黄县',221,0,3,NULL),(2496,'崇仁县',221,0,3,NULL),(2497,'广昌县',221,0,3,NULL),(2498,'资溪县',221,0,3,NULL),(2499,'金溪县',221,0,3,NULL),(2500,'黎川县',221,0,3,NULL),(2501,'万年县',222,0,3,NULL),(2502,'上饶县',222,0,3,NULL),(2503,'余干县',222,0,3,NULL),(2504,'信州区',222,0,3,NULL),(2505,'婺源县',222,0,3,NULL),(2506,'广丰县',222,0,3,NULL),(2507,'弋阳县',222,0,3,NULL),(2508,'德兴市',222,0,3,NULL),(2509,'横峰县',222,0,3,NULL),(2510,'玉山县',222,0,3,NULL),(2511,'鄱阳县',222,0,3,NULL),(2512,'铅山县',222,0,3,NULL),(2513,'历下区',223,0,3,NULL),(2514,'历城区',223,0,3,NULL),(2515,'商河县',223,0,3,NULL),(2516,'天桥区',223,0,3,NULL),(2517,'市中区',223,0,3,NULL),(2518,'平阴县',223,0,3,NULL),(2519,'槐荫区',223,0,3,NULL),(2520,'济阳县',223,0,3,NULL),(2521,'章丘市',223,0,3,NULL),(2522,'长清区',223,0,3,NULL),(2523,'即墨市',224,0,3,NULL),(2524,'四方区',224,0,3,NULL),(2525,'城阳区',224,0,3,NULL),(2526,'崂山区',224,0,3,NULL),(2527,'市北区',224,0,3,NULL),(2528,'市南区',224,0,3,NULL),(2529,'平度市',224,0,3,NULL),(2530,'李沧区',224,0,3,NULL),(2531,'胶南市',224,0,3,NULL),(2532,'胶州市',224,0,3,NULL),(2533,'莱西市',224,0,3,NULL),(2534,'黄岛区',224,0,3,NULL),(2535,'临淄区',225,0,3,NULL),(2536,'博山区',225,0,3,NULL),(2537,'周村区',225,0,3,NULL),(2538,'张店区',225,0,3,NULL),(2539,'桓台县',225,0,3,NULL),(2540,'沂源县',225,0,3,NULL),(2541,'淄川区',225,0,3,NULL),(2542,'高青县',225,0,3,NULL),(2543,'台儿庄区',226,0,3,NULL),(2544,'山亭区',226,0,3,NULL),(2545,'峄城区',226,0,3,NULL),(2546,'市中区',226,0,3,NULL),(2547,'滕州市',226,0,3,NULL),(2548,'薛城区',226,0,3,NULL),(2549,'东营区',227,0,3,NULL),(2550,'利津县',227,0,3,NULL),(2551,'垦利县',227,0,3,NULL),(2552,'广饶县',227,0,3,NULL),(2553,'河口区',227,0,3,NULL),(2554,'招远市',228,0,3,NULL),(2555,'栖霞市',228,0,3,NULL),(2556,'海阳市',228,0,3,NULL),(2557,'牟平区',228,0,3,NULL),(2558,'福山区',228,0,3,NULL),(2559,'芝罘区',228,0,3,NULL),(2560,'莱山区',228,0,3,NULL),(2561,'莱州市',228,0,3,NULL),(2562,'莱阳市',228,0,3,NULL),(2563,'蓬莱市',228,0,3,NULL),(2564,'长岛县',228,0,3,NULL),(2565,'龙口市',228,0,3,NULL),(2566,'临朐县',229,0,3,NULL),(2567,'坊子区',229,0,3,NULL),(2568,'奎文区',229,0,3,NULL),(2569,'安丘市',229,0,3,NULL),(2570,'寒亭区',229,0,3,NULL),(2571,'寿光市',229,0,3,NULL),(2572,'昌乐县',229,0,3,NULL),(2573,'昌邑市',229,0,3,NULL),(2574,'潍城区',229,0,3,NULL),(2575,'诸城市',229,0,3,NULL),(2576,'青州市',229,0,3,NULL),(2577,'高密市',229,0,3,NULL),(2578,'任城区',230,0,3,NULL),(2579,'兖州市',230,0,3,NULL),(2580,'嘉祥县',230,0,3,NULL),(2581,'市中区',230,0,3,NULL),(2582,'微山县',230,0,3,NULL),(2583,'曲阜市',230,0,3,NULL),(2584,'梁山县',230,0,3,NULL),(2585,'汶上县',230,0,3,NULL),(2586,'泗水县',230,0,3,NULL),(2587,'邹城市',230,0,3,NULL),(2588,'金乡县',230,0,3,NULL),(2589,'鱼台县',230,0,3,NULL),(2590,'东平县',231,0,3,NULL),(2591,'宁阳县',231,0,3,NULL),(2592,'岱岳区',231,0,3,NULL),(2593,'新泰市',231,0,3,NULL),(2594,'泰山区',231,0,3,NULL),(2595,'肥城市',231,0,3,NULL),(2596,'乳山市',232,0,3,NULL),(2597,'文登市',232,0,3,NULL),(2598,'环翠区',232,0,3,NULL),(2599,'荣成市',232,0,3,NULL),(2600,'东港区',233,0,3,NULL),(2601,'五莲县',233,0,3,NULL),(2602,'岚山区',233,0,3,NULL),(2603,'莒县',233,0,3,NULL),(2604,'莱城区',234,0,3,NULL),(2605,'钢城区',234,0,3,NULL),(2606,'临沭县',235,0,3,NULL),(2607,'兰山区',235,0,3,NULL),(2608,'平邑县',235,0,3,NULL),(2609,'沂南县',235,0,3,NULL),(2610,'沂水县',235,0,3,NULL),(2611,'河东区',235,0,3,NULL),(2612,'罗庄区',235,0,3,NULL),(2613,'苍山县',235,0,3,NULL),(2614,'莒南县',235,0,3,NULL),(2615,'蒙阴县',235,0,3,NULL),(2616,'费县',235,0,3,NULL),(2617,'郯城县',235,0,3,NULL),(2618,'临邑县',236,0,3,NULL),(2619,'乐陵市',236,0,3,NULL),(2620,'夏津县',236,0,3,NULL),(2621,'宁津县',236,0,3,NULL),(2622,'平原县',236,0,3,NULL),(2623,'庆云县',236,0,3,NULL),(2624,'德城区',236,0,3,NULL),(2625,'武城县',236,0,3,NULL),(2626,'禹城市',236,0,3,NULL),(2627,'陵县',236,0,3,NULL),(2628,'齐河县',236,0,3,NULL),(2629,'东昌府区',237,0,3,NULL),(2630,'东阿县',237,0,3,NULL),(2631,'临清市',237,0,3,NULL),(2632,'冠县',237,0,3,NULL),(2633,'茌平县',237,0,3,NULL),(2634,'莘县',237,0,3,NULL),(2635,'阳谷县',237,0,3,NULL),(2636,'高唐县',237,0,3,NULL),(2637,'博兴县',238,0,3,NULL),(2638,'惠民县',238,0,3,NULL),(2639,'无棣县',238,0,3,NULL),(2640,'沾化县',238,0,3,NULL),(2641,'滨城区',238,0,3,NULL),(2642,'邹平县',238,0,3,NULL),(2643,'阳信县',238,0,3,NULL),(2644,'东明县',239,0,3,NULL),(2645,'单县',239,0,3,NULL),(2646,'定陶县',239,0,3,NULL),(2647,'巨野县',239,0,3,NULL),(2648,'成武县',239,0,3,NULL),(2649,'曹县',239,0,3,NULL),(2650,'牡丹区',239,0,3,NULL),(2651,'郓城县',239,0,3,NULL),(2652,'鄄城县',239,0,3,NULL),(2653,'上街区',240,0,3,NULL),(2654,'中原区',240,0,3,NULL),(2655,'中牟县',240,0,3,NULL),(2656,'二七区',240,0,3,NULL),(2657,'巩义市',240,0,3,NULL),(2658,'惠济区',240,0,3,NULL),(2659,'新密市',240,0,3,NULL),(2660,'新郑市',240,0,3,NULL),(2661,'登封市',240,0,3,NULL),(2662,'管城回族区',240,0,3,NULL),(2663,'荥阳市',240,0,3,NULL),(2664,'金水区',240,0,3,NULL),(2665,'兰考县',241,0,3,NULL),(2666,'尉氏县',241,0,3,NULL),(2667,'开封县',241,0,3,NULL),(2668,'杞县',241,0,3,NULL),(2669,'禹王台区',241,0,3,NULL),(2670,'通许县',241,0,3,NULL),(2671,'金明区',241,0,3,NULL),(2672,'顺河回族区',241,0,3,NULL),(2673,'鼓楼区',241,0,3,NULL),(2674,'龙亭区',241,0,3,NULL),(2675,'伊川县',242,0,3,NULL),(2676,'偃师市',242,0,3,NULL),(2677,'吉利区',242,0,3,NULL),(2678,'孟津县',242,0,3,NULL),(2679,'宜阳县',242,0,3,NULL),(2680,'嵩县',242,0,3,NULL),(2681,'新安县',242,0,3,NULL),(2682,'栾川县',242,0,3,NULL),(2683,'汝阳县',242,0,3,NULL),(2684,'洛宁县',242,0,3,NULL),(2685,'洛龙区',242,0,3,NULL),(2686,'涧西区',242,0,3,NULL),(2687,'瀍河回族区',242,0,3,NULL),(2688,'老城区',242,0,3,NULL),(2689,'西工区',242,0,3,NULL),(2690,'卫东区',243,0,3,NULL),(2691,'叶县',243,0,3,NULL),(2692,'宝丰县',243,0,3,NULL),(2693,'新华区',243,0,3,NULL),(2694,'汝州市',243,0,3,NULL),(2695,'湛河区',243,0,3,NULL),(2696,'石龙区',243,0,3,NULL),(2697,'舞钢市',243,0,3,NULL),(2698,'郏县',243,0,3,NULL),(2699,'鲁山县',243,0,3,NULL),(2700,'内黄县',244,0,3,NULL),(2701,'北关区',244,0,3,NULL),(2702,'安阳县',244,0,3,NULL),(2703,'文峰区',244,0,3,NULL),(2704,'林州市',244,0,3,NULL),(2705,'殷都区',244,0,3,NULL),(2706,'汤阴县',244,0,3,NULL),(2707,'滑县',244,0,3,NULL),(2708,'龙安区',244,0,3,NULL),(2709,'山城区',245,0,3,NULL),(2710,'浚县',245,0,3,NULL),(2711,'淇县',245,0,3,NULL),(2712,'淇滨区',245,0,3,NULL),(2713,'鹤山区',245,0,3,NULL),(2714,'凤泉区',246,0,3,NULL),(2715,'卫滨区',246,0,3,NULL),(2716,'卫辉市',246,0,3,NULL),(2717,'原阳县',246,0,3,NULL),(2718,'封丘县',246,0,3,NULL),(2719,'延津县',246,0,3,NULL),(2720,'新乡县',246,0,3,NULL),(2721,'牧野区',246,0,3,NULL),(2722,'红旗区',246,0,3,NULL),(2723,'获嘉县',246,0,3,NULL),(2724,'辉县市',246,0,3,NULL),(2725,'长垣县',246,0,3,NULL),(2726,'中站区',247,0,3,NULL),(2727,'修武县',247,0,3,NULL),(2728,'博爱县',247,0,3,NULL),(2729,'孟州市',247,0,3,NULL),(2730,'山阳区',247,0,3,NULL),(2731,'武陟县',247,0,3,NULL),(2732,'沁阳市',247,0,3,NULL),(2733,'温县',247,0,3,NULL),(2734,'解放区',247,0,3,NULL),(2735,'马村区',247,0,3,NULL),(2736,'华龙区',248,0,3,NULL),(2737,'南乐县',248,0,3,NULL),(2738,'台前县',248,0,3,NULL),(2739,'清丰县',248,0,3,NULL),(2740,'濮阳县',248,0,3,NULL),(2741,'范县',248,0,3,NULL),(2742,'禹州市',249,0,3,NULL),(2743,'襄城县',249,0,3,NULL),(2744,'许昌县',249,0,3,NULL),(2745,'鄢陵县',249,0,3,NULL),(2746,'长葛市',249,0,3,NULL),(2747,'魏都区',249,0,3,NULL),(2748,'临颍县',250,0,3,NULL),(2749,'召陵区',250,0,3,NULL),(2750,'源汇区',250,0,3,NULL),(2751,'舞阳县',250,0,3,NULL),(2752,'郾城区',250,0,3,NULL),(2753,'义马市',251,0,3,NULL),(2754,'卢氏县',251,0,3,NULL),(2755,'渑池县',251,0,3,NULL),(2756,'湖滨区',251,0,3,NULL),(2757,'灵宝市',251,0,3,NULL),(2758,'陕县',251,0,3,NULL),(2759,'内乡县',252,0,3,NULL),(2760,'南召县',252,0,3,NULL),(2761,'卧龙区',252,0,3,NULL),(2762,'唐河县',252,0,3,NULL),(2763,'宛城区',252,0,3,NULL),(2764,'新野县',252,0,3,NULL),(2765,'方城县',252,0,3,NULL),(2766,'桐柏县',252,0,3,NULL),(2767,'淅川县',252,0,3,NULL),(2768,'社旗县',252,0,3,NULL),(2769,'西峡县',252,0,3,NULL),(2770,'邓州市',252,0,3,NULL),(2771,'镇平县',252,0,3,NULL),(2772,'夏邑县',253,0,3,NULL),(2773,'宁陵县',253,0,3,NULL),(2774,'柘城县',253,0,3,NULL),(2775,'民权县',253,0,3,NULL),(2776,'永城市',253,0,3,NULL),(2777,'睢县',253,0,3,NULL),(2778,'睢阳区',253,0,3,NULL),(2779,'粱园区',253,0,3,NULL),(2780,'虞城县',253,0,3,NULL),(2781,'光山县',254,0,3,NULL),(2782,'商城县',254,0,3,NULL),(2783,'固始县',254,0,3,NULL),(2784,'平桥区',254,0,3,NULL),(2785,'息县',254,0,3,NULL),(2786,'新县',254,0,3,NULL),(2787,'浉河区',254,0,3,NULL),(2788,'淮滨县',254,0,3,NULL),(2789,'潢川县',254,0,3,NULL),(2790,'罗山县',254,0,3,NULL),(2791,'商水县',255,0,3,NULL),(2792,'太康县',255,0,3,NULL),(2793,'川汇区',255,0,3,NULL),(2794,'扶沟县',255,0,3,NULL),(2795,'沈丘县',255,0,3,NULL),(2796,'淮阳县',255,0,3,NULL),(2797,'西华县',255,0,3,NULL),(2798,'郸城县',255,0,3,NULL),(2799,'项城市',255,0,3,NULL),(2800,'鹿邑县',255,0,3,NULL),(2801,'上蔡县',256,0,3,NULL),(2802,'平舆县',256,0,3,NULL),(2803,'新蔡县',256,0,3,NULL),(2804,'正阳县',256,0,3,NULL),(2805,'汝南县',256,0,3,NULL),(2806,'泌阳县',256,0,3,NULL),(2807,'确山县',256,0,3,NULL),(2808,'西平县',256,0,3,NULL),(2809,'遂平县',256,0,3,NULL),(2810,'驿城区',256,0,3,NULL),(2811,'济源市',257,0,3,NULL),(2812,'东西湖区',258,0,3,NULL),(2813,'新洲区',258,0,3,NULL),(2814,'武昌区',258,0,3,NULL),(2815,'汉南区',258,0,3,NULL),(2816,'汉阳区',258,0,3,NULL),(2817,'江夏区',258,0,3,NULL),(2818,'江岸区',258,0,3,NULL),(2819,'江汉区',258,0,3,NULL),(2820,'洪山区',258,0,3,NULL),(2821,'硚口区',258,0,3,NULL),(2822,'蔡甸区',258,0,3,NULL),(2823,'青山区',258,0,3,NULL),(2824,'黄陂区',258,0,3,NULL),(2825,'下陆区',259,0,3,NULL),(2826,'大冶市',259,0,3,NULL),(2827,'西塞山区',259,0,3,NULL),(2828,'铁山区',259,0,3,NULL),(2829,'阳新县',259,0,3,NULL),(2830,'黄石港区',259,0,3,NULL),(2831,'丹江口市',260,0,3,NULL),(2832,'张湾区',260,0,3,NULL),(2833,'房县',260,0,3,NULL),(2834,'竹山县',260,0,3,NULL),(2835,'竹溪县',260,0,3,NULL),(2836,'茅箭区',260,0,3,NULL),(2837,'郧县',260,0,3,NULL),(2838,'郧西县',260,0,3,NULL),(2839,'五峰土家族自治县',261,0,3,NULL),(2840,'伍家岗区',261,0,3,NULL),(2841,'兴山县',261,0,3,NULL),(2842,'夷陵区',261,0,3,NULL),(2843,'宜都市',261,0,3,NULL),(2844,'当阳市',261,0,3,NULL),(2845,'枝江市',261,0,3,NULL),(2846,'点军区',261,0,3,NULL),(2847,'秭归县',261,0,3,NULL),(2848,'虢亭区',261,0,3,NULL),(2849,'西陵区',261,0,3,NULL),(2850,'远安县',261,0,3,NULL),(2851,'长阳土家族自治县',261,0,3,NULL),(2852,'保康县',262,0,3,NULL),(2853,'南漳县',262,0,3,NULL),(2854,'宜城市',262,0,3,NULL),(2855,'枣阳市',262,0,3,NULL),(2856,'樊城区',262,0,3,NULL),(2857,'老河口市',262,0,3,NULL),(2858,'襄城区',262,0,3,NULL),(2859,'襄阳区',262,0,3,NULL),(2860,'谷城县',262,0,3,NULL),(2861,'华容区',263,0,3,NULL),(2862,'粱子湖',263,0,3,NULL),(2863,'鄂城区',263,0,3,NULL),(2864,'东宝区',264,0,3,NULL),(2865,'京山县',264,0,3,NULL),(2866,'掇刀区',264,0,3,NULL),(2867,'沙洋县',264,0,3,NULL),(2868,'钟祥市',264,0,3,NULL),(2869,'云梦县',265,0,3,NULL),(2870,'大悟县',265,0,3,NULL),(2871,'孝南区',265,0,3,NULL),(2872,'孝昌县',265,0,3,NULL),(2873,'安陆市',265,0,3,NULL),(2874,'应城市',265,0,3,NULL),(2875,'汉川市',265,0,3,NULL),(2876,'公安县',266,0,3,NULL),(2877,'松滋市',266,0,3,NULL),(2878,'江陵县',266,0,3,NULL),(2879,'沙市区',266,0,3,NULL),(2880,'洪湖市',266,0,3,NULL),(2881,'监利县',266,0,3,NULL),(2882,'石首市',266,0,3,NULL),(2883,'荆州区',266,0,3,NULL),(2884,'团风县',267,0,3,NULL),(2885,'武穴市',267,0,3,NULL),(2886,'浠水县',267,0,3,NULL),(2887,'红安县',267,0,3,NULL),(2888,'罗田县',267,0,3,NULL),(2889,'英山县',267,0,3,NULL),(2890,'蕲春县',267,0,3,NULL),(2891,'麻城市',267,0,3,NULL),(2892,'黄州区',267,0,3,NULL),(2893,'黄梅县',267,0,3,NULL),(2894,'咸安区',268,0,3,NULL),(2895,'嘉鱼县',268,0,3,NULL),(2896,'崇阳县',268,0,3,NULL),(2897,'赤壁市',268,0,3,NULL),(2898,'通城县',268,0,3,NULL),(2899,'通山县',268,0,3,NULL),(2900,'广水市',269,0,3,NULL),(2901,'曾都区',269,0,3,NULL),(2902,'利川市',270,0,3,NULL),(2903,'咸丰县',270,0,3,NULL),(2904,'宣恩县',270,0,3,NULL),(2905,'巴东县',270,0,3,NULL),(2906,'建始县',270,0,3,NULL),(2907,'恩施市',270,0,3,NULL),(2908,'来凤县',270,0,3,NULL),(2909,'鹤峰县',270,0,3,NULL),(2910,'仙桃市',271,0,3,NULL),(2911,'潜江市',272,0,3,NULL),(2912,'天门市',273,0,3,NULL),(2913,'神农架林区',274,0,3,NULL),(2914,'天心区',275,0,3,NULL),(2915,'宁乡县',275,0,3,NULL),(2916,'岳麓区',275,0,3,NULL),(2917,'开福区',275,0,3,NULL),(2918,'望城县',275,0,3,NULL),(2919,'浏阳市',275,0,3,NULL),(2920,'芙蓉区',275,0,3,NULL),(2921,'长沙县',275,0,3,NULL),(2922,'雨花区',275,0,3,NULL),(2923,'天元区',276,0,3,NULL),(2924,'攸县',276,0,3,NULL),(2925,'株洲县',276,0,3,NULL),(2926,'炎陵县',276,0,3,NULL),(2927,'石峰区',276,0,3,NULL),(2928,'芦淞区',276,0,3,NULL),(2929,'茶陵县',276,0,3,NULL),(2930,'荷塘区',276,0,3,NULL),(2931,'醴陵市',276,0,3,NULL),(2932,'岳塘区',277,0,3,NULL),(2933,'湘乡市',277,0,3,NULL),(2934,'湘潭县',277,0,3,NULL),(2935,'雨湖区',277,0,3,NULL),(2936,'韶山市',277,0,3,NULL),(2937,'南岳区',278,0,3,NULL),(2938,'常宁市',278,0,3,NULL),(2939,'珠晖区',278,0,3,NULL),(2940,'石鼓区',278,0,3,NULL),(2941,'祁东县',278,0,3,NULL),(2942,'耒阳市',278,0,3,NULL),(2943,'蒸湘区',278,0,3,NULL),(2944,'衡东县',278,0,3,NULL),(2945,'衡南县',278,0,3,NULL),(2946,'衡山县',278,0,3,NULL),(2947,'衡阳县',278,0,3,NULL),(2948,'雁峰区',278,0,3,NULL),(2949,'北塔区',279,0,3,NULL),(2950,'双清区',279,0,3,NULL),(2951,'城步苗族自治县',279,0,3,NULL),(2952,'大祥区',279,0,3,NULL),(2953,'新宁县',279,0,3,NULL),(2954,'新邵县',279,0,3,NULL),(2955,'武冈市',279,0,3,NULL),(2956,'洞口县',279,0,3,NULL),(2957,'绥宁县',279,0,3,NULL),(2958,'邵东县',279,0,3,NULL),(2959,'邵阳县',279,0,3,NULL),(2960,'隆回县',279,0,3,NULL),(2961,'临湘市',280,0,3,NULL),(2962,'云溪区',280,0,3,NULL),(2963,'华容县',280,0,3,NULL),(2964,'君山区',280,0,3,NULL),(2965,'岳阳县',280,0,3,NULL),(2966,'岳阳楼区',280,0,3,NULL),(2967,'平江县',280,0,3,NULL),(2968,'汨罗市',280,0,3,NULL),(2969,'湘阴县',280,0,3,NULL),(2970,'临澧县',281,0,3,NULL),(2971,'安乡县',281,0,3,NULL),(2972,'桃源县',281,0,3,NULL),(2973,'武陵区',281,0,3,NULL),(2974,'汉寿县',281,0,3,NULL),(2975,'津市市',281,0,3,NULL),(2976,'澧县',281,0,3,NULL),(2977,'石门县',281,0,3,NULL),(2978,'鼎城区',281,0,3,NULL),(2979,'慈利县',282,0,3,NULL),(2980,'桑植县',282,0,3,NULL),(2981,'武陵源区',282,0,3,NULL),(2982,'永定区',282,0,3,NULL),(2983,'南县',283,0,3,NULL),(2984,'安化县',283,0,3,NULL),(2985,'桃江县',283,0,3,NULL),(2986,'沅江市',283,0,3,NULL),(2987,'资阳区',283,0,3,NULL),(2988,'赫山区',283,0,3,NULL),(2989,'临武县',284,0,3,NULL),(2990,'北湖区',284,0,3,NULL),(2991,'嘉禾县',284,0,3,NULL),(2992,'安仁县',284,0,3,NULL),(2993,'宜章县',284,0,3,NULL),(2994,'桂东县',284,0,3,NULL),(2995,'桂阳县',284,0,3,NULL),(2996,'永兴县',284,0,3,NULL),(2997,'汝城县',284,0,3,NULL),(2998,'苏仙区',284,0,3,NULL),(2999,'资兴市',284,0,3,NULL),(3000,'东安县',285,0,3,NULL),(3001,'冷水滩区',285,0,3,NULL),(3002,'双牌县',285,0,3,NULL),(3003,'宁远县',285,0,3,NULL),(3004,'新田县',285,0,3,NULL),(3005,'江华瑶族自治县',285,0,3,NULL),(3006,'江永县',285,0,3,NULL),(3007,'祁阳县',285,0,3,NULL),(3008,'蓝山县',285,0,3,NULL),(3009,'道县',285,0,3,NULL),(3010,'零陵区',285,0,3,NULL),(3011,'中方县',286,0,3,NULL),(3012,'会同县',286,0,3,NULL),(3013,'新晃侗族自治县',286,0,3,NULL),(3014,'沅陵县',286,0,3,NULL),(3015,'洪江市/洪江区',286,0,3,NULL),(3016,'溆浦县',286,0,3,NULL),(3017,'芷江侗族自治县',286,0,3,NULL),(3018,'辰溪县',286,0,3,NULL),(3019,'通道侗族自治县',286,0,3,NULL),(3020,'靖州苗族侗族自治县',286,0,3,NULL),(3021,'鹤城区',286,0,3,NULL),(3022,'麻阳苗族自治县',286,0,3,NULL),(3023,'冷水江市',287,0,3,NULL),(3024,'双峰县',287,0,3,NULL),(3025,'娄星区',287,0,3,NULL),(3026,'新化县',287,0,3,NULL),(3027,'涟源市',287,0,3,NULL),(3028,'保靖县',288,0,3,NULL),(3029,'凤凰县',288,0,3,NULL),(3030,'古丈县',288,0,3,NULL),(3031,'吉首市',288,0,3,NULL),(3032,'永顺县',288,0,3,NULL),(3033,'泸溪县',288,0,3,NULL),(3034,'花垣县',288,0,3,NULL),(3035,'龙山县',288,0,3,NULL),(3036,'萝岗区',289,0,3,NULL),(3037,'南沙区',289,0,3,NULL),(3038,'从化市',289,0,3,NULL),(3039,'增城市',289,0,3,NULL),(3040,'天河区',289,0,3,NULL),(3041,'海珠区',289,0,3,NULL),(3042,'番禺区',289,0,3,NULL),(3043,'白云区',289,0,3,NULL),(3044,'花都区',289,0,3,NULL),(3045,'荔湾区',289,0,3,NULL),(3046,'越秀区',289,0,3,NULL),(3047,'黄埔区',289,0,3,NULL),(3048,'乐昌市',290,0,3,NULL),(3049,'乳源瑶族自治县',290,0,3,NULL),(3050,'仁化县',290,0,3,NULL),(3051,'南雄市',290,0,3,NULL),(3052,'始兴县',290,0,3,NULL),(3053,'新丰县',290,0,3,NULL),(3054,'曲江区',290,0,3,NULL),(3055,'武江区',290,0,3,NULL),(3056,'浈江区',290,0,3,NULL),(3057,'翁源县',290,0,3,NULL),(3058,'南山区',291,0,3,NULL),(3059,'宝安区',291,0,3,NULL),(3060,'盐田区',291,0,3,NULL),(3061,'福田区',291,0,3,NULL),(3062,'罗湖区',291,0,3,NULL),(3063,'龙岗区',291,0,3,NULL),(3064,'斗门区',292,0,3,NULL),(3065,'金湾区',292,0,3,NULL),(3066,'香洲区',292,0,3,NULL),(3067,'南澳县',293,0,3,NULL),(3068,'潮南区',293,0,3,NULL),(3069,'潮阳区',293,0,3,NULL),(3070,'澄海区',293,0,3,NULL),(3071,'濠江区',293,0,3,NULL),(3072,'金平区',293,0,3,NULL),(3073,'龙湖区',293,0,3,NULL),(3074,'三水区',294,0,3,NULL),(3075,'南海区',294,0,3,NULL),(3076,'禅城区',294,0,3,NULL),(3077,'顺德区',294,0,3,NULL),(3078,'高明区',294,0,3,NULL),(3079,'台山市',295,0,3,NULL),(3080,'开平市',295,0,3,NULL),(3081,'恩平市',295,0,3,NULL),(3082,'新会区',295,0,3,NULL),(3083,'江海区',295,0,3,NULL),(3084,'蓬江区',295,0,3,NULL),(3085,'鹤山市',295,0,3,NULL),(3086,'吴川市',296,0,3,NULL),(3087,'坡头区',296,0,3,NULL),(3088,'廉江市',296,0,3,NULL),(3089,'徐闻县',296,0,3,NULL),(3090,'赤坎区',296,0,3,NULL),(3091,'遂溪县',296,0,3,NULL),(3092,'雷州市',296,0,3,NULL),(3093,'霞山区',296,0,3,NULL),(3094,'麻章区',296,0,3,NULL),(3095,'信宜市',297,0,3,NULL),(3096,'化州市',297,0,3,NULL),(3097,'电白县',297,0,3,NULL),(3098,'茂南区',297,0,3,NULL),(3099,'茂港区',297,0,3,NULL),(3100,'高州市',297,0,3,NULL),(3101,'四会市',298,0,3,NULL),(3102,'封开县',298,0,3,NULL),(3103,'广宁县',298,0,3,NULL),(3104,'德庆县',298,0,3,NULL),(3105,'怀集县',298,0,3,NULL),(3106,'端州区',298,0,3,NULL),(3107,'高要市',298,0,3,NULL),(3108,'鼎湖区',298,0,3,NULL),(3109,'博罗县',299,0,3,NULL),(3110,'惠东县',299,0,3,NULL),(3111,'惠城区',299,0,3,NULL),(3112,'惠阳区',299,0,3,NULL),(3113,'龙门县',299,0,3,NULL),(3114,'丰顺县',300,0,3,NULL),(3115,'五华县',300,0,3,NULL),(3116,'兴宁市',300,0,3,NULL),(3117,'大埔县',300,0,3,NULL),(3118,'平远县',300,0,3,NULL),(3119,'梅县',300,0,3,NULL),(3120,'梅江区',300,0,3,NULL),(3121,'蕉岭县',300,0,3,NULL),(3122,'城区',301,0,3,NULL),(3123,'海丰县',301,0,3,NULL),(3124,'陆丰市',301,0,3,NULL),(3125,'陆河县',301,0,3,NULL),(3126,'东源县',302,0,3,NULL),(3127,'和平县',302,0,3,NULL),(3128,'源城区',302,0,3,NULL),(3129,'紫金县',302,0,3,NULL),(3130,'连平县',302,0,3,NULL),(3131,'龙川县',302,0,3,NULL),(3132,'江城区',303,0,3,NULL),(3133,'阳东县',303,0,3,NULL),(3134,'阳春市',303,0,3,NULL),(3135,'阳西县',303,0,3,NULL),(3136,'佛冈县',304,0,3,NULL),(3137,'清城区',304,0,3,NULL),(3138,'清新县',304,0,3,NULL),(3139,'英德市',304,0,3,NULL),(3140,'连南瑶族自治县',304,0,3,NULL),(3141,'连山壮族瑶族自治县',304,0,3,NULL),(3142,'连州市',304,0,3,NULL),(3143,'阳山县',304,0,3,NULL),(3144,'东莞市',305,0,3,NULL),(3145,'中山市',306,0,3,NULL),(3146,'湘桥区',307,0,3,NULL),(3147,'潮安县',307,0,3,NULL),(3148,'饶平县',307,0,3,NULL),(3149,'惠来县',308,0,3,NULL),(3150,'揭东县',308,0,3,NULL),(3151,'揭西县',308,0,3,NULL),(3152,'普宁市',308,0,3,NULL),(3153,'榕城区',308,0,3,NULL),(3154,'云城区',309,0,3,NULL),(3155,'云安县',309,0,3,NULL),(3156,'新兴县',309,0,3,NULL),(3157,'罗定市',309,0,3,NULL),(3158,'郁南县',309,0,3,NULL),(3159,'上林县',310,0,3,NULL),(3160,'兴宁区',310,0,3,NULL),(3161,'宾阳县',310,0,3,NULL),(3162,'横县',310,0,3,NULL),(3163,'武鸣县',310,0,3,NULL),(3164,'江南区',310,0,3,NULL),(3165,'良庆区',310,0,3,NULL),(3166,'西乡塘区',310,0,3,NULL),(3167,'邕宁区',310,0,3,NULL),(3168,'隆安县',310,0,3,NULL),(3169,'青秀区',310,0,3,NULL),(3170,'马山县',310,0,3,NULL),(3171,'三江侗族自治县',311,0,3,NULL),(3172,'城中区',311,0,3,NULL),(3173,'柳北区',311,0,3,NULL),(3174,'柳南区',311,0,3,NULL),(3175,'柳城县',311,0,3,NULL),(3176,'柳江县',311,0,3,NULL),(3177,'融安县',311,0,3,NULL),(3178,'融水苗族自治县',311,0,3,NULL),(3179,'鱼峰区',311,0,3,NULL),(3180,'鹿寨县',311,0,3,NULL),(3181,'七星区',312,0,3,NULL),(3182,'临桂县',312,0,3,NULL),(3183,'全州县',312,0,3,NULL),(3184,'兴安县',312,0,3,NULL),(3185,'叠彩区',312,0,3,NULL),(3186,'平乐县',312,0,3,NULL),(3187,'恭城瑶族自治县',312,0,3,NULL),(3188,'永福县',312,0,3,NULL),(3189,'灌阳县',312,0,3,NULL),(3190,'灵川县',312,0,3,NULL),(3191,'秀峰区',312,0,3,NULL),(3192,'荔浦县',312,0,3,NULL),(3193,'象山区',312,0,3,NULL),(3194,'资源县',312,0,3,NULL),(3195,'阳朔县',312,0,3,NULL),(3196,'雁山区',312,0,3,NULL),(3197,'龙胜各族自治县',312,0,3,NULL),(3198,'万秀区',313,0,3,NULL),(3199,'岑溪市',313,0,3,NULL),(3200,'苍梧县',313,0,3,NULL),(3201,'蒙山县',313,0,3,NULL),(3202,'藤县',313,0,3,NULL),(3203,'蝶山区',313,0,3,NULL),(3204,'长洲区',313,0,3,NULL),(3205,'合浦县',314,0,3,NULL),(3206,'海城区',314,0,3,NULL),(3207,'铁山港区',314,0,3,NULL),(3208,'银海区',314,0,3,NULL),(3209,'上思县',315,0,3,NULL),(3210,'东兴市',315,0,3,NULL),(3211,'港口区',315,0,3,NULL),(3212,'防城区',315,0,3,NULL),(3213,'浦北县',316,0,3,NULL),(3214,'灵山县',316,0,3,NULL),(3215,'钦北区',316,0,3,NULL),(3216,'钦南区',316,0,3,NULL),(3217,'平南县',317,0,3,NULL),(3218,'桂平市',317,0,3,NULL),(3219,'港北区',317,0,3,NULL),(3220,'港南区',317,0,3,NULL),(3221,'覃塘区',317,0,3,NULL),(3222,'兴业县',318,0,3,NULL),(3223,'北流市',318,0,3,NULL),(3224,'博白县',318,0,3,NULL),(3225,'容县',318,0,3,NULL),(3226,'玉州区',318,0,3,NULL),(3227,'陆川县',318,0,3,NULL),(3228,'乐业县',319,0,3,NULL),(3229,'凌云县',319,0,3,NULL),(3230,'右江区',319,0,3,NULL),(3231,'平果县',319,0,3,NULL),(3232,'德保县',319,0,3,NULL),(3233,'田东县',319,0,3,NULL),(3234,'田林县',319,0,3,NULL),(3235,'田阳县',319,0,3,NULL),(3236,'西林县',319,0,3,NULL),(3237,'那坡县',319,0,3,NULL),(3238,'隆林各族自治县',319,0,3,NULL),(3239,'靖西县',319,0,3,NULL),(3240,'八步区',320,0,3,NULL),(3241,'富川瑶族自治县',320,0,3,NULL),(3242,'昭平县',320,0,3,NULL),(3243,'钟山县',320,0,3,NULL),(3244,'东兰县',321,0,3,NULL),(3245,'凤山县',321,0,3,NULL),(3246,'南丹县',321,0,3,NULL),(3247,'大化瑶族自治县',321,0,3,NULL),(3248,'天峨县',321,0,3,NULL),(3249,'宜州市',321,0,3,NULL),(3250,'巴马瑶族自治县',321,0,3,NULL),(3251,'环江毛南族自治县',321,0,3,NULL),(3252,'罗城仫佬族自治县',321,0,3,NULL),(3253,'都安瑶族自治县',321,0,3,NULL),(3254,'金城江区',321,0,3,NULL),(3255,'兴宾区',322,0,3,NULL),(3256,'合山市',322,0,3,NULL),(3257,'忻城县',322,0,3,NULL),(3258,'武宣县',322,0,3,NULL),(3259,'象州县',322,0,3,NULL),(3260,'金秀瑶族自治县',322,0,3,NULL),(3261,'凭祥市',323,0,3,NULL),(3262,'大新县',323,0,3,NULL),(3263,'天等县',323,0,3,NULL),(3264,'宁明县',323,0,3,NULL),(3265,'扶绥县',323,0,3,NULL),(3266,'江州区',323,0,3,NULL),(3267,'龙州县',323,0,3,NULL),(3268,'琼山区',324,0,3,NULL),(3269,'秀英区',324,0,3,NULL),(3270,'美兰区',324,0,3,NULL),(3271,'龙华区',324,0,3,NULL),(3272,'三亚市',325,0,3,NULL),(3273,'五指山市',326,0,3,NULL),(3274,'琼海市',327,0,3,NULL),(3275,'儋州市',328,0,3,NULL),(3276,'文昌市',329,0,3,NULL),(3277,'万宁市',330,0,3,NULL),(3278,'东方市',331,0,3,NULL),(3279,'定安县',332,0,3,NULL),(3280,'屯昌县',333,0,3,NULL),(3281,'澄迈县',334,0,3,NULL),(3282,'临高县',335,0,3,NULL),(3283,'白沙黎族自治县',336,0,3,NULL),(3284,'昌江黎族自治县',337,0,3,NULL),(3285,'乐东黎族自治县',338,0,3,NULL),(3286,'陵水黎族自治县',339,0,3,NULL),(3287,'保亭黎族苗族自治县',340,0,3,NULL),(3288,'琼中黎族苗族自治县',341,0,3,NULL),(4209,'双流县',385,0,3,NULL),(4210,'大邑县',385,0,3,NULL),(4211,'崇州市',385,0,3,NULL),(4212,'彭州市',385,0,3,NULL),(4213,'成华区',385,0,3,NULL),(4214,'新津县',385,0,3,NULL),(4215,'新都区',385,0,3,NULL),(4216,'武侯区',385,0,3,NULL),(4217,'温江区',385,0,3,NULL),(4218,'蒲江县',385,0,3,NULL),(4219,'邛崃市',385,0,3,NULL),(4220,'郫县',385,0,3,NULL),(4221,'都江堰市',385,0,3,NULL),(4222,'金堂县',385,0,3,NULL),(4223,'金牛区',385,0,3,NULL),(4224,'锦江区',385,0,3,NULL),(4225,'青白江区',385,0,3,NULL),(4226,'青羊区',385,0,3,NULL),(4227,'龙泉驿区',385,0,3,NULL),(4228,'大安区',386,0,3,NULL),(4229,'富顺县',386,0,3,NULL),(4230,'沿滩区',386,0,3,NULL),(4231,'自流井区',386,0,3,NULL),(4232,'荣县',386,0,3,NULL),(4233,'贡井区',386,0,3,NULL),(4234,'东区',387,0,3,NULL),(4235,'仁和区',387,0,3,NULL),(4236,'盐边县',387,0,3,NULL),(4237,'米易县',387,0,3,NULL),(4238,'西区',387,0,3,NULL),(4239,'叙永县',388,0,3,NULL),(4240,'古蔺县',388,0,3,NULL),(4241,'合江县',388,0,3,NULL),(4242,'江阳区',388,0,3,NULL),(4243,'泸县',388,0,3,NULL),(4244,'纳溪区',388,0,3,NULL),(4245,'龙马潭区',388,0,3,NULL),(4246,'中江县',389,0,3,NULL),(4247,'什邡市',389,0,3,NULL),(4248,'广汉市',389,0,3,NULL),(4249,'旌阳区',389,0,3,NULL),(4250,'绵竹市',389,0,3,NULL),(4251,'罗江县',389,0,3,NULL),(4252,'三台县',390,0,3,NULL),(4253,'北川羌族自治县',390,0,3,NULL),(4254,'安县',390,0,3,NULL),(4255,'平武县',390,0,3,NULL),(4256,'梓潼县',390,0,3,NULL),(4257,'江油市',390,0,3,NULL),(4258,'涪城区',390,0,3,NULL),(4259,'游仙区',390,0,3,NULL),(4260,'盐亭县',390,0,3,NULL),(4261,'元坝区',391,0,3,NULL),(4262,'利州区',391,0,3,NULL),(4263,'剑阁县',391,0,3,NULL),(4264,'旺苍县',391,0,3,NULL),(4265,'朝天区',391,0,3,NULL),(4266,'苍溪县',391,0,3,NULL),(4267,'青川县',391,0,3,NULL),(4268,'大英县',392,0,3,NULL),(4269,'安居区',392,0,3,NULL),(4270,'射洪县',392,0,3,NULL),(4271,'船山区',392,0,3,NULL),(4272,'蓬溪县',392,0,3,NULL),(4273,'东兴区',393,0,3,NULL),(4274,'威远县',393,0,3,NULL),(4275,'市中区',393,0,3,NULL),(4276,'资中县',393,0,3,NULL),(4277,'隆昌县',393,0,3,NULL),(4278,'五通桥区',394,0,3,NULL),(4279,'井研县',394,0,3,NULL),(4280,'夹江县',394,0,3,NULL),(4281,'峨眉山市',394,0,3,NULL),(4282,'峨边彝族自治县',394,0,3,NULL),(4283,'市中区',394,0,3,NULL),(4284,'沐川县',394,0,3,NULL),(4285,'沙湾区',394,0,3,NULL),(4286,'犍为县',394,0,3,NULL),(4287,'金口河区',394,0,3,NULL),(4288,'马边彝族自治县',394,0,3,NULL),(4289,'仪陇县',395,0,3,NULL),(4290,'南充市嘉陵区',395,0,3,NULL),(4291,'南部县',395,0,3,NULL),(4292,'嘉陵区',395,0,3,NULL),(4293,'营山县',395,0,3,NULL),(4294,'蓬安县',395,0,3,NULL),(4295,'西充县',395,0,3,NULL),(4296,'阆中市',395,0,3,NULL),(4297,'顺庆区',395,0,3,NULL),(4298,'高坪区',395,0,3,NULL),(4299,'东坡区',396,0,3,NULL),(4300,'丹棱县',396,0,3,NULL),(4301,'仁寿县',396,0,3,NULL),(4302,'彭山县',396,0,3,NULL),(4303,'洪雅县',396,0,3,NULL),(4304,'青神县',396,0,3,NULL),(4305,'兴文县',397,0,3,NULL),(4306,'南溪县',397,0,3,NULL),(4307,'宜宾县',397,0,3,NULL),(4308,'屏山县',397,0,3,NULL),(4309,'江安县',397,0,3,NULL),(4310,'珙县',397,0,3,NULL),(4311,'筠连县',397,0,3,NULL),(4312,'翠屏区',397,0,3,NULL),(4313,'长宁县',397,0,3,NULL),(4314,'高县',397,0,3,NULL),(4315,'华蓥市',398,0,3,NULL),(4316,'岳池县',398,0,3,NULL),(4317,'广安区',398,0,3,NULL),(4318,'武胜县',398,0,3,NULL),(4319,'邻水县',398,0,3,NULL),(4320,'万源市',399,0,3,NULL),(4321,'大竹县',399,0,3,NULL),(4322,'宣汉县',399,0,3,NULL),(4323,'开江县',399,0,3,NULL),(4324,'渠县',399,0,3,NULL),(4325,'达县',399,0,3,NULL),(4326,'通川区',399,0,3,NULL),(4327,'名山县',400,0,3,NULL),(4328,'天全县',400,0,3,NULL),(4329,'宝兴县',400,0,3,NULL),(4330,'汉源县',400,0,3,NULL),(4331,'石棉县',400,0,3,NULL),(4332,'芦山县',400,0,3,NULL),(4333,'荥经县',400,0,3,NULL),(4334,'雨城区',400,0,3,NULL),(4335,'南江县',401,0,3,NULL),(4336,'巴州区',401,0,3,NULL),(4337,'平昌县',401,0,3,NULL),(4338,'通江县',401,0,3,NULL),(4339,'乐至县',402,0,3,NULL),(4340,'安岳县',402,0,3,NULL),(4341,'简阳市',402,0,3,NULL),(4342,'雁江区',402,0,3,NULL),(4343,'九寨沟县',403,0,3,NULL),(4344,'壤塘县',403,0,3,NULL),(4345,'小金县',403,0,3,NULL),(4346,'松潘县',403,0,3,NULL),(4347,'汶川县',403,0,3,NULL),(4348,'理县',403,0,3,NULL),(4349,'红原县',403,0,3,NULL),(4350,'若尔盖县',403,0,3,NULL),(4351,'茂县',403,0,3,NULL),(4352,'金川县',403,0,3,NULL),(4353,'阿坝县',403,0,3,NULL),(4354,'马尔康县',403,0,3,NULL),(4355,'黑水县',403,0,3,NULL),(4356,'丹巴县',404,0,3,NULL),(4357,'乡城县',404,0,3,NULL),(4358,'巴塘县',404,0,3,NULL),(4359,'康定县',404,0,3,NULL),(4360,'得荣县',404,0,3,NULL),(4361,'德格县',404,0,3,NULL),(4362,'新龙县',404,0,3,NULL),(4363,'泸定县',404,0,3,NULL),(4364,'炉霍县',404,0,3,NULL),(4365,'理塘县',404,0,3,NULL),(4366,'甘孜县',404,0,3,NULL),(4367,'白玉县',404,0,3,NULL),(4368,'石渠县',404,0,3,NULL),(4369,'稻城县',404,0,3,NULL),(4370,'色达县',404,0,3,NULL),(4371,'道孚县',404,0,3,NULL),(4372,'雅江县',404,0,3,NULL),(4373,'会东县',405,0,3,NULL),(4374,'会理县',405,0,3,NULL),(4375,'冕宁县',405,0,3,NULL),(4376,'喜德县',405,0,3,NULL),(4377,'宁南县',405,0,3,NULL),(4378,'布拖县',405,0,3,NULL),(4379,'德昌县',405,0,3,NULL),(4380,'昭觉县',405,0,3,NULL),(4381,'普格县',405,0,3,NULL),(4382,'木里藏族自治县',405,0,3,NULL),(4383,'甘洛县',405,0,3,NULL),(4384,'盐源县',405,0,3,NULL),(4385,'美姑县',405,0,3,NULL),(4386,'西昌',405,0,3,NULL),(4387,'越西县',405,0,3,NULL),(4388,'金阳县',405,0,3,NULL),(4389,'雷波县',405,0,3,NULL),(4390,'乌当区',406,0,3,NULL),(4391,'云岩区',406,0,3,NULL),(4392,'修文县',406,0,3,NULL),(4393,'南明区',406,0,3,NULL),(4394,'小河区',406,0,3,NULL),(4395,'开阳县',406,0,3,NULL),(4396,'息烽县',406,0,3,NULL),(4397,'清镇市',406,0,3,NULL),(4398,'白云区',406,0,3,NULL),(4399,'花溪区',406,0,3,NULL),(4400,'六枝特区',407,0,3,NULL),(4401,'水城县',407,0,3,NULL),(4402,'盘县',407,0,3,NULL),(4403,'钟山区',407,0,3,NULL),(4404,'习水县',408,0,3,NULL),(4405,'仁怀市',408,0,3,NULL),(4406,'余庆县',408,0,3,NULL),(4407,'凤冈县',408,0,3,NULL),(4408,'务川仡佬族苗族自治县',408,0,3,NULL),(4409,'桐梓县',408,0,3,NULL),(4410,'正安县',408,0,3,NULL),(4411,'汇川区',408,0,3,NULL),(4412,'湄潭县',408,0,3,NULL),(4413,'红花岗区',408,0,3,NULL),(4414,'绥阳县',408,0,3,NULL),(4415,'赤水市',408,0,3,NULL),(4416,'道真仡佬族苗族自治县',408,0,3,NULL),(4417,'遵义县',408,0,3,NULL),(4418,'关岭布依族苗族自治县',409,0,3,NULL),(4419,'平坝县',409,0,3,NULL),(4420,'普定县',409,0,3,NULL),(4421,'紫云苗族布依族自治县',409,0,3,NULL),(4422,'西秀区',409,0,3,NULL),(4423,'镇宁布依族苗族自治县',409,0,3,NULL),(4424,'万山特区',410,0,3,NULL),(4425,'印江土家族苗族自治县',410,0,3,NULL),(4426,'德江县',410,0,3,NULL),(4427,'思南县',410,0,3,NULL),(4428,'松桃苗族自治县',410,0,3,NULL),(4429,'江口县',410,0,3,NULL),(4430,'沿河土家族自治县',410,0,3,NULL),(4431,'玉屏侗族自治县',410,0,3,NULL),(4432,'石阡县',410,0,3,NULL),(4433,'铜仁市',410,0,3,NULL),(4434,'兴义市',411,0,3,NULL),(4435,'兴仁县',411,0,3,NULL),(4436,'册亨县',411,0,3,NULL),(4437,'安龙县',411,0,3,NULL),(4438,'普安县',411,0,3,NULL),(4439,'晴隆县',411,0,3,NULL),(4440,'望谟县',411,0,3,NULL),(4441,'贞丰县',411,0,3,NULL),(4442,'大方县',412,0,3,NULL),(4443,'威宁彝族回族苗族自治县',412,0,3,NULL),(4444,'毕节市',412,0,3,NULL),(4445,'纳雍县',412,0,3,NULL),(4446,'织金县',412,0,3,NULL),(4447,'赫章县',412,0,3,NULL),(4448,'金沙县',412,0,3,NULL),(4449,'黔西县',412,0,3,NULL),(4450,'三穗县',413,0,3,NULL),(4451,'丹寨县',413,0,3,NULL),(4452,'从江县',413,0,3,NULL),(4453,'凯里市',413,0,3,NULL),(4454,'剑河县',413,0,3,NULL),(4455,'台江县',413,0,3,NULL),(4456,'天柱县',413,0,3,NULL),(4457,'岑巩县',413,0,3,NULL),(4458,'施秉县',413,0,3,NULL),(4459,'榕江县',413,0,3,NULL),(4460,'锦屏县',413,0,3,NULL),(4461,'镇远县',413,0,3,NULL),(4462,'雷山县',413,0,3,NULL),(4463,'麻江县',413,0,3,NULL),(4464,'黄平县',413,0,3,NULL),(4465,'黎平县',413,0,3,NULL),(4466,'三都水族自治县',414,0,3,NULL),(4467,'平塘县',414,0,3,NULL),(4468,'惠水县',414,0,3,NULL),(4469,'独山县',414,0,3,NULL),(4470,'瓮安县',414,0,3,NULL),(4471,'福泉市',414,0,3,NULL),(4472,'罗甸县',414,0,3,NULL),(4473,'荔波县',414,0,3,NULL),(4474,'贵定县',414,0,3,NULL),(4475,'都匀市',414,0,3,NULL),(4476,'长顺县',414,0,3,NULL),(4477,'龙里县',414,0,3,NULL),(4478,'东川区',415,0,3,NULL),(4479,'五华区',415,0,3,NULL),(4480,'呈贡县',415,0,3,NULL),(4481,'安宁市',415,0,3,NULL),(4482,'官渡区',415,0,3,NULL),(4483,'宜良县',415,0,3,NULL),(4484,'富民县',415,0,3,NULL),(4485,'寻甸回族彝族自治县',415,0,3,NULL),(4486,'嵩明县',415,0,3,NULL),(4487,'晋宁县',415,0,3,NULL),(4488,'盘龙区',415,0,3,NULL),(4489,'石林彝族自治县',415,0,3,NULL),(4490,'禄劝彝族苗族自治县',415,0,3,NULL),(4491,'西山区',415,0,3,NULL),(4492,'会泽县',416,0,3,NULL),(4493,'宣威市',416,0,3,NULL),(4494,'富源县',416,0,3,NULL),(4495,'师宗县',416,0,3,NULL),(4496,'沾益县',416,0,3,NULL),(4497,'罗平县',416,0,3,NULL),(4498,'陆良县',416,0,3,NULL),(4499,'马龙县',416,0,3,NULL),(4500,'麒麟区',416,0,3,NULL),(4501,'元江哈尼族彝族傣族自治县',417,0,3,NULL),(4502,'华宁县',417,0,3,NULL),(4503,'峨山彝族自治县',417,0,3,NULL),(4504,'新平彝族傣族自治县',417,0,3,NULL),(4505,'易门县',417,0,3,NULL),(4506,'江川县',417,0,3,NULL),(4507,'澄江县',417,0,3,NULL),(4508,'红塔区',417,0,3,NULL),(4509,'通海县',417,0,3,NULL),(4510,'施甸县',418,0,3,NULL),(4511,'昌宁县',418,0,3,NULL),(4512,'腾冲县',418,0,3,NULL),(4513,'隆阳区',418,0,3,NULL),(4514,'龙陵县',418,0,3,NULL),(4515,'大关县',419,0,3,NULL),(4516,'威信县',419,0,3,NULL),(4517,'巧家县',419,0,3,NULL),(4518,'彝良县',419,0,3,NULL),(4519,'昭阳区',419,0,3,NULL),(4520,'水富县',419,0,3,NULL),(4521,'永善县',419,0,3,NULL),(4522,'盐津县',419,0,3,NULL),(4523,'绥江县',419,0,3,NULL),(4524,'镇雄县',419,0,3,NULL),(4525,'鲁甸县',419,0,3,NULL),(4526,'华坪县',420,0,3,NULL),(4527,'古城区',420,0,3,NULL),(4528,'宁蒗彝族自治县',420,0,3,NULL),(4529,'永胜县',420,0,3,NULL),(4530,'玉龙纳西族自治县',420,0,3,NULL),(4531,'临翔区',422,0,3,NULL),(4532,'云县',422,0,3,NULL),(4533,'凤庆县',422,0,3,NULL),(4534,'双江拉祜族佤族布朗族傣族自治县',422,0,3,NULL),(4535,'永德县',422,0,3,NULL),(4536,'沧源佤族自治县',422,0,3,NULL),(4537,'耿马傣族佤族自治县',422,0,3,NULL),(4538,'镇康县',422,0,3,NULL),(4539,'元谋县',423,0,3,NULL),(4540,'南华县',423,0,3,NULL),(4541,'双柏县',423,0,3,NULL),(4542,'大姚县',423,0,3,NULL),(4543,'姚安县',423,0,3,NULL),(4544,'楚雄市',423,0,3,NULL),(4545,'武定县',423,0,3,NULL),(4546,'永仁县',423,0,3,NULL),(4547,'牟定县',423,0,3,NULL),(4548,'禄丰县',423,0,3,NULL),(4549,'个旧市',424,0,3,NULL),(4550,'元阳县',424,0,3,NULL),(4551,'屏边苗族自治县',424,0,3,NULL),(4552,'建水县',424,0,3,NULL),(4553,'开远市',424,0,3,NULL),(4554,'弥勒县',424,0,3,NULL),(4555,'河口瑶族自治县',424,0,3,NULL),(4556,'泸西县',424,0,3,NULL),(4557,'石屏县',424,0,3,NULL),(4558,'红河县',424,0,3,NULL),(4559,'绿春县',424,0,3,NULL),(4560,'蒙自县',424,0,3,NULL),(4561,'金平苗族瑶族傣族自治县',424,0,3,NULL),(4562,'丘北县',425,0,3,NULL),(4563,'富宁县',425,0,3,NULL),(4564,'广南县',425,0,3,NULL),(4565,'文山县',425,0,3,NULL),(4566,'砚山县',425,0,3,NULL),(4567,'西畴县',425,0,3,NULL),(4568,'马关县',425,0,3,NULL),(4569,'麻栗坡县',425,0,3,NULL),(4570,'勐海县',426,0,3,NULL),(4571,'勐腊县',426,0,3,NULL),(4572,'景洪市',426,0,3,NULL),(4573,'云龙县',427,0,3,NULL),(4574,'剑川县',427,0,3,NULL),(4575,'南涧彝族自治县',427,0,3,NULL),(4576,'大理市',427,0,3,NULL),(4577,'宾川县',427,0,3,NULL),(4578,'巍山彝族回族自治县',427,0,3,NULL),(4579,'弥渡县',427,0,3,NULL),(4580,'永平县',427,0,3,NULL),(4581,'洱源县',427,0,3,NULL),(4582,'漾濞彝族自治县',427,0,3,NULL),(4583,'祥云县',427,0,3,NULL),(4584,'鹤庆县',427,0,3,NULL),(4585,'梁河县',428,0,3,NULL),(4586,'潞西市',428,0,3,NULL),(4587,'瑞丽市',428,0,3,NULL),(4588,'盈江县',428,0,3,NULL),(4589,'陇川县',428,0,3,NULL),(4590,'德钦县',430,0,3,NULL),(4591,'维西傈僳族自治县',430,0,3,NULL),(4592,'香格里拉县',430,0,3,NULL),(4593,'城关区',431,0,3,NULL),(4594,'堆龙德庆县',431,0,3,NULL),(4595,'墨竹工卡县',431,0,3,NULL),(4596,'尼木县',431,0,3,NULL),(4597,'当雄县',431,0,3,NULL),(4598,'曲水县',431,0,3,NULL),(4599,'林周县',431,0,3,NULL),(4600,'达孜县',431,0,3,NULL),(4601,'丁青县',432,0,3,NULL),(4602,'八宿县',432,0,3,NULL),(4603,'察雅县',432,0,3,NULL),(4604,'左贡县',432,0,3,NULL),(4605,'昌都县',432,0,3,NULL),(4606,'江达县',432,0,3,NULL),(4607,'洛隆县',432,0,3,NULL),(4608,'类乌齐县',432,0,3,NULL),(4609,'芒康县',432,0,3,NULL),(4610,'贡觉县',432,0,3,NULL),(4611,'边坝县',432,0,3,NULL),(4612,'乃东县',433,0,3,NULL),(4613,'加查县',433,0,3,NULL),(4614,'扎囊县',433,0,3,NULL),(4615,'措美县',433,0,3,NULL),(4616,'曲松县',433,0,3,NULL),(4617,'桑日县',433,0,3,NULL),(4618,'洛扎县',433,0,3,NULL),(4619,'浪卡子县',433,0,3,NULL),(4620,'琼结县',433,0,3,NULL),(4621,'贡嘎县',433,0,3,NULL),(4622,'错那县',433,0,3,NULL),(4623,'隆子县',433,0,3,NULL),(4624,'亚东县',434,0,3,NULL),(4625,'仁布县',434,0,3,NULL),(4626,'仲巴县',434,0,3,NULL),(4627,'南木林县',434,0,3,NULL),(4628,'吉隆县',434,0,3,NULL),(4629,'定日县',434,0,3,NULL),(4630,'定结县',434,0,3,NULL),(4631,'岗巴县',434,0,3,NULL),(4632,'康马县',434,0,3,NULL),(4633,'拉孜县',434,0,3,NULL),(4634,'日喀则市',434,0,3,NULL),(4635,'昂仁县',434,0,3,NULL),(4636,'江孜县',434,0,3,NULL),(4637,'白朗县',434,0,3,NULL),(4638,'聂拉木县',434,0,3,NULL),(4639,'萨嘎县',434,0,3,NULL),(4640,'萨迦县',434,0,3,NULL),(4641,'谢通门县',434,0,3,NULL),(4642,'嘉黎县',435,0,3,NULL),(4643,'安多县',435,0,3,NULL),(4644,'尼玛县',435,0,3,NULL),(4645,'巴青县',435,0,3,NULL),(4646,'比如县',435,0,3,NULL),(4647,'班戈县',435,0,3,NULL),(4648,'申扎县',435,0,3,NULL),(4649,'索县',435,0,3,NULL),(4650,'聂荣县',435,0,3,NULL),(4651,'那曲县',435,0,3,NULL),(4652,'噶尔县',436,0,3,NULL),(4653,'措勤县',436,0,3,NULL),(4654,'改则县',436,0,3,NULL),(4655,'日土县',436,0,3,NULL),(4656,'普兰县',436,0,3,NULL),(4657,'札达县',436,0,3,NULL),(4658,'革吉县',436,0,3,NULL),(4659,'墨脱县',437,0,3,NULL),(4660,'察隅县',437,0,3,NULL),(4661,'工布江达县',437,0,3,NULL),(4662,'朗县',437,0,3,NULL),(4663,'林芝县',437,0,3,NULL),(4664,'波密县',437,0,3,NULL),(4665,'米林县',437,0,3,NULL),(4666,'临潼区',438,0,3,NULL),(4667,'周至县',438,0,3,NULL),(4668,'户县',438,0,3,NULL),(4669,'新城区',438,0,3,NULL),(4670,'未央区',438,0,3,NULL),(4671,'灞桥区',438,0,3,NULL),(4672,'碑林区',438,0,3,NULL),(4673,'莲湖区',438,0,3,NULL),(4674,'蓝田县',438,0,3,NULL),(4675,'长安区',438,0,3,NULL),(4676,'阎良区',438,0,3,NULL),(4677,'雁塔区',438,0,3,NULL),(4678,'高陵县',438,0,3,NULL),(4679,'印台区',439,0,3,NULL),(4680,'宜君县',439,0,3,NULL),(4681,'王益区',439,0,3,NULL),(4682,'耀州区',439,0,3,NULL),(4683,'凤县',440,0,3,NULL),(4684,'凤翔县',440,0,3,NULL),(4685,'千阳县',440,0,3,NULL),(4686,'太白县',440,0,3,NULL),(4687,'岐山县',440,0,3,NULL),(4688,'扶风县',440,0,3,NULL),(4689,'渭滨区',440,0,3,NULL),(4690,'眉县',440,0,3,NULL),(4691,'金台区',440,0,3,NULL),(4692,'陇县',440,0,3,NULL),(4693,'陈仓区',440,0,3,NULL),(4694,'麟游县',440,0,3,NULL),(4695,'三原县',441,0,3,NULL),(4696,'干县',441,0,3,NULL),(4697,'兴平市',441,0,3,NULL),(4698,'彬县',441,0,3,NULL),(4699,'旬邑县',441,0,3,NULL),(4700,'杨陵区',441,0,3,NULL),(4701,'武功县',441,0,3,NULL),(4702,'永寿县',441,0,3,NULL),(4703,'泾阳县',441,0,3,NULL),(4704,'淳化县',441,0,3,NULL),(4705,'渭城区',441,0,3,NULL),(4706,'礼泉县',441,0,3,NULL),(4707,'秦都区',441,0,3,NULL),(4708,'长武县',441,0,3,NULL),(4709,'临渭区',442,0,3,NULL),(4710,'华县',442,0,3,NULL),(4711,'华阴市',442,0,3,NULL),(4712,'合阳县',442,0,3,NULL),(4713,'大荔县',442,0,3,NULL),(4714,'富平县',442,0,3,NULL),(4715,'潼关县',442,0,3,NULL),(4716,'澄城县',442,0,3,NULL),(4717,'白水县',442,0,3,NULL),(4718,'蒲城县',442,0,3,NULL),(4719,'韩城市',442,0,3,NULL),(4720,'吴起县',443,0,3,NULL),(4721,'子长县',443,0,3,NULL),(4722,'安塞县',443,0,3,NULL),(4723,'宜川县',443,0,3,NULL),(4724,'宝塔区',443,0,3,NULL),(4725,'富县',443,0,3,NULL),(4726,'延川县',443,0,3,NULL),(4727,'延长县',443,0,3,NULL),(4728,'志丹县',443,0,3,NULL),(4729,'洛川县',443,0,3,NULL),(4730,'甘泉县',443,0,3,NULL),(4731,'黄陵县',443,0,3,NULL),(4732,'黄龙县',443,0,3,NULL),(4733,'佛坪县',444,0,3,NULL),(4734,'勉县',444,0,3,NULL),(4735,'南郑县',444,0,3,NULL),(4736,'城固县',444,0,3,NULL),(4737,'宁强县',444,0,3,NULL),(4738,'汉台区',444,0,3,NULL),(4739,'洋县',444,0,3,NULL),(4740,'留坝县',444,0,3,NULL),(4741,'略阳县',444,0,3,NULL),(4742,'西乡县',444,0,3,NULL),(4743,'镇巴县',444,0,3,NULL),(4744,'佳县',445,0,3,NULL),(4745,'吴堡县',445,0,3,NULL),(4746,'子洲县',445,0,3,NULL),(4747,'定边县',445,0,3,NULL),(4748,'府谷县',445,0,3,NULL),(4749,'榆林市榆阳区',445,0,3,NULL),(4750,'横山县',445,0,3,NULL),(4751,'清涧县',445,0,3,NULL),(4752,'神木县',445,0,3,NULL),(4753,'米脂县',445,0,3,NULL),(4754,'绥德县',445,0,3,NULL),(4755,'靖边县',445,0,3,NULL),(4756,'宁陕县',446,0,3,NULL),(4757,'岚皋县',446,0,3,NULL),(4758,'平利县',446,0,3,NULL),(4759,'旬阳县',446,0,3,NULL),(4760,'汉滨区',446,0,3,NULL),(4761,'汉阴县',446,0,3,NULL),(4762,'白河县',446,0,3,NULL),(4763,'石泉县',446,0,3,NULL),(4764,'紫阳县',446,0,3,NULL),(4765,'镇坪县',446,0,3,NULL),(4766,'丹凤县',447,0,3,NULL),(4767,'商南县',447,0,3,NULL),(4768,'商州区',447,0,3,NULL),(4769,'山阳县',447,0,3,NULL),(4770,'柞水县',447,0,3,NULL),(4771,'洛南县',447,0,3,NULL),(4772,'镇安县',447,0,3,NULL),(4773,'七里河区',448,0,3,NULL),(4774,'城关区',448,0,3,NULL),(4775,'安宁区',448,0,3,NULL),(4776,'榆中县',448,0,3,NULL),(4777,'永登县',448,0,3,NULL),(4778,'皋兰县',448,0,3,NULL),(4779,'红古区',448,0,3,NULL),(4780,'西固区',448,0,3,NULL),(4781,'嘉峪关市',449,0,3,NULL),(4782,'永昌县',450,0,3,NULL),(4783,'金川区',450,0,3,NULL),(4784,'会宁县',451,0,3,NULL),(4785,'平川区',451,0,3,NULL),(4786,'景泰县',451,0,3,NULL),(4787,'白银区',451,0,3,NULL),(4788,'靖远县',451,0,3,NULL),(4789,'张家川回族自治县',452,0,3,NULL),(4790,'武山县',452,0,3,NULL),(4791,'清水县',452,0,3,NULL),(4792,'甘谷县',452,0,3,NULL),(4793,'秦安县',452,0,3,NULL),(4794,'秦州区',452,0,3,NULL),(4795,'麦积区',452,0,3,NULL),(4796,'凉州区',453,0,3,NULL),(4797,'古浪县',453,0,3,NULL),(4798,'天祝藏族自治县',453,0,3,NULL),(4799,'民勤县',453,0,3,NULL),(4800,'临泽县',454,0,3,NULL),(4801,'山丹县',454,0,3,NULL),(4802,'民乐县',454,0,3,NULL),(4803,'甘州区',454,0,3,NULL),(4804,'肃南裕固族自治县',454,0,3,NULL),(4805,'高台县',454,0,3,NULL),(4806,'华亭县',455,0,3,NULL),(4807,'崆峒区',455,0,3,NULL),(4808,'崇信县',455,0,3,NULL),(4809,'庄浪县',455,0,3,NULL),(4810,'泾川县',455,0,3,NULL),(4811,'灵台县',455,0,3,NULL),(4812,'静宁县',455,0,3,NULL),(4813,'敦煌市',456,0,3,NULL),(4814,'玉门市',456,0,3,NULL),(4815,'瓜州县（原安西县）',456,0,3,NULL),(4816,'肃北蒙古族自治县',456,0,3,NULL),(4817,'肃州区',456,0,3,NULL),(4818,'金塔县',456,0,3,NULL),(4819,'阿克塞哈萨克族自治县',456,0,3,NULL),(4820,'华池县',457,0,3,NULL),(4821,'合水县',457,0,3,NULL),(4822,'宁县',457,0,3,NULL),(4823,'庆城县',457,0,3,NULL),(4824,'正宁县',457,0,3,NULL),(4825,'环县',457,0,3,NULL),(4826,'西峰区',457,0,3,NULL),(4827,'镇原县',457,0,3,NULL),(4828,'临洮县',458,0,3,NULL),(4829,'安定区',458,0,3,NULL),(4830,'岷县',458,0,3,NULL),(4831,'渭源县',458,0,3,NULL),(4832,'漳县',458,0,3,NULL),(4833,'通渭县',458,0,3,NULL),(4834,'陇西县',458,0,3,NULL),(4835,'两当县',459,0,3,NULL),(4836,'宕昌县',459,0,3,NULL),(4837,'康县',459,0,3,NULL),(4838,'徽县',459,0,3,NULL),(4839,'成县',459,0,3,NULL),(4840,'文县',459,0,3,NULL),(4841,'武都区',459,0,3,NULL),(4842,'礼县',459,0,3,NULL),(4843,'西和县',459,0,3,NULL),(4844,'东乡族自治县',460,0,3,NULL),(4845,'临夏县',460,0,3,NULL),(4846,'临夏市',460,0,3,NULL),(4847,'和政县',460,0,3,NULL),(4848,'广河县',460,0,3,NULL),(4849,'康乐县',460,0,3,NULL),(4850,'永靖县',460,0,3,NULL),(4851,'积石山保安族东乡族撒拉族自治县',460,0,3,NULL),(4852,'临潭县',461,0,3,NULL),(4853,'卓尼县',461,0,3,NULL),(4854,'合作市',461,0,3,NULL),(4855,'夏河县',461,0,3,NULL),(4856,'玛曲县',461,0,3,NULL),(4857,'碌曲县',461,0,3,NULL),(4858,'舟曲县',461,0,3,NULL),(4859,'迭部县',461,0,3,NULL),(4860,'城东区',462,0,3,NULL),(4861,'城中区',462,0,3,NULL),(4862,'城北区',462,0,3,NULL),(4863,'城西区',462,0,3,NULL),(4864,'大通回族土族自治县',462,0,3,NULL),(4865,'湟中县',462,0,3,NULL),(4866,'湟源县',462,0,3,NULL),(4867,'乐都县',463,0,3,NULL),(4868,'互助土族自治县',463,0,3,NULL),(4869,'化隆回族自治县',463,0,3,NULL),(4870,'平安县',463,0,3,NULL),(4871,'循化撒拉族自治县',463,0,3,NULL),(4872,'民和回族土族自治县',463,0,3,NULL),(4873,'刚察县',464,0,3,NULL),(4874,'海晏县',464,0,3,NULL),(4875,'祁连县',464,0,3,NULL),(4876,'门源回族自治县',464,0,3,NULL),(4877,'同仁县',465,0,3,NULL),(4878,'尖扎县',465,0,3,NULL),(4879,'河南蒙古族自治县',465,0,3,NULL),(4880,'泽库县',465,0,3,NULL),(4881,'共和县',466,0,3,NULL),(4882,'兴海县',466,0,3,NULL),(4883,'同德县',466,0,3,NULL),(4884,'贵南县',466,0,3,NULL),(4885,'贵德县',466,0,3,NULL),(4886,'久治县',467,0,3,NULL),(4887,'玛多县',467,0,3,NULL),(4888,'玛沁县',467,0,3,NULL),(4889,'班玛县',467,0,3,NULL),(4890,'甘德县',467,0,3,NULL),(4891,'达日县',467,0,3,NULL),(4892,'囊谦县',468,0,3,NULL),(4893,'曲麻莱县',468,0,3,NULL),(4894,'杂多县',468,0,3,NULL),(4895,'治多县',468,0,3,NULL),(4896,'玉树县',468,0,3,NULL),(4897,'称多县',468,0,3,NULL),(4898,'乌兰县',469,0,3,NULL),(4899,'冷湖行委',469,0,3,NULL),(4900,'大柴旦行委',469,0,3,NULL),(4901,'天峻县',469,0,3,NULL),(4902,'德令哈市',469,0,3,NULL),(4903,'格尔木市',469,0,3,NULL),(4904,'茫崖行委',469,0,3,NULL),(4905,'都兰县',469,0,3,NULL),(4906,'兴庆区',470,0,3,NULL),(4907,'永宁县',470,0,3,NULL),(4908,'灵武市',470,0,3,NULL),(4909,'西夏区',470,0,3,NULL),(4910,'贺兰县',470,0,3,NULL),(4911,'金凤区',470,0,3,NULL),(4912,'大武口区',471,0,3,NULL),(4913,'平罗县',471,0,3,NULL),(4914,'惠农区',471,0,3,NULL),(4915,'利通区',472,0,3,NULL),(4916,'同心县',472,0,3,NULL),(4917,'盐池县',472,0,3,NULL),(4918,'青铜峡市',472,0,3,NULL),(4919,'原州区',473,0,3,NULL),(4920,'彭阳县',473,0,3,NULL),(4921,'泾源县',473,0,3,NULL),(4922,'西吉县',473,0,3,NULL),(4923,'隆德县',473,0,3,NULL),(4924,'中宁县',474,0,3,NULL),(4925,'沙坡头区',474,0,3,NULL),(4926,'海原县',474,0,3,NULL),(4927,'东山区',475,0,3,NULL),(4928,'乌鲁木齐县',475,0,3,NULL),(4929,'天山区',475,0,3,NULL),(4930,'头屯河区',475,0,3,NULL),(4931,'新市区',475,0,3,NULL),(4932,'水磨沟区',475,0,3,NULL),(4933,'沙依巴克区',475,0,3,NULL),(4934,'达坂城区',475,0,3,NULL),(4935,'乌尔禾区',476,0,3,NULL),(4936,'克拉玛依区',476,0,3,NULL),(4937,'独山子区',476,0,3,NULL),(4938,'白碱滩区',476,0,3,NULL),(4939,'吐鲁番市',477,0,3,NULL),(4940,'托克逊县',477,0,3,NULL),(4941,'鄯善县',477,0,3,NULL),(4942,'伊吾县',478,0,3,NULL),(4943,'哈密市',478,0,3,NULL),(4944,'巴里坤哈萨克自治县',478,0,3,NULL),(4945,'吉木萨尔县',479,0,3,NULL),(4946,'呼图壁县',479,0,3,NULL),(4947,'奇台县',479,0,3,NULL),(4948,'昌吉市',479,0,3,NULL),(4949,'木垒哈萨克自治县',479,0,3,NULL),(4950,'玛纳斯县',479,0,3,NULL),(4951,'米泉市',479,0,3,NULL),(4952,'阜康市',479,0,3,NULL),(4953,'博乐市',480,0,3,NULL),(4954,'温泉县',480,0,3,NULL),(4955,'精河县',480,0,3,NULL),(4956,'博湖县',481,0,3,NULL),(4957,'和硕县',481,0,3,NULL),(4958,'和静县',481,0,3,NULL),(4959,'尉犁县',481,0,3,NULL),(4960,'库尔勒市',481,0,3,NULL),(4961,'焉耆回族自治县',481,0,3,NULL),(4962,'若羌县',481,0,3,NULL),(4963,'轮台县',481,0,3,NULL),(4964,'乌什县',482,0,3,NULL),(4965,'库车县',482,0,3,NULL),(4966,'拜城县',482,0,3,NULL),(4967,'新和县',482,0,3,NULL),(4968,'柯坪县',482,0,3,NULL),(4969,'沙雅县',482,0,3,NULL),(4970,'温宿县',482,0,3,NULL),(4971,'阿克苏市',482,0,3,NULL),(4972,'阿瓦提县',482,0,3,NULL),(4973,'乌恰县',483,0,3,NULL),(4974,'阿克陶县',483,0,3,NULL),(4975,'阿合奇县',483,0,3,NULL),(4976,'阿图什市',483,0,3,NULL),(4977,'伽师县',484,0,3,NULL),(4978,'叶城县',484,0,3,NULL),(4979,'喀什市',484,0,3,NULL),(4980,'塔什库尔干塔吉克自治县',484,0,3,NULL),(4981,'岳普湖县',484,0,3,NULL),(4982,'巴楚县',484,0,3,NULL),(4983,'泽普县',484,0,3,NULL),(4984,'疏勒县',484,0,3,NULL),(4985,'疏附县',484,0,3,NULL),(4986,'英吉沙县',484,0,3,NULL),(4987,'莎车县',484,0,3,NULL),(4988,'麦盖提县',484,0,3,NULL),(4989,'于田县',485,0,3,NULL),(4990,'和田县',485,0,3,NULL),(4991,'和田市',485,0,3,NULL),(4992,'墨玉县',485,0,3,NULL),(4993,'民丰县',485,0,3,NULL),(4994,'洛浦县',485,0,3,NULL),(4995,'皮山县',485,0,3,NULL),(4996,'策勒县',485,0,3,NULL),(4997,'伊宁县',486,0,3,NULL),(4998,'伊宁市',486,0,3,NULL),(4999,'奎屯市',486,0,3,NULL),(5000,'察布查尔锡伯自治县',486,0,3,NULL),(5001,'尼勒克县',486,0,3,NULL),(5002,'巩留县',486,0,3,NULL),(5003,'新源县',486,0,3,NULL),(5004,'昭苏县',486,0,3,NULL),(5005,'特克斯县',486,0,3,NULL),(5006,'霍城县',486,0,3,NULL),(5007,'乌苏市',487,0,3,NULL),(5008,'和布克赛尔蒙古自治县',487,0,3,NULL),(5009,'塔城市',487,0,3,NULL),(5010,'托里县',487,0,3,NULL),(5011,'沙湾县',487,0,3,NULL),(5012,'裕民县',487,0,3,NULL),(5013,'额敏县',487,0,3,NULL),(5014,'吉木乃县',488,0,3,NULL),(5015,'哈巴河县',488,0,3,NULL),(5016,'富蕴县',488,0,3,NULL),(5017,'布尔津县',488,0,3,NULL),(5018,'福海县',488,0,3,NULL),(5019,'阿勒泰市',488,0,3,NULL),(5020,'青河县',488,0,3,NULL),(5021,'石河子市',489,0,3,NULL),(5022,'阿拉尔市',490,0,3,NULL),(5023,'图木舒克市',491,0,3,NULL),(5024,'五家渠市',492,0,3,NULL),(45055,'海外',35,0,2,NULL);
/*!40000 ALTER TABLE `ds_area` ENABLE KEYS */;
UNLOCK TABLES;

--
-- Table structure for table `ds_arrivalnotice`
--

DROP TABLE IF EXISTS `ds_arrivalnotice`;
/*!40101 SET @saved_cs_client     = @@character_set_client */;
/*!40101 SET character_set_client = utf8 */;
CREATE TABLE `ds_arrivalnotice` (
  `arrivalnotice_id` int(10) unsigned NOT NULL AUTO_INCREMENT COMMENT '到货通知自增ID',
  `goods_id` int(10) unsigned NOT NULL COMMENT '商品ID',
  `goods_name` varchar(200) NOT NULL COMMENT '商品名称',
  `member_id` int(10) unsigned NOT NULL COMMENT '会员ID',
  `arrivalnotice_addtime` int(10) unsigned NOT NULL COMMENT '到货通知添加时间',
  `arrivalnotice_email` varchar(100) NOT NULL COMMENT '邮箱',
  `arrivalnotice_mobile` varchar(11) NOT NULL COMMENT '手机号',
  `arrivalnotice_type` tinyint(3) unsigned NOT NULL DEFAULT '1' COMMENT '状态 1:到货通知 2:预售',
  `arrivalnotice_state` tinyint(1) unsigned NOT NULL DEFAULT '1' COMMENT '到货通知状态 1:未通知 2:已通知',
  `arrivalnotice_time` int(10) DEFAULT '0' COMMENT '通知时间',
  PRIMARY KEY (`arrivalnotice_id`),
  KEY `member_id` (`member_id`)
) ENGINE=InnoDB DEFAULT CHARSET=utf8 COMMENT='商品到货通知表';
/*!40101 SET character_set_client = @saved_cs_client */;

--
-- Dumping data for table `ds_arrivalnotice`
--

LOCK TABLES `ds_arrivalnotice` WRITE;
/*!40000 ALTER TABLE `ds_arrivalnotice` DISABLE KEYS */;
/*!40000 ALTER TABLE `ds_arrivalnotice` ENABLE KEYS */;
UNLOCK TABLES;

--
-- Table structure for table `ds_article`
--

DROP TABLE IF EXISTS `ds_article`;
/*!40101 SET @saved_cs_client     = @@character_set_client */;
/*!40101 SET character_set_client = utf8 */;
CREATE TABLE `ds_article` (
  `article_id` int(11) NOT NULL AUTO_INCREMENT COMMENT '文章自增ID',
  `ac_id` mediumint(8) unsigned NOT NULL DEFAULT '0' COMMENT '分类id',
  `article_url` varchar(100) DEFAULT NULL COMMENT '文章跳转链接',
  `article_show` tinyint(1) unsigned NOT NULL DEFAULT '1' COMMENT '文章是否显示，0为否，1为是，默认为1',
  `article_sort` tinyint(3) unsigned NOT NULL DEFAULT '255' COMMENT '文章排序',
  `article_title` varchar(100) DEFAULT NULL COMMENT '文章标题',
  `article_content` text COMMENT '内容',
  `article_time` int(10) unsigned NOT NULL DEFAULT '0' COMMENT '文章发布时间',
  `article_pic` varchar(255) NOT NULL DEFAULT '' COMMENT '文章主图',
  PRIMARY KEY (`article_id`),
  KEY `ac_id` (`ac_id`)
) ENGINE=InnoDB AUTO_INCREMENT=49 DEFAULT CHARSET=utf8 COMMENT='文章表';
/*!40101 SET character_set_client = @saved_cs_client */;

--
-- Dumping data for table `ds_article`
--

LOCK TABLES `ds_article` WRITE;
/*!40000 ALTER TABLE `ds_article` DISABLE KEYS */;
INSERT INTO `ds_article` VALUES (20,6,'',1,255,'关于我们','&lt;p style=&quot;margin-top: 0px; margin-bottom: 0px; padding: 0px; border: none; list-style: none; font-family: &amp;quot;microsoft yahei&amp;quot;; color: rgb(85, 85, 85); font-size: 12px; white-space: normal; background-color: rgb(255, 255, 255);&quot;&gt;&lt;span style=&quot;color:#808080;font-family:Helvetica Neue, Helvetica, PingFang SC, Hiragino Sans GB, Microsoft YaHei, 微软雅黑, Arial, sans-serif&quot;&gt;&lt;span style=&quot;font-size: 14px;&quot;&gt;温州航盛网络科技有限公司&lt;/span&gt;&lt;/span&gt;&lt;span style=&quot;color: rgb(128, 128, 128);&quot;&gt;&lt;span style=&quot;font-family: &amp;quot;Helvetica Neue&amp;quot;, Helvetica, &amp;quot;PingFang SC&amp;quot;, &amp;quot;Hiragino Sans GB&amp;quot;, &amp;quot;Microsoft YaHei&amp;quot;, 微软雅黑, Arial, sans-serif; font-size: 14px;&quot;&gt;成立于2023-04-17，注册地位于浙江省温州市瓯海区郭溪街道繁盛路217号401室（金手指）234号。一般项目：软件开发；数据处理服务；计算机系统服务；软件外包服务；家具销售；建筑材料销售；建筑陶瓷制品销售；五金产品批发；日用品销售；珠宝首饰零售；二手日用百货销售；针纺织品及原料销售；家用电器销售；户外用品销售；玩具、动漫及游艺用品销售；灯具销售；互联网销售（除销售需要许可的商品）；模具销售；染料销售；地板销售；日用杂品销售；办公用品销售；皮革销售；服装服饰批发；鞋帽批发；日用品批发；会议及展览服务；包装服务；办公服务；大数据服务；互联网数据服务；数字文化创意软件开发；信息系统集成服务；信息技术咨询服务；网络技术服务；数字文化创意内容应用服务；互联网安全服务；物联网应用服务；技术服务、技术开发、技术咨询、技术交流、技术转让、技术推广；广告制作；广告设计、代理；信息系统运行维护服务；橡胶制品销售；鞋帽零售；劳动保护用品销售；服装服饰零售；办公设备销售；通信设备销售；计算机软硬件及辅助设备零售；五金产品零售；日用口罩（非医用）销售；数据处理和存储支持服务(除依法须经批准的项目外，凭营业执照依法自主开展经营活动)。&lt;/span&gt;&lt;/span&gt;&lt;/p&gt;&lt;p&gt;&lt;span style=&quot;color: rgb(128, 128, 128);&quot;&gt;&lt;span style=&quot;font-family: &amp;quot;Helvetica Neue&amp;quot;, Helvetica, &amp;quot;PingFang SC&amp;quot;, &amp;quot;Hiragino Sans GB&amp;quot;, &amp;quot;Microsoft YaHei&amp;quot;, 微软雅黑, Arial, sans-serif; font-size: 14px;&quot;&gt;&lt;br/&gt;&lt;/span&gt;&lt;/span&gt;&lt;/p&gt;&lt;p&gt;&lt;br/&gt;&lt;/p&gt;',1686102496,''),(22,7,'',1,255,'关于我们','关于我们',1435672310,''),(23,7,'',1,255,'联系我们','联系我们',1435672310,''),(26,5,'',1,255,'联系卖家','&lt;p&gt;&lt;strong&gt;公司名：&lt;/strong&gt;温州航盛网络科技有限公司&lt;/p&gt;&lt;p&gt;&lt;br/&gt;&lt;/p&gt;&lt;p&gt;&lt;strong&gt;公司地址：&lt;/strong&gt;浙江省温州市瓯海区郭溪街道繁盛路217号401室（金手指）234号&lt;/p&gt;&lt;p&gt;&lt;br/&gt;&lt;/p&gt;&lt;p&gt;&lt;strong&gt;公司邮箱：&lt;/strong&gt;yy544238118@163.com&lt;/p&gt;&lt;p&gt;&lt;br/&gt;&lt;/p&gt;&lt;p&gt;&lt;strong&gt;联系电话：&lt;/strong&gt;18359908110&lt;/p&gt;&lt;p&gt;&lt;br/&gt;&lt;/p&gt;',1686102405,''),(32,5,'',0,255,'退换货流程','&lt;p&gt;退换货流程&lt;/p&gt;',1686066822,''),(34,5,'',0,255,'退款申请','&lt;p&gt;退款申请&lt;/p&gt;',1686066830,''),(42,8,'',1,0,'如何购买下单？','&lt;p style=&quot;margin-top: 0px; margin-bottom: 20px; padding: 0px; text-indent: 2em; line-height: 21px; font-family: tahoma, arial, &amp;quot;Microsoft YaHei&amp;quot;, &amp;quot;Hiragino Sans GB&amp;quot;, u5b8bu4f53, sans-serif; font-size: 12px; white-space: normal; background-color: rgb(255, 255, 255);&quot;&gt;&lt;span style=&quot;margin: 0px; padding: 0px; font-family: 微软雅黑, &amp;quot;Microsoft YaHei&amp;quot;; font-size: 14px;&quot;&gt;下单操作步骤：&lt;br/&gt;&lt;/span&gt;&lt;/p&gt;&lt;p style=&quot;margin-top: 0px; margin-bottom: 20px; padding: 0px; text-indent: 2em; line-height: 21px; font-family: tahoma, arial, &amp;quot;Microsoft YaHei&amp;quot;, &amp;quot;Hiragino Sans GB&amp;quot;, u5b8bu4f53, sans-serif; font-size: 12px; white-space: normal; background-color: rgb(255, 255, 255);&quot;&gt;&lt;span style=&quot;margin: 0px; padding: 0px; font-family: 微软雅黑, &amp;quot;Microsoft YaHei&amp;quot;; font-size: 14px;&quot;&gt;1.&amp;nbsp;浏览您要购买的商品，点击“加入购物车”，商品会自动添加到购物车里；&lt;/span&gt;&lt;/p&gt;&lt;p style=&quot;margin-top: 0px; margin-bottom: 20px; padding: 0px; text-indent: 2em; line-height: 21px; font-family: tahoma, arial, &amp;quot;Microsoft YaHei&amp;quot;, &amp;quot;Hiragino Sans GB&amp;quot;, u5b8bu4f53, sans-serif; font-size: 12px; white-space: normal; background-color: rgb(255, 255, 255);&quot;&gt;&lt;span style=&quot;margin: 0px; padding: 0px; font-family: 微软雅黑, &amp;quot;Microsoft YaHei&amp;quot;; font-size: 14px;&quot;&gt;2.&amp;nbsp;如果您需要更改商品数量，需在商品数量框中输入购买数量；&lt;/span&gt;&lt;/p&gt;&lt;p style=&quot;margin-top: 0px; margin-bottom: 20px; padding: 0px; text-indent: 2em; line-height: 21px; font-family: tahoma, arial, &amp;quot;Microsoft YaHei&amp;quot;, &amp;quot;Hiragino Sans GB&amp;quot;, u5b8bu4f53, sans-serif; font-size: 12px; white-space: normal; background-color: rgb(255, 255, 255);&quot;&gt;&lt;span style=&quot;margin: 0px; padding: 0px; font-family: 微软雅黑, &amp;quot;Microsoft YaHei&amp;quot;; font-size: 14px;&quot;&gt;&lt;span style=&quot;font-family: 微软雅黑, &amp;quot;Microsoft YaHei&amp;quot;; font-size: 14px; text-indent: 24px; background-color: rgb(255, 255, 255);&quot;&gt;3.选好商品后点击“去结算”&lt;/span&gt;&lt;/span&gt;&lt;/p&gt;&lt;p style=&quot;margin-top: 0px; margin-bottom: 20px; padding: 0px; text-indent: 2em; line-height: 21px; font-family: tahoma, arial, &amp;quot;Microsoft YaHei&amp;quot;, &amp;quot;Hiragino Sans GB&amp;quot;, u5b8bu4f53, sans-serif; font-size: 12px; white-space: normal; background-color: rgb(255, 255, 255);&quot;&gt;&lt;span style=&quot;margin: 0px; padding: 0px; font-family: 微软雅黑, &amp;quot;Microsoft YaHei&amp;quot;; font-size: 14px;&quot;&gt;&lt;span style=&quot;font-family: 微软雅黑, &amp;quot;Microsoft YaHei&amp;quot;; font-size: 14px; text-indent: 24px; background-color: rgb(255, 255, 255);&quot;&gt;4.详细填写收货人信息、支付方式、发票信息，核对送货清单等信息；&lt;/span&gt;&lt;/span&gt;&lt;/p&gt;&lt;p style=&quot;margin-top: 0px; margin-bottom: 20px; padding: 0px; text-indent: 2em; line-height: 21px; font-family: tahoma, arial, &amp;quot;Microsoft YaHei&amp;quot;, &amp;quot;Hiragino Sans GB&amp;quot;, u5b8bu4f53, sans-serif; font-size: 12px; white-space: normal; background-color: rgb(255, 255, 255);&quot;&gt;&lt;span style=&quot;margin: 0px; padding: 0px; font-family: 微软雅黑, &amp;quot;Microsoft YaHei&amp;quot;; font-size: 14px;&quot;&gt;&lt;/span&gt;&lt;/p&gt;&lt;p style=&quot;margin-top: 0px; margin-bottom: 20px; padding: 0px; text-indent: 2em; line-height: 21px; font-family: tahoma, arial, &amp;quot;Microsoft YaHei&amp;quot;, &amp;quot;Hiragino Sans GB&amp;quot;, u5b8bu4f53, sans-serif; font-size: 12px; white-space: normal; background-color: rgb(255, 255, 255);&quot;&gt;&lt;span style=&quot;margin: 0px; padding: 0px; font-family: 微软雅黑, &amp;quot;Microsoft YaHei&amp;quot;; font-size: 14px;&quot;&gt;5.确认无误后点击“提交订单”，生成新订单并显示订单编号；&lt;/span&gt;&lt;/p&gt;&lt;p style=&quot;margin-top: 0px; margin-bottom: 20px; padding: 0px; text-indent: 2em; line-height: 21px; font-family: tahoma, arial, &amp;quot;Microsoft YaHei&amp;quot;, &amp;quot;Hiragino Sans GB&amp;quot;, u5b8bu4f53, sans-serif; font-size: 12px; white-space: normal; background-color: rgb(255, 255, 255);&quot;&gt;&lt;span style=&quot;margin: 0px; padding: 0px; font-family: 微软雅黑, &amp;quot;Microsoft YaHei&amp;quot;; font-size: 14px;&quot;&gt;6.查看订单详细信息：可进入“我的”→“订单&lt;/span&gt;中心&lt;span style=&quot;margin: 0px; padding: 0px; font-family: 微软雅黑, &amp;quot;Microsoft YaHei&amp;quot;; font-size: 14px;&quot;&gt;”查看。&lt;/span&gt;&lt;/p&gt;&lt;p style=&quot;margin-top: 0px; margin-bottom: 20px; padding: 0px; text-indent: 2em; line-height: 21px; font-family: tahoma, arial, &amp;quot;Microsoft YaHei&amp;quot;, &amp;quot;Hiragino Sans GB&amp;quot;, u5b8bu4f53, sans-serif; font-size: 12px; white-space: normal; background-color: rgb(255, 255, 255);&quot;&gt;&lt;span style=&quot;margin: 0px; padding: 0px; font-family: 微软雅黑, &amp;quot;Microsoft YaHei&amp;quot;; font-size: 14px;&quot;&gt;&lt;br/&gt;&lt;/span&gt;&lt;br/&gt;&lt;/p&gt;',1686066560,''),(43,4,'',1,0,'支付方式有哪些？如何支付？','&lt;p style=&quot;margin-top: 0px; margin-bottom: 20px; padding: 0px; text-indent: 2em; line-height: 21px; font-family: tahoma, arial, &amp;quot;Microsoft YaHei&amp;quot;, &amp;quot;Hiragino Sans GB&amp;quot;, u5b8bu4f53, sans-serif; font-size: 12px; white-space: normal; background-color: rgb(255, 255, 255);&quot;&gt;&lt;span style=&quot;margin: 0px; padding: 0px; font-family: 微软雅黑, &amp;quot;Microsoft YaHei&amp;quot;; font-size: 14px;&quot;&gt;支付方式分为以下几种&lt;/span&gt;&lt;/p&gt;&lt;p style=&quot;margin-top: 0px; margin-bottom: 20px; padding: 0px; text-indent: 2em; line-height: 21px; font-family: tahoma, arial, &amp;quot;Microsoft YaHei&amp;quot;, &amp;quot;Hiragino Sans GB&amp;quot;, u5b8bu4f53, sans-serif; font-size: 12px; white-space: normal; background-color: rgb(255, 255, 255);&quot;&gt;&lt;span style=&quot;margin: 0px; padding: 0px; font-family: 微软雅黑, &amp;quot;Microsoft YaHei&amp;quot;; font-size: 14px;&quot;&gt;1、&lt;strong style=&quot;margin: 0px; padding: 0px;&quot;&gt;在线支付&lt;/strong&gt;：选择在线支付，请您进入“我的订单”，点击“付款”，按提示进行操作；目前在线支付支持网银支付、快捷支付、微信支付、支付宝支付等方式进行支付，可根据您的使用喜好进行选择；。&lt;/span&gt;&lt;/p&gt;&lt;p style=&quot;margin-top: 0px; margin-bottom: 20px; padding: 0px; text-indent: 2em; line-height: 21px; font-family: tahoma, arial, &amp;quot;Microsoft YaHei&amp;quot;, &amp;quot;Hiragino Sans GB&amp;quot;, u5b8bu4f53, sans-serif; font-size: 12px; white-space: normal; background-color: rgb(255, 255, 255);&quot;&gt;&lt;span style=&quot;margin: 0px; padding: 0px; font-family: 微软雅黑, &amp;quot;Microsoft YaHei&amp;quot;; font-size: 14px;&quot;&gt;2、&lt;strong style=&quot;margin: 0px; padding: 0px;&quot;&gt;公司转账&lt;/strong&gt;&lt;/span&gt;&lt;span style=&quot;margin: 0px; padding: 0px; font-family: 微软雅黑, &amp;quot;Microsoft YaHei&amp;quot;; font-size: 14px;&quot;&gt;分为：企业网银（即线上支付）、线下公司转账支付（即电汇）2种支付方式。&lt;/span&gt;&lt;/p&gt;&lt;p style=&quot;margin-top: 0px; margin-bottom: 20px; padding: 0px; text-indent: 2em; line-height: 21px; font-family: tahoma, arial, &amp;quot;Microsoft YaHei&amp;quot;, &amp;quot;Hiragino Sans GB&amp;quot;, u5b8bu4f53, sans-serif; font-size: 12px; white-space: normal; background-color: rgb(255, 255, 255);&quot;&gt;&lt;span style=&quot;margin: 0px; padding: 0px; font-family: 微软雅黑, &amp;quot;Microsoft YaHei&amp;quot;; font-size: 14px;&quot;&gt;1）企业网银：根据网银页面提示进行支付。&lt;/span&gt;&lt;/p&gt;&lt;p style=&quot;margin-top: 0px; margin-bottom: 20px; padding: 0px; text-indent: 2em; line-height: 21px; font-family: tahoma, arial, &amp;quot;Microsoft YaHei&amp;quot;, &amp;quot;Hiragino Sans GB&amp;quot;, u5b8bu4f53, sans-serif; font-size: 12px; white-space: normal; background-color: rgb(255, 255, 255);&quot;&gt;&lt;span style=&quot;margin: 0px; padding: 0px; font-family: 微软雅黑, &amp;quot;Microsoft YaHei&amp;quot;; font-size: 14px;&quot;&gt;&lt;span style=&quot;margin: 0px; padding: 0px;&quot;&gt;2）线下公司转账：&lt;/span&gt;提交订单后选择线下公司转账会生成15位汇款识别码，请您按照提示到银行操作转账，&amp;nbsp;线下公司转账方式的到账时间是1-3个工作日（支付+对账时效：10天）；&lt;/span&gt;&lt;/p&gt;&lt;p style=&quot;margin-top: 0px; margin-bottom: 20px; padding: 0px; text-indent: 2em; line-height: 21px; font-family: tahoma, arial, &amp;quot;Microsoft YaHei&amp;quot;, &amp;quot;Hiragino Sans GB&amp;quot;, u5b8bu4f53, sans-serif; font-size: 12px; white-space: normal; background-color: rgb(255, 255, 255);&quot;&gt;&lt;span style=&quot;margin: 0px; padding: 0px; font-family: 微软雅黑, &amp;quot;Microsoft YaHei&amp;quot;; font-size: 14px;&quot;&gt;备注：先款订单在您提交订单后需要在页面显示的支付时效内容完成支付，否则订单会自动取&lt;/span&gt;&lt;span style=&quot;margin: 0px; padding: 0px; font-family: 微软雅黑, &amp;quot;Microsoft YaHei&amp;quot;; font-size: 14px;&quot;&gt;消，具体支付方式和支付时效以实际下单页面显示的为准；部分订单不支持线下公司转账。&lt;/span&gt;&lt;/p&gt;&lt;p&gt;&lt;br/&gt;&lt;/p&gt;',1686066692,''),(44,2,'',1,0,'服务协议','&lt;p&gt;&lt;span style=&quot;font-family: 微软雅黑;color: rgb(85, 85, 85);letter-spacing: 0;font-size: 12px;background: rgb(255, 255, 255)&quot;&gt;&lt;span style=&quot;font-family:微软雅黑&quot;&gt;以下详述&lt;/span&gt;&lt;/span&gt;&lt;span style=&quot;font-family: 微软雅黑;color: rgb(85, 85, 85);letter-spacing: 0;font-size: 12px;background: rgb(255, 255, 255)&quot;&gt;&lt;span style=&quot;font-family:微软雅黑&quot;&gt;科创未来&lt;/span&gt;&lt;/span&gt;&lt;span style=&quot;font-family: 微软雅黑;color: rgb(85, 85, 85);letter-spacing: 0;font-size: 12px;background: rgb(255, 255, 255)&quot;&gt;&lt;span style=&quot;font-family:微软雅黑&quot;&gt;为您提供服务的条款。&lt;/span&gt; &lt;/span&gt;&lt;/p&gt;&lt;p&gt;&lt;span style=&quot;font-family: 微软雅黑;color: rgb(85, 85, 85);letter-spacing: 0;font-size: 12px;background: rgb(255, 255, 255)&quot;&gt;&lt;span style=&quot;font-family:微软雅黑&quot;&gt;&amp;nbsp;&amp;nbsp;&amp;nbsp;&amp;nbsp;《&lt;/span&gt;&lt;/span&gt;&lt;span style=&quot;font-family: 微软雅黑;color: rgb(85, 85, 85);letter-spacing: 0;font-size: 12px;background: rgb(255, 255, 255)&quot;&gt;&lt;span style=&quot;font-family:微软雅黑&quot;&gt;科创未来&lt;/span&gt;&lt;/span&gt;&lt;span style=&quot;font-family: 微软雅黑;color: rgb(85, 85, 85);letter-spacing: 0;font-size: 12px;background: rgb(255, 255, 255)&quot;&gt;&lt;span style=&quot;font-family:微软雅黑&quot;&gt;服务协议》（以下简称&lt;/span&gt;&lt;span style=&quot;font-family:微软雅黑&quot;&gt;“本协议”）详述您在&lt;/span&gt;&lt;/span&gt;&lt;span style=&quot;font-family: 微软雅黑;color: rgb(85, 85, 85);letter-spacing: 0;font-size: 12px;background: rgb(255, 255, 255)&quot;&gt;&lt;span style=&quot;font-family:微软雅黑&quot;&gt;科创未来&lt;/span&gt;&lt;/span&gt;&lt;span style=&quot;font-family: 微软雅黑;color: rgb(85, 85, 85);letter-spacing: 0;font-size: 12px;background: rgb(255, 255, 255)&quot;&gt;&lt;span style=&quot;font-family:微软雅黑&quot;&gt;网站提供的域名为&lt;/span&gt; &lt;span style=&quot;font-family:微软雅黑&quot;&gt;（&lt;/span&gt;&lt;/span&gt;&lt;span style=&quot;font-family: 微软雅黑;color: rgb(85, 85, 85);letter-spacing: 0;font-size: 12px;background: rgb(255, 255, 255)&quot;&gt;&lt;span style=&quot;font-family:微软雅黑&quot;&gt;www.wzhangsheng.cn&lt;/span&gt;&lt;/span&gt;&lt;span style=&quot;font-family: 微软雅黑;color: rgb(85, 85, 85);letter-spacing: 0;font-size: 12px;background: rgb(255, 255, 255)&quot;&gt;&lt;span style=&quot;font-family:微软雅黑&quot;&gt;）时，使用&lt;/span&gt;&lt;/span&gt;&lt;span style=&quot;font-family: 微软雅黑;color: rgb(85, 85, 85);letter-spacing: 0;font-size: 12px;background: rgb(255, 255, 255)&quot;&gt;&lt;span style=&quot;font-family:微软雅黑&quot;&gt;科创未来&lt;/span&gt;&lt;/span&gt;&lt;span style=&quot;font-family: 微软雅黑;color: rgb(85, 85, 85);letter-spacing: 0;font-size: 12px;background: rgb(255, 255, 255)&quot;&gt;&lt;span style=&quot;font-family:微软雅黑&quot;&gt;的服务者达成的关于使用&lt;/span&gt;&lt;/span&gt;&lt;span style=&quot;font-family: 微软雅黑;color: rgb(85, 85, 85);letter-spacing: 0;font-size: 12px;background: rgb(255, 255, 255)&quot;&gt;&lt;span style=&quot;font-family:微软雅黑&quot;&gt;科创未来&lt;/span&gt;&lt;/span&gt;&lt;span style=&quot;font-family: 微软雅黑;color: rgb(85, 85, 85);letter-spacing: 0;font-size: 12px;background: rgb(255, 255, 255)&quot;&gt;&lt;span style=&quot;font-family:微软雅黑&quot;&gt;网站服务的所须遵守的各项条款、条件及规则。如您有任&lt;/span&gt; &lt;span style=&quot;font-family:微软雅黑&quot;&gt;何疑问，请及时联系我们。&lt;/span&gt; &lt;span style=&quot;font-family:微软雅黑&quot;&gt;您注册成为&lt;/span&gt;&lt;/span&gt;&lt;span style=&quot;font-family: 微软雅黑;color: rgb(85, 85, 85);letter-spacing: 0;font-size: 12px;background: rgb(255, 255, 255)&quot;&gt;&lt;span style=&quot;font-family:微软雅黑&quot;&gt;科创未来&lt;/span&gt;&lt;/span&gt;&lt;span style=&quot;font-family: 微软雅黑;color: rgb(85, 85, 85);letter-spacing: 0;font-size: 12px;background: rgb(255, 255, 255)&quot;&gt;&lt;span style=&quot;font-family:微软雅黑&quot;&gt;用户前，必须仔细阅读本用户协议和隐私声明，您应当仔细阅读本协议的正文内容、隐私声明及其所属各类规则，对于本协议中以加粗字体显示&lt;/span&gt; &lt;span style=&quot;font-family:微软雅黑&quot;&gt;的内容，您应重点阅读。一旦您注册成为了&lt;/span&gt;&lt;/span&gt;&lt;span style=&quot;font-family: 微软雅黑;color: rgb(85, 85, 85);letter-spacing: 0;font-size: 12px;background: rgb(255, 255, 255)&quot;&gt;&lt;span style=&quot;font-family:微软雅黑&quot;&gt;科创未来&lt;/span&gt;&lt;/span&gt;&lt;span style=&quot;font-family: 微软雅黑;color: rgb(85, 85, 85);letter-spacing: 0;font-size: 12px;background: rgb(255, 255, 255)&quot;&gt;&amp;nbsp;&lt;span style=&quot;font-family:微软雅黑&quot;&gt;用户即表示您已经阅读、同意并接受本协议和隐私声明中所含的所有&lt;/span&gt; &lt;span style=&quot;font-family:微软雅黑&quot;&gt;条款、条件和规则以及愿意接受我司各种促销活动的信息。（包括协议正文及所有&lt;/span&gt;&lt;/span&gt;&lt;span style=&quot;font-family: 微软雅黑;color: rgb(85, 85, 85);letter-spacing: 0;font-size: 12px;background: rgb(255, 255, 255)&quot;&gt;&lt;span style=&quot;font-family:微软雅黑&quot;&gt;科创未来&lt;/span&gt;&lt;/span&gt;&lt;span style=&quot;font-family: 微软雅黑;color: rgb(85, 85, 85);letter-spacing: 0;font-size: 12px;background: rgb(255, 255, 255)&quot;&gt;&lt;span style=&quot;font-family:微软雅黑&quot;&gt;网站已经发布的或将来可能发布或更新的各&lt;/span&gt; &lt;span style=&quot;font-family:微软雅黑&quot;&gt;类规则，所有规则为本协议不可分割的组成部分，与本协议正文具有同等法律效力）&lt;/span&gt;&lt;/span&gt;&lt;span style=&quot;font-family: 微软雅黑;color: rgb(85, 85, 85);letter-spacing: 0;font-size: 12px;background: rgb(255, 255, 255)&quot;&gt;&lt;span style=&quot;font-family:微软雅黑&quot;&gt;科创未来&lt;/span&gt;&lt;/span&gt;&lt;span style=&quot;font-family: 微软雅黑;color: rgb(85, 85, 85);letter-spacing: 0;font-size: 12px;background: rgb(255, 255, 255)&quot;&gt;&lt;span style=&quot;font-family:微软雅黑&quot;&gt;有权根据需要不时地对本协议进行制订、修&lt;/span&gt; &lt;span style=&quot;font-family:微软雅黑&quot;&gt;改和变更，并会在&lt;/span&gt;&lt;/span&gt;&lt;span style=&quot;font-family: 微软雅黑;color: rgb(85, 85, 85);letter-spacing: 0;font-size: 12px;background: rgb(255, 255, 255)&quot;&gt;&lt;span style=&quot;font-family:微软雅黑&quot;&gt;科创未来&lt;/span&gt;&lt;/span&gt;&lt;span style=&quot;font-family: 微软雅黑;color: rgb(85, 85, 85);letter-spacing: 0;font-size: 12px;background: rgb(255, 255, 255)&quot;&gt;&lt;span style=&quot;font-family:微软雅黑&quot;&gt;网站页面上发布有关制订、修改和变更事项的公告，不再单独进行通知，修订变更后的协议内容在发布&lt;/span&gt; &lt;span style=&quot;font-family:微软雅黑&quot;&gt;之时起立即自动生效。如您不同意相关修订及变更，应当立即停止使用&lt;/span&gt;&lt;/span&gt;&lt;span style=&quot;font-family: 微软雅黑;color: rgb(85, 85, 85);letter-spacing: 0;font-size: 12px;background: rgb(255, 255, 255)&quot;&gt;&lt;span style=&quot;font-family:微软雅黑&quot;&gt;科创未来&lt;/span&gt;&lt;/span&gt;&lt;span style=&quot;font-family: 微软雅黑;color: rgb(85, 85, 85);letter-spacing: 0;font-size: 12px;background: rgb(255, 255, 255)&quot;&gt;&lt;span style=&quot;font-family:微软雅黑&quot;&gt;网站服务，终止您与&lt;/span&gt;&lt;/span&gt;&lt;span style=&quot;font-family: 微软雅黑;color: rgb(85, 85, 85);letter-spacing: 0;font-size: 12px;background: rgb(255, 255, 255)&quot;&gt;&lt;span style=&quot;font-family:微软雅黑&quot;&gt;科创未来&lt;/span&gt;&lt;/span&gt;&lt;span style=&quot;font-family: 微软雅黑;color: rgb(85, 85, 85);letter-spacing: 0;font-size: 12px;background: rgb(255, 255, 255)&quot;&gt;&lt;span style=&quot;font-family:微软雅黑&quot;&gt;的用户关系。您继续使用&lt;/span&gt;&lt;/span&gt;&lt;span style=&quot;font-family: 微软雅黑;color: rgb(85, 85, 85);letter-spacing: 0;font-size: 12px;background: rgb(255, 255, 255)&quot;&gt;&lt;span style=&quot;font-family:微软雅黑&quot;&gt;科创未来&lt;/span&gt;&lt;/span&gt;&lt;span style=&quot;font-family: 微软雅黑;color: rgb(85, 85, 85);letter-spacing: 0;font-size: 12px;background: rgb(255, 255, 255)&quot;&gt;&lt;span style=&quot;font-family:微软雅黑&quot;&gt;网站服务，即表示接受修订变更的协议或者&lt;/span&gt; &lt;span style=&quot;font-family:微软雅黑&quot;&gt;规则。&lt;/span&gt; &lt;span style=&quot;font-family:微软雅黑&quot;&gt;一、用户注册：&lt;/span&gt; 1. 用户资格： &lt;/span&gt;&lt;span style=&quot;font-family: 微软雅黑;color: rgb(85, 85, 85);letter-spacing: 0;font-size: 12px;background: rgb(255, 255, 255)&quot;&gt;&lt;span style=&quot;font-family:微软雅黑&quot;&gt;科创未来&lt;/span&gt;&lt;/span&gt;&lt;span style=&quot;font-family: 微软雅黑;color: rgb(85, 85, 85);letter-spacing: 0;font-size: 12px;background: rgb(255, 255, 255)&quot;&gt;&lt;span style=&quot;font-family:微软雅黑&quot;&gt;用户必须是有完全民事行为能力、适用法律下能够签订具有法律约束力的合同的自然人。在不&lt;/span&gt; &lt;span style=&quot;font-family:微软雅黑&quot;&gt;限制前述规定的前提下，我们的服务不向&lt;/span&gt;18周岁以下或被临时或无限期终止服务的&lt;/span&gt;&lt;span style=&quot;font-family: 微软雅黑;color: rgb(85, 85, 85);letter-spacing: 0;font-size: 12px;background: rgb(255, 255, 255)&quot;&gt;&lt;span style=&quot;font-family:微软雅黑&quot;&gt;科创未来&lt;/span&gt;&lt;/span&gt;&lt;span style=&quot;font-family: 微软雅黑;color: rgb(85, 85, 85);letter-spacing: 0;font-size: 12px;background: rgb(255, 255, 255)&quot;&gt;&lt;span style=&quot;font-family:微软雅黑&quot;&gt;用户提供（终止协议适用但不仅限用户违反本协议规定时；用户用虚假信息&lt;/span&gt; &lt;span style=&quot;font-family:微软雅黑&quot;&gt;注册&lt;/span&gt;&lt;/span&gt;&lt;span style=&quot;font-family: 微软雅黑;color: rgb(85, 85, 85);letter-spacing: 0;font-size: 12px;background: rgb(255, 255, 255)&quot;&gt;&lt;span style=&quot;font-family:微软雅黑&quot;&gt;科创未来&lt;/span&gt;&lt;/span&gt;&lt;span style=&quot;font-family: 微软雅黑;color: rgb(85, 85, 85);letter-spacing: 0;font-size: 12px;background: rgb(255, 255, 255)&quot;&gt;&lt;span style=&quot;font-family:微软雅黑&quot;&gt;时；本协议修改或更新的且用户不愿接受协议时；&lt;/span&gt;&lt;/span&gt;&lt;span style=&quot;font-family: 微软雅黑;color: rgb(85, 85, 85);letter-spacing: 0;font-size: 12px;background: rgb(255, 255, 255)&quot;&gt;&lt;span style=&quot;font-family:微软雅黑&quot;&gt;科创未来&lt;/span&gt;&lt;/span&gt;&lt;span style=&quot;font-family: 微软雅黑;color: rgb(85, 85, 85);letter-spacing: 0;font-size: 12px;background: rgb(255, 255, 255)&quot;&gt;&lt;span style=&quot;font-family:微软雅黑&quot;&gt;网站认为需要终止提供服务的其他情况。）。如您不合资格，请&lt;/span&gt; &lt;span style=&quot;font-family:微软雅黑&quot;&gt;不要使用&lt;/span&gt;&lt;/span&gt;&lt;span style=&quot;font-family: 微软雅黑;color: rgb(85, 85, 85);letter-spacing: 0;font-size: 12px;background: rgb(255, 255, 255)&quot;&gt;&lt;span style=&quot;font-family:微软雅黑&quot;&gt;科创未来&lt;/span&gt;&lt;/span&gt;&lt;span style=&quot;font-family: 微软雅黑;color: rgb(85, 85, 85);letter-spacing: 0;font-size: 12px;background: rgb(255, 255, 255)&quot;&gt;&lt;span style=&quot;font-family:微软雅黑&quot;&gt;的服务，否则&lt;/span&gt;&lt;/span&gt;&lt;span style=&quot;font-family: 微软雅黑;color: rgb(85, 85, 85);letter-spacing: 0;font-size: 12px;background: rgb(255, 255, 255)&quot;&gt;&lt;span style=&quot;font-family:微软雅黑&quot;&gt;科创未来&lt;/span&gt;&lt;/span&gt;&lt;span style=&quot;font-family: 微软雅黑;color: rgb(85, 85, 85);letter-spacing: 0;font-size: 12px;background: rgb(255, 255, 255)&quot;&gt;&amp;nbsp;&lt;span style=&quot;font-family:微软雅黑&quot;&gt;有权采取取消订单、冻结或关闭账户、拒绝提供服务等措施，给&lt;/span&gt;&lt;/span&gt;&lt;span style=&quot;font-family: 微软雅黑;color: rgb(85, 85, 85);letter-spacing: 0;font-size: 12px;background: rgb(255, 255, 255)&quot;&gt;&lt;span style=&quot;font-family:微软雅黑&quot;&gt;科创未来&lt;/span&gt;&lt;/span&gt;&lt;span style=&quot;font-family: 微软雅黑;color: rgb(85, 85, 85);letter-spacing: 0;font-size: 12px;background: rgb(255, 255, 255)&quot;&gt;&lt;span style=&quot;font-family:微软雅黑&quot;&gt;及相关方造成损失的，用户还应承担赔偿责任。&lt;/span&gt;&lt;/span&gt;&lt;span style=&quot;font-family: 微软雅黑;color: rgb(85, 85, 85);letter-spacing: 0;font-size: 12px;background: rgb(255, 255, 255)&quot;&gt;&lt;span style=&quot;font-family:微软雅黑&quot;&gt;科创未来&lt;/span&gt;&lt;/span&gt;&lt;span style=&quot;font-family: 微软雅黑;color: rgb(85, 85, 85);letter-spacing: 0;font-size: 12px;background: rgb(255, 255, 255)&quot;&gt;&amp;nbsp;&lt;span style=&quot;font-family:微软雅黑&quot;&gt;为每位用户开通一个作为其使用&lt;/span&gt;&lt;/span&gt;&lt;span style=&quot;font-family: 微软雅黑;color: rgb(85, 85, 85);letter-spacing: 0;font-size: 12px;background: rgb(255, 255, 255)&quot;&gt;&lt;span style=&quot;font-family:微软雅黑&quot;&gt;科创未来&lt;/span&gt;&lt;/span&gt;&lt;span style=&quot;font-family: 微软雅黑;color: rgb(85, 85, 85);letter-spacing: 0;font-size: 12px;background: rgb(255, 255, 255)&quot;&gt;&lt;span style=&quot;font-family:微软雅黑&quot;&gt;网站服务唯&lt;/span&gt; &lt;span style=&quot;font-family:微软雅黑&quot;&gt;一身份标识的账户，用户应妥善保管该账户的用户名和密码，并对在其账户下发生的所有行为负责。用户不得以任何形式向其他方转让、出售或授权他人使用自己的&lt;/span&gt;&lt;/span&gt;&lt;span style=&quot;font-family: 微软雅黑;color: rgb(85, 85, 85);letter-spacing: 0;font-size: 12px;background: rgb(255, 255, 255)&quot;&gt;&lt;span style=&quot;font-family:微软雅黑&quot;&gt;科创未来&lt;/span&gt;&lt;/span&gt;&lt;span style=&quot;font-family: 微软雅黑;color: rgb(85, 85, 85);letter-spacing: 0;font-size: 12px;background: rgb(255, 255, 255)&quot;&gt;&lt;span style=&quot;font-family:微软雅黑&quot;&gt;账户，否则&lt;/span&gt;&lt;/span&gt;&lt;span style=&quot;font-family: 微软雅黑;color: rgb(85, 85, 85);letter-spacing: 0;font-size: 12px;background: rgb(255, 255, 255)&quot;&gt;&lt;span style=&quot;font-family:微软雅黑&quot;&gt;科创未来&lt;/span&gt;&lt;/span&gt;&lt;span style=&quot;font-family: 微软雅黑;color: rgb(85, 85, 85);letter-spacing: 0;font-size: 12px;background: rgb(255, 255, 255)&quot;&gt;&lt;span style=&quot;font-family:微软雅黑&quot;&gt;将保留中止或终止您的帐户的权利。&lt;/span&gt; 2. 每位用户只允许拥有一个&lt;/span&gt;&lt;span style=&quot;font-family: 微软雅黑;color: rgb(85, 85, 85);letter-spacing: 0;font-size: 12px;background: rgb(255, 255, 255)&quot;&gt;&lt;span style=&quot;font-family:微软雅黑&quot;&gt;科创未来&lt;/span&gt;&lt;/span&gt;&lt;span style=&quot;font-family: 微软雅黑;color: rgb(85, 85, 85);letter-spacing: 0;font-size: 12px;background: rgb(255, 255, 255)&quot;&gt;&lt;span style=&quot;font-family:微软雅黑&quot;&gt;网站账户。每个手机号码、每个收货地址仅对应一个会员账户。&lt;/span&gt; &lt;span style=&quot;font-family:微软雅黑&quot;&gt;包含但不限于以下行为，视为虚假注册：&lt;/span&gt; &lt;span style=&quot;font-family:微软雅黑&quot;&gt;（&lt;/span&gt;1）以同一手 机号码注册多个账户； （2）多个账户 使用同一收货地址。 &lt;/span&gt;&lt;span style=&quot;font-family: 微软雅黑;color: rgb(85, 85, 85);letter-spacing: 0;font-size: 12px;background: rgb(255, 255, 255)&quot;&gt;&lt;span style=&quot;font-family:微软雅黑&quot;&gt;科创未来&lt;/span&gt;&lt;/span&gt;&lt;span style=&quot;font-family: 微软雅黑;color: rgb(85, 85, 85);letter-spacing: 0;font-size: 12px;background: rgb(255, 255, 255)&quot;&gt;&lt;span style=&quot;font-family:微软雅黑&quot;&gt;对虚假注册账户有权采取取消订单、冻结或关闭账户、拒绝提供服务等措施并取消虚假注册账户在&lt;/span&gt;&lt;/span&gt;&lt;span style=&quot;font-family: 微软雅黑;color: rgb(85, 85, 85);letter-spacing: 0;font-size: 12px;background: rgb(255, 255, 255)&quot;&gt;&lt;span style=&quot;font-family:微软雅黑&quot;&gt;科创未来&lt;/span&gt;&lt;/span&gt;&lt;span style=&quot;font-family: 微软雅黑;color: rgb(85, 85, 85);letter-spacing: 0;font-size: 12px;background: rgb(255, 255, 255)&quot;&gt;&lt;span style=&quot;font-family:微软雅黑&quot;&gt;获得其他利益的权利。对&lt;/span&gt;&lt;/span&gt;&lt;span style=&quot;font-family: 微软雅黑;color: rgb(85, 85, 85);letter-spacing: 0;font-size: 12px;background: rgb(255, 255, 255)&quot;&gt;&lt;span style=&quot;font-family:微软雅黑&quot;&gt;科创未来&lt;/span&gt;&lt;/span&gt;&lt;span style=&quot;font-family: 微软雅黑;color: rgb(85, 85, 85);letter-spacing: 0;font-size: 12px;background: rgb(255, 255, 255)&quot;&gt;&lt;span style=&quot;font-family:微软雅黑&quot;&gt;网站已造成既定损失的行为，&lt;/span&gt;&lt;/span&gt;&lt;span style=&quot;font-family: 微软雅黑;color: rgb(85, 85, 85);letter-spacing: 0;font-size: 12px;background: rgb(255, 255, 255)&quot;&gt;&lt;span style=&quot;font-family:微软雅黑&quot;&gt;科创未来&lt;/span&gt;&lt;/span&gt;&lt;span style=&quot;font-family: 微软雅黑;color: rgb(85, 85, 85);letter-spacing: 0;font-size: 12px;background: rgb(255, 255, 255)&quot;&gt;&lt;span style=&quot;font-family:微软雅黑&quot;&gt;有权追回损失提出其他诉&lt;/span&gt; &lt;span style=&quot;font-family:微软雅黑&quot;&gt;求。&lt;/span&gt; &lt;span style=&quot;font-family:微软雅黑&quot;&gt;二、隐私：&lt;/span&gt; &lt;/span&gt;&lt;span style=&quot;font-family: 微软雅黑;color: rgb(85, 85, 85);letter-spacing: 0;font-size: 12px;background: rgb(255, 255, 255)&quot;&gt;&lt;span style=&quot;font-family:微软雅黑&quot;&gt;科创未来&lt;/span&gt;&lt;/span&gt;&lt;span style=&quot;font-family: 微软雅黑;color: rgb(85, 85, 85);letter-spacing: 0;font-size: 12px;background: rgb(255, 255, 255)&quot;&gt;&lt;span style=&quot;font-family:微软雅黑&quot;&gt;注重对您个人隐私的保护，设有适用于所有用户并纳入&lt;/span&gt;&lt;/span&gt;&lt;span style=&quot;font-family: 微软雅黑;color: rgb(85, 85, 85);letter-spacing: 0;font-size: 12px;background: rgb(255, 255, 255)&quot;&gt;&lt;span style=&quot;font-family:微软雅黑&quot;&gt;科创未来&lt;/span&gt;&lt;/span&gt;&lt;span style=&quot;font-family: 微软雅黑;color: rgb(85, 85, 85);letter-spacing: 0;font-size: 12px;background: rgb(255, 255, 255)&quot;&gt;&lt;span style=&quot;font-family:微软雅黑&quot;&gt;服务协议的隐私声明。您应当在注册时阅读并接受隐私声明，您访问&lt;/span&gt;&lt;/span&gt;&lt;span style=&quot;font-family: 微软雅黑;color: rgb(85, 85, 85);letter-spacing: 0;font-size: 12px;background: rgb(255, 255, 255)&quot;&gt;&lt;span style=&quot;font-family:微软雅黑&quot;&gt;科创未来&lt;/span&gt;&lt;/span&gt;&lt;span style=&quot;font-family: 微软雅黑;color: rgb(85, 85, 85);letter-spacing: 0;font-size: 12px;background: rgb(255, 255, 255)&quot;&gt;&lt;span style=&quot;font-family:微软雅黑&quot;&gt;网站&lt;/span&gt; &lt;span style=&quot;font-family:微软雅黑&quot;&gt;、使用&lt;/span&gt;&lt;/span&gt;&lt;span style=&quot;font-family: 微软雅黑;color: rgb(85, 85, 85);letter-spacing: 0;font-size: 12px;background: rgb(255, 255, 255)&quot;&gt;&lt;span style=&quot;font-family:微软雅黑&quot;&gt;科创未来&lt;/span&gt;&lt;/span&gt;&lt;span style=&quot;font-family: 微软雅黑;color: rgb(85, 85, 85);letter-spacing: 0;font-size: 12px;background: rgb(255, 255, 255)&quot;&gt;&lt;span style=&quot;font-family:微软雅黑&quot;&gt;网站的任何服务，那么您便接受了本隐私声明，且您在作为&lt;/span&gt;&lt;/span&gt;&lt;span style=&quot;font-family: 微软雅黑;color: rgb(85, 85, 85);letter-spacing: 0;font-size: 12px;background: rgb(255, 255, 255)&quot;&gt;&lt;span style=&quot;font-family:微软雅黑&quot;&gt;科创未来&lt;/span&gt;&lt;/span&gt;&lt;span style=&quot;font-family: 微软雅黑;color: rgb(85, 85, 85);letter-spacing: 0;font-size: 12px;background: rgb(255, 255, 255)&quot;&gt;&lt;span style=&quot;font-family:微软雅黑&quot;&gt;用户期间将继续受其规定（包括福来&lt;/span&gt; &lt;span style=&quot;font-family:微软雅黑&quot;&gt;士对隐私声明作出的任何修订）的&lt;/span&gt; &lt;span style=&quot;font-family:微软雅黑&quot;&gt;约束&lt;/span&gt;. 1. 个人数据资料。包括个人识别资料：如姓名、性别、 年龄、出生日期、身份证号码(或护照号码)、电话、通信地址、住址、电子邮件地址等情况；个人背景：职业、教育程度、收入状况、婚姻、家庭状况等。 2. 使用非个人信息。&lt;/span&gt;&lt;span style=&quot;font-family: 微软雅黑;color: rgb(85, 85, 85);letter-spacing: 0;font-size: 12px;background: rgb(255, 255, 255)&quot;&gt;&lt;span style=&quot;font-family:微软雅黑&quot;&gt;科创未来&lt;/span&gt;&lt;/span&gt;&lt;span style=&quot;font-family: 微软雅黑;color: rgb(85, 85, 85);letter-spacing: 0;font-size: 12px;background: rgb(255, 255, 255)&quot;&gt;&lt;span style=&quot;font-family:微软雅黑&quot;&gt;将通过您的&lt;/span&gt;IP地址来收集非个人化的信息，包括您的浏览器性质、操作系统种类、给您提供接入服务的ISP的域名等，以优化在您计算机屏幕上显示的页面。 通过收集上述信息，我们亦进行客流量统计，从而改进网站的管理和服务。 3. 个人数据安全。&lt;/span&gt;&lt;span style=&quot;font-family: 微软雅黑;color: rgb(85, 85, 85);letter-spacing: 0;font-size: 12px;background: rgb(255, 255, 255)&quot;&gt;&lt;span style=&quot;font-family:微软雅黑&quot;&gt;科创未来&lt;/span&gt;&lt;/span&gt;&lt;span style=&quot;font-family: 微软雅黑;color: rgb(85, 85, 85);letter-spacing: 0;font-size: 12px;background: rgb(255, 255, 255)&quot;&gt;&lt;span style=&quot;font-family:微软雅黑&quot;&gt;采用安全性的服务器使用控制设备保护您的个人数据。&lt;/span&gt; 4. 个人数据披露和限制利用。当国家机构依照法定程序 要求&lt;/span&gt;&lt;span style=&quot;font-family: 微软雅黑;color: rgb(85, 85, 85);letter-spacing: 0;font-size: 12px;background: rgb(255, 255, 255)&quot;&gt;&lt;span style=&quot;font-family:微软雅黑&quot;&gt;科创未来&lt;/span&gt;&lt;/span&gt;&lt;span style=&quot;font-family: 微软雅黑;color: rgb(85, 85, 85);letter-spacing: 0;font-size: 12px;background: rgb(255, 255, 255)&quot;&gt;&lt;span style=&quot;font-family:微软雅黑&quot;&gt;披露个人资料时，&lt;/span&gt;&lt;/span&gt;&lt;span style=&quot;font-family: 微软雅黑;color: rgb(85, 85, 85);letter-spacing: 0;font-size: 12px;background: rgb(255, 255, 255)&quot;&gt;&lt;span style=&quot;font-family:微软雅黑&quot;&gt;科创未来&lt;/span&gt;&lt;/span&gt;&lt;span style=&quot;font-family: 微软雅黑;color: rgb(85, 85, 85);letter-spacing: 0;font-size: 12px;background: rgb(255, 255, 255)&quot;&gt;&lt;span style=&quot;font-family:微软雅黑&quot;&gt;将根据执法单位的要求或为公共安全目的提供个人资料。在此情况下披露的任何内容，&lt;/span&gt;&lt;/span&gt;&lt;span style=&quot;font-family: 微软雅黑;color: rgb(85, 85, 85);letter-spacing: 0;font-size: 12px;background: rgb(255, 255, 255)&quot;&gt;&lt;span style=&quot;font-family:微软雅黑&quot;&gt;科创未来&lt;/span&gt;&lt;/span&gt;&lt;span style=&quot;font-family: 微软雅黑;color: rgb(85, 85, 85);letter-spacing: 0;font-size: 12px;background: rgb(255, 255, 255)&quot;&gt;&lt;span style=&quot;font-family:微软雅黑&quot;&gt;不承担任何责任。&lt;/span&gt;&lt;/span&gt;&lt;span style=&quot;font-family: 微软雅黑;color: rgb(85, 85, 85);letter-spacing: 0;font-size: 12px;background: rgb(255, 255, 255)&quot;&gt;&lt;span style=&quot;font-family:微软雅黑&quot;&gt;科创未来&lt;/span&gt;&lt;/span&gt;&lt;span style=&quot;font-family: 微软雅黑;color: rgb(85, 85, 85);letter-spacing: 0;font-size: 12px;background: rgb(255, 255, 255)&quot;&gt;&lt;span style=&quot;font-family:微软雅黑&quot;&gt;在符合下列条件时，对个人资料进行必要范围以外利用：已取得您的书面同意；为免除您在生命、身体或财产方面之&lt;/span&gt; &lt;span style=&quot;font-family:微软雅黑&quot;&gt;急迫危险；为防止他人权益之重大危害；为增进公共利益，且无害于您的重大利益。&lt;/span&gt; 5. 用户信息 （1）用户应自 行诚信向本站提供注册资料，用户同意其提供的注册资料真实、准确、完整、合法有效，用户注册资料如有变动的，应及时更新其注册资料。如果用户提供的注册资料不合法、不真实、不准确、不详尽的，用户需承 担因此引起的相应责任及后果，并且&lt;/span&gt;&lt;span style=&quot;font-family: 微软雅黑;color: rgb(85, 85, 85);letter-spacing: 0;font-size: 12px;background: rgb(255, 255, 255)&quot;&gt;&lt;span style=&quot;font-family:微软雅黑&quot;&gt;科创未来&lt;/span&gt;&lt;/span&gt;&lt;span style=&quot;font-family: 微软雅黑;color: rgb(85, 85, 85);letter-spacing: 0;font-size: 12px;background: rgb(255, 255, 255)&quot;&gt;&lt;span style=&quot;font-family:微软雅黑&quot;&gt;保留终止用户使用&lt;/span&gt;&lt;/span&gt;&lt;span style=&quot;font-family: 微软雅黑;color: rgb(85, 85, 85);letter-spacing: 0;font-size: 12px;background: rgb(255, 255, 255)&quot;&gt;&lt;span style=&quot;font-family:微软雅黑&quot;&gt;科创未来&lt;/span&gt;&lt;/span&gt;&lt;span style=&quot;font-family: 微软雅黑;color: rgb(85, 85, 85);letter-spacing: 0;font-size: 12px;background: rgb(255, 255, 255)&quot;&gt;&lt;span style=&quot;font-family:微软雅黑&quot;&gt;各项服务的权利。&lt;/span&gt; &lt;span style=&quot;font-family:微软雅黑&quot;&gt;（&lt;/span&gt;2）a.用户通过电话，即时通讯等方式提出更改用户个人信息需求时，&lt;/span&gt;&lt;span style=&quot;font-family: 微软雅黑;color: rgb(85, 85, 85);letter-spacing: 0;font-size: 12px;background: rgb(255, 255, 255)&quot;&gt;&lt;span style=&quot;font-family:微软雅黑&quot;&gt;科创未来&lt;/span&gt;&lt;/span&gt;&lt;span style=&quot;font-family: 微软雅黑;color: rgb(85, 85, 85);letter-spacing: 0;font-size: 12px;background: rgb(255, 255, 255)&quot;&gt;&lt;span style=&quot;font-family:微软雅黑&quot;&gt;网站会直接在数据库中进行资料更新，对此&lt;/span&gt; &lt;span style=&quot;font-family:微软雅黑&quot;&gt;更改引发的其他问题由您个人承担。&lt;/span&gt; b. 对于您填写的信息， &lt;/span&gt;&lt;span style=&quot;font-family: 微软雅黑;color: rgb(85, 85, 85);letter-spacing: 0;font-size: 12px;background: rgb(255, 255, 255)&quot;&gt;&lt;span style=&quot;font-family:微软雅黑&quot;&gt;科创未来&lt;/span&gt;&lt;/span&gt;&lt;span style=&quot;font-family: 微软雅黑;color: rgb(85, 85, 85);letter-spacing: 0;font-size: 12px;background: rgb(255, 255, 255)&quot;&gt;&lt;span style=&quot;font-family:微软雅黑&quot;&gt;有权向您要求提供身份证明等资料，如您拒绝，&lt;/span&gt;&lt;/span&gt;&lt;span style=&quot;font-family: 微软雅黑;color: rgb(85, 85, 85);letter-spacing: 0;font-size: 12px;background: rgb(255, 255, 255)&quot;&gt;&lt;span style=&quot;font-family:微软雅黑&quot;&gt;科创未来&lt;/span&gt;&lt;/span&gt;&lt;span style=&quot;font-family: 微软雅黑;color: rgb(85, 85, 85);letter-spacing: 0;font-size: 12px;background: rgb(255, 255, 255)&quot;&gt;&lt;span style=&quot;font-family:微软雅黑&quot;&gt;有权对您的个人资料进行编辑、修改、删除；&lt;/span&gt; c.一旦发现您填写的信息资料有错误、 失实、过时、不完整，&lt;/span&gt;&lt;span style=&quot;font-family: 微软雅黑;color: rgb(85, 85, 85);letter-spacing: 0;font-size: 12px;background: rgb(255, 255, 255)&quot;&gt;&lt;span style=&quot;font-family:微软雅黑&quot;&gt;科创未来&lt;/span&gt;&lt;/span&gt;&lt;span style=&quot;font-family: 微软雅黑;color: rgb(85, 85, 85);letter-spacing: 0;font-size: 12px;background: rgb(255, 255, 255)&quot;&gt;&lt;span style=&quot;font-family:微软雅黑&quot;&gt;有权要求您进行整改，并有权直接删除错误、失实、过时资料。由此产生的损失，由您自行承担。&lt;/span&gt; &lt;span style=&quot;font-family:微软雅黑&quot;&gt;（&lt;/span&gt;2）用户在本 站进行浏览、下单购物等活动时，涉及用户真实姓名/名称、通信地址、联系电话、电子邮箱等隐私信息的，本站将予以严格保密，除非得到用户的授权或法律、法规另有规定，本站不会向外界披露用户隐私信息。 （3）用户同意&lt;/span&gt;&lt;span style=&quot;font-family: 微软雅黑;color: rgb(85, 85, 85);letter-spacing: 0;font-size: 12px;background: rgb(255, 255, 255)&quot;&gt;&lt;span style=&quot;font-family:微软雅黑&quot;&gt;科创未来&lt;/span&gt;&lt;/span&gt;&lt;span style=&quot;font-family: 微软雅黑;color: rgb(85, 85, 85);letter-spacing: 0;font-size: 12px;background: rgb(255, 255, 255)&quot;&gt;&lt;span style=&quot;font-family:微软雅黑&quot;&gt;有权通过邮件、短信、彩信、电话等形式向用户发送订单信息、促销活动公告等，如果用户不想接收来&lt;/span&gt; &lt;span style=&quot;font-family:微软雅黑&quot;&gt;自&lt;/span&gt;&lt;/span&gt;&lt;span style=&quot;font-family: 微软雅黑;color: rgb(85, 85, 85);letter-spacing: 0;font-size: 12px;background: rgb(255, 255, 255)&quot;&gt;&lt;span style=&quot;font-family:微软雅黑&quot;&gt;科创未来&lt;/span&gt;&lt;/span&gt;&lt;span style=&quot;font-family: 微软雅黑;color: rgb(85, 85, 85);letter-spacing: 0;font-size: 12px;background: rgb(255, 255, 255)&quot;&gt;&lt;span style=&quot;font-family:微软雅黑&quot;&gt;的邮件、短信和电话，用户可及时通知&lt;/span&gt;&lt;/span&gt;&lt;span style=&quot;font-family: 微软雅黑;color: rgb(85, 85, 85);letter-spacing: 0;font-size: 12px;background: rgb(255, 255, 255)&quot;&gt;&lt;span style=&quot;font-family:微软雅黑&quot;&gt;科创未来&lt;/span&gt;&lt;/span&gt;&lt;span style=&quot;font-family: 微软雅黑;color: rgb(85, 85, 85);letter-spacing: 0;font-size: 12px;background: rgb(255, 255, 255)&quot;&gt;&lt;span style=&quot;font-family:微软雅黑&quot;&gt;，&lt;/span&gt;&lt;/span&gt;&lt;span style=&quot;font-family: 微软雅黑;color: rgb(85, 85, 85);letter-spacing: 0;font-size: 12px;background: rgb(255, 255, 255)&quot;&gt;&lt;span style=&quot;font-family:微软雅黑&quot;&gt;科创未来&lt;/span&gt;&lt;/span&gt;&lt;span style=&quot;font-family: 微软雅黑;color: rgb(85, 85, 85);letter-spacing: 0;font-size: 12px;background: rgb(255, 255, 255)&quot;&gt;&lt;span style=&quot;font-family:微软雅黑&quot;&gt;会为用户办理退阅。&lt;/span&gt; &lt;span style=&quot;font-family:微软雅黑&quot;&gt;（&lt;/span&gt;4）用户不得 将在本站注册获得的账户借给他人使用，否则用户应承担由此产生的全部责任，并与实际使用人承担连带责任。 （5）用户同意 ，&lt;/span&gt;&lt;span style=&quot;font-family: 微软雅黑;color: rgb(85, 85, 85);letter-spacing: 0;font-size: 12px;background: rgb(255, 255, 255)&quot;&gt;&lt;span style=&quot;font-family:微软雅黑&quot;&gt;科创未来&lt;/span&gt;&lt;/span&gt;&lt;span style=&quot;font-family: 微软雅黑;color: rgb(85, 85, 85);letter-spacing: 0;font-size: 12px;background: rgb(255, 255, 255)&quot;&gt;&lt;span style=&quot;font-family:微软雅黑&quot;&gt;有权使用用户的注册信息、用户名、密码等信息，登录进入用户的注册账户，进行证据保全，包括但不限于公证、见证等。&lt;/span&gt; 6. 用户注册成功后，将产生用户名和密码等账户信息， 您妥善保管账户及密码信息。不得将&lt;/span&gt;&lt;span style=&quot;font-family: 微软雅黑;color: rgb(85, 85, 85);letter-spacing: 0;font-size: 12px;background: rgb(255, 255, 255)&quot;&gt;&lt;span style=&quot;font-family:微软雅黑&quot;&gt;科创未来&lt;/span&gt;&lt;/span&gt;&lt;span style=&quot;font-family: 微软雅黑;color: rgb(85, 85, 85);letter-spacing: 0;font-size: 12px;background: rgb(255, 255, 255)&quot;&gt;&lt;span style=&quot;font-family:微软雅黑&quot;&gt;网站注册获得的账户借给他人使用，否则承担由此产生的全部责任，并与实际使用人承担连带责任。用户若发现任何非法使用&lt;/span&gt; &lt;span style=&quot;font-family:微软雅黑&quot;&gt;用户账号或存在安全漏洞的情况，请立即通知&lt;/span&gt;&lt;/span&gt;&lt;span style=&quot;font-family: 微软雅黑;color: rgb(85, 85, 85);letter-spacing: 0;font-size: 12px;background: rgb(255, 255, 255)&quot;&gt;&lt;span style=&quot;font-family:微软雅黑&quot;&gt;科创未来&lt;/span&gt;&lt;/span&gt;&lt;span style=&quot;font-family: 微软雅黑;color: rgb(85, 85, 85);letter-spacing: 0;font-size: 12px;background: rgb(255, 255, 255)&quot;&gt;&lt;span style=&quot;font-family:微软雅黑&quot;&gt;网站并向公安机关报案。&lt;/span&gt; &lt;span style=&quot;font-family:微软雅黑&quot;&gt;三、用户信息的共享、披露与转让&lt;/span&gt; &lt;span style=&quot;font-family:微软雅黑&quot;&gt;用户的信息是我们业务的重要组成部分，我们不会出售&lt;/span&gt; &lt;span style=&quot;font-family:微软雅黑&quot;&gt;或以其他方式共享您的个人信息，但如下情况除外。&lt;/span&gt; 1.合作伙伴： 我们可能会与我们的关 联公司、合作伙伴（包括但不限于，您通过我们提供的联合登陆方式登陆的其它网站，以下统称“合作伙伴”）共享用户信息。您可以辨别您的使用或交易行为何时会涉及我们的合作伙伴，我们会 与该合作伙伴分享与这些使用或交易行为有关的用户信息。 2.第三方服务提供者： 我们有可能聘请外部公 司或个人代表我们提供某些产品或服务，包括但不限于，提供运营、维护、IT平台和/或技术服务、数据安全或备份服务、处理订单、递送货物、发送信函或电子邮件、清除用户名单中的重复信息、分析数据 、提供市场营销帮助、提供搜索结果和链接（包括付费搜索名单和链接）、处理收/付款事项以及提供用户服务。在该等情况下，我们可能会共享用户信息。 3.征得您的同意： 除以上规定及本协议已列明的情况外，当您的信息有可 能披露给第三方时，您将会得到通知，并且您将有机会选择不与第三方共享此信息。 在下列情况下，我们可能还会披露您的相关信息： （1）根据法律、法规或法律程序（如，法院法令或传召出庭令）的规定； （2）根据政府部门（如，行政机构、执法机构）的要求； （3）为了保护本网站、我们的用户或其他人的权利及其财产或安全，或当我们认为对防止实际损害或财务损失，或调查可疑或实际非法活动来说，披露乃属必要或适当时。这也包括为防止欺诈等违法活动和 减少信用风险而与其他公司和组织交换信息。 我们希 望您能够理解，我们可能会向第三方出售或转让本网站，和/或允许承继方承继本网站的服务。在该等情况中，作为本网站不可分割一部分，您的个人信息也将被提供给该等第三方和/或承继方，以使其可以继 续为您提供网站服务。接受本条款声明意味着您已同意该等信息提供。 四、交易： 用户在&lt;/span&gt;&lt;span style=&quot;font-family: 微软雅黑;color: rgb(85, 85, 85);letter-spacing: 0;font-size: 12px;background: rgb(255, 255, 255)&quot;&gt;&lt;span style=&quot;font-family:微软雅黑&quot;&gt;科创未来&lt;/span&gt;&lt;/span&gt;&lt;span style=&quot;font-family: 微软雅黑;color: rgb(85, 85, 85);letter-spacing: 0;font-size: 12px;background: rgb(255, 255, 255)&quot;&gt;&lt;span style=&quot;font-family:微软雅黑&quot;&gt;进行物品购买时必须遵守以下条款：&lt;/span&gt; 1. 您应就您使用&lt;/span&gt;&lt;span style=&quot;font-family: 微软雅黑;color: rgb(85, 85, 85);letter-spacing: 0;font-size: 12px;background: rgb(255, 255, 255)&quot;&gt;&lt;span style=&quot;font-family:微软雅黑&quot;&gt;科创未来&lt;/span&gt;&lt;/span&gt;&lt;span style=&quot;font-family: 微软雅黑;color: rgb(85, 85, 85);letter-spacing: 0;font-size: 12px;background: rgb(255, 255, 255)&quot;&gt;&lt;span style=&quot;font-family:微软雅黑&quot;&gt;的服务及对物品购买遵守所有适用的中国法律、法规、条例和地方性法律要求。您还必须确保您遵守本用户协议和隐私声明及纳入上述文件的所有其它条款和规则的所有规定。&lt;/span&gt; 2. 如您在&lt;/span&gt;&lt;span style=&quot;font-family: 微软雅黑;color: rgb(85, 85, 85);letter-spacing: 0;font-size: 12px;background: rgb(255, 255, 255)&quot;&gt;&lt;span style=&quot;font-family:微软雅黑&quot;&gt;科创未来&lt;/span&gt;&lt;/span&gt;&lt;span style=&quot;font-family: 微软雅黑;color: rgb(85, 85, 85);letter-spacing: 0;font-size: 12px;background: rgb(255, 255, 255)&quot;&gt;&lt;span style=&quot;font-family:微软雅黑&quot;&gt;购买物品，您有义务完成与&lt;/span&gt;&lt;/span&gt;&lt;span style=&quot;font-family: 微软雅黑;color: rgb(85, 85, 85);letter-spacing: 0;font-size: 12px;background: rgb(255, 255, 255)&quot;&gt;&lt;span style=&quot;font-family:微软雅黑&quot;&gt;科创未来&lt;/span&gt;&lt;/span&gt;&lt;span style=&quot;font-family: 微软雅黑;color: rgb(85, 85, 85);letter-spacing: 0;font-size: 12px;background: rgb(255, 255, 255)&quot;&gt;&lt;span style=&quot;font-family:微软雅黑&quot;&gt;的交易，但法律或本用户协议禁止的交易除外。通过对一项物品的下订单，您同意受该物品描述所含的出售条件的约束，只要&lt;/span&gt; &lt;span style=&quot;font-family:微软雅黑&quot;&gt;该等出售条件不违反本协议或不是非法的。&lt;/span&gt; 3. &lt;/span&gt;&lt;span style=&quot;font-family: 微软雅黑;color: rgb(85, 85, 85);letter-spacing: 0;font-size: 12px;background: rgb(255, 255, 255)&quot;&gt;&lt;span style=&quot;font-family:微软雅黑&quot;&gt;科创未来&lt;/span&gt;&lt;/span&gt;&lt;span style=&quot;font-family: 微软雅黑;color: rgb(85, 85, 85);letter-spacing: 0;font-size: 12px;background: rgb(255, 255, 255)&quot;&gt;&lt;span style=&quot;font-family:微软雅黑&quot;&gt;网站上的广告，价目表和声明并不构成要约。用户通过&lt;/span&gt;&lt;/span&gt;&lt;span style=&quot;font-family: 微软雅黑;color: rgb(85, 85, 85);letter-spacing: 0;font-size: 12px;background: rgb(255, 255, 255)&quot;&gt;&lt;span style=&quot;font-family:微软雅黑&quot;&gt;科创未来&lt;/span&gt;&lt;/span&gt;&lt;span style=&quot;font-family: 微软雅黑;color: rgb(85, 85, 85);letter-spacing: 0;font-size: 12px;background: rgb(255, 255, 255)&quot;&gt;&lt;span style=&quot;font-family:微软雅黑&quot;&gt;网站订购商品，&lt;/span&gt; &lt;span style=&quot;font-family:微软雅黑&quot;&gt;提交订单即为购买商品的要约，只有当商家向用户发出短信通知确认商品已发出，或商家已将商品发送至用户指定地址时，才构成商家对该订单的承诺，此时订购合同即告成立。&lt;/span&gt;&lt;/span&gt;&lt;span style=&quot;font-family: 微软雅黑;color: rgb(85, 85, 85);letter-spacing: 0;font-size: 12px;background: rgb(255, 255, 255)&quot;&gt;&lt;span style=&quot;font-family:微软雅黑&quot;&gt;科创未来&lt;/span&gt;&lt;/span&gt;&lt;span style=&quot;font-family: 微软雅黑;color: rgb(85, 85, 85);letter-spacing: 0;font-size: 12px;background: rgb(255, 255, 255)&quot;&gt;&lt;span style=&quot;font-family:微软雅黑&quot;&gt;有权在发现了&lt;/span&gt;&lt;/span&gt;&lt;span style=&quot;font-family: 微软雅黑;color: rgb(85, 85, 85);letter-spacing: 0;font-size: 12px;background: rgb(255, 255, 255)&quot;&gt;&lt;span style=&quot;font-family:微软雅黑&quot;&gt;科创未来&lt;/span&gt;&lt;/span&gt;&lt;span style=&quot;font-family: 微软雅黑;color: rgb(85, 85, 85);letter-spacing: 0;font-size: 12px;background: rgb(255, 255, 255)&quot;&gt;&lt;span style=&quot;font-family:微软雅黑&quot;&gt;网站上显现的产品信息（如商品名称、价格、商品描述&lt;/span&gt; &lt;span style=&quot;font-family:微软雅黑&quot;&gt;等）及订单的明显错误或缺货的情况下，单方面撤回该信息或撤销合同。&lt;/span&gt;&lt;/span&gt;&lt;span style=&quot;font-family: 微软雅黑;color: rgb(85, 85, 85);letter-spacing: 0;font-size: 12px;background: rgb(255, 255, 255)&quot;&gt;&lt;span style=&quot;font-family:微软雅黑&quot;&gt;科创未来&lt;/span&gt;&lt;/span&gt;&lt;span style=&quot;font-family: 微软雅黑;color: rgb(85, 85, 85);letter-spacing: 0;font-size: 12px;background: rgb(255, 255, 255)&quot;&gt;&lt;span style=&quot;font-family:微软雅黑&quot;&gt;保留对产品订购的数量的限制权。在下订单的同时，您&lt;/span&gt; &lt;span style=&quot;font-family:微软雅黑&quot;&gt;也同时承认了您已经达到购买这些产品的法定年龄，并将对您在订单中提供的所有信息的真实性负责。&lt;/span&gt; 4．产品价格和可获性都在网站上指明。&lt;/span&gt;&lt;span style=&quot;font-family: 微软雅黑;color: rgb(85, 85, 85);letter-spacing: 0;font-size: 12px;background: rgb(255, 255, 255)&quot;&gt;&lt;span style=&quot;font-family:微软雅黑&quot;&gt;科创未来&lt;/span&gt;&lt;/span&gt;&lt;span style=&quot;font-family: 微软雅黑;color: rgb(85, 85, 85);letter-spacing: 0;font-size: 12px;background: rgb(255, 255, 255)&quot;&gt;&lt;span style=&quot;font-family:微软雅黑&quot;&gt;网站上的商品价格、数量、是否有货等信息随时都有可能发生更改，不做任何特别通知。虽然&lt;/span&gt;&lt;/span&gt;&lt;span style=&quot;font-family: 微软雅黑;color: rgb(85, 85, 85);letter-spacing: 0;font-size: 12px;background: rgb(255, 255, 255)&quot;&gt;&lt;span style=&quot;font-family:微软雅黑&quot;&gt;科创未来&lt;/span&gt;&lt;/span&gt;&lt;span style=&quot;font-family: 微软雅黑;color: rgb(85, 85, 85);letter-spacing: 0;font-size: 12px;background: rgb(255, 255, 255)&quot;&gt;&lt;span style=&quot;font-family:微软雅黑&quot;&gt;网站会尽最大努力保证用户所浏览商品信息&lt;/span&gt; &lt;span style=&quot;font-family:微软雅黑&quot;&gt;的准确性，但由于众所周知的互联网技术因素等客观原因存在，网页显示的信息可能会有一定的滞后性或差错，对此情形您知悉并理解。每一项显示的价格都包含了增值税（按照中国的标准税率）。送货费将另外结&lt;/span&gt; &lt;span style=&quot;font-family:微软雅黑&quot;&gt;算，费用根据您选择的送货方式的不同而异。如果发生了意外情况，在确认了您的订单后，由于缺货、供应商提价，税额变化引起的价格变化，或是由于网站的错误等造成价格变化，&lt;/span&gt;&lt;/span&gt;&lt;span style=&quot;font-family: 微软雅黑;color: rgb(85, 85, 85);letter-spacing: 0;font-size: 12px;background: rgb(255, 255, 255)&quot;&gt;&lt;span style=&quot;font-family:微软雅黑&quot;&gt;科创未来&lt;/span&gt;&lt;/span&gt;&lt;span style=&quot;font-family: 微软雅黑;color: rgb(85, 85, 85);letter-spacing: 0;font-size: 12px;background: rgb(255, 255, 255)&quot;&gt;&lt;span style=&quot;font-family:微软雅黑&quot;&gt;会通过&lt;/span&gt;email或电话通知您并有权取消订单。 5、商家负责将订购商品配送到用户指定的收货地址。所 有在&lt;/span&gt;&lt;span style=&quot;font-family: 微软雅黑;color: rgb(85, 85, 85);letter-spacing: 0;font-size: 12px;background: rgb(255, 255, 255)&quot;&gt;&lt;span style=&quot;font-family:微软雅黑&quot;&gt;科创未来&lt;/span&gt;&lt;/span&gt;&lt;span style=&quot;font-family: 微软雅黑;color: rgb(85, 85, 85);letter-spacing: 0;font-size: 12px;background: rgb(255, 255, 255)&quot;&gt;&lt;span style=&quot;font-family:微软雅黑&quot;&gt;网站上列出的配送时间皆为参考时间，仅供用户参照使用。该参考时间是根据商品库存状况、订单处理流程和配送地点等情况综合计算得出的。&lt;/span&gt; 6、&lt;/span&gt;&lt;span style=&quot;font-family: 微软雅黑;color: rgb(85, 85, 85);letter-spacing: 0;font-size: 12px;background: rgb(255, 255, 255)&quot;&gt;&lt;span style=&quot;font-family:微软雅黑&quot;&gt;科创未来&lt;/span&gt;&lt;/span&gt;&lt;span style=&quot;font-family: 微软雅黑;color: rgb(85, 85, 85);letter-spacing: 0;font-size: 12px;background: rgb(255, 255, 255)&quot;&gt;&lt;span style=&quot;font-family:微软雅黑&quot;&gt;网站有权制定、发布商品退换货规则，以规范网站和用户之间的商品交易行为，并对该等规则享有修改权、解释权。用户在&lt;/span&gt;&lt;/span&gt;&lt;span style=&quot;font-family: 微软雅黑;color: rgb(85, 85, 85);letter-spacing: 0;font-size: 12px;background: rgb(255, 255, 255)&quot;&gt;&lt;span style=&quot;font-family:微软雅黑&quot;&gt;科创未来&lt;/span&gt;&lt;/span&gt;&lt;span style=&quot;font-family: 微软雅黑;color: rgb(85, 85, 85);letter-spacing: 0;font-size: 12px;background: rgb(255, 255, 255)&quot;&gt;&lt;span style=&quot;font-family:微软雅黑&quot;&gt;网站提交订单即表明其接受&lt;/span&gt; &lt;/span&gt;&lt;span style=&quot;font-family: 微软雅黑;color: rgb(85, 85, 85);letter-spacing: 0;font-size: 12px;background: rgb(255, 255, 255)&quot;&gt;&lt;span style=&quot;font-family:微软雅黑&quot;&gt;科创未来&lt;/span&gt;&lt;/span&gt;&lt;span style=&quot;font-family: 微软雅黑;color: rgb(85, 85, 85);letter-spacing: 0;font-size: 12px;background: rgb(255, 255, 255)&quot;&gt;&lt;span style=&quot;font-family:微软雅黑&quot;&gt;网站的退换货规则。&lt;/span&gt; 7、（1）用户有权在下列情况下，取消 订单： a.经用户和商家协商达成一致的； b.商家对用户订单做出处理之前； c.&lt;/span&gt;&lt;span style=&quot;font-family: 微软雅黑;color: rgb(85, 85, 85);letter-spacing: 0;font-size: 12px;background: rgb(255, 255, 255)&quot;&gt;&lt;span style=&quot;font-family:微软雅黑&quot;&gt;科创未来&lt;/span&gt;&lt;/span&gt;&lt;span style=&quot;font-family: 微软雅黑;color: rgb(85, 85, 85);letter-spacing: 0;font-size: 12px;background: rgb(255, 255, 255)&quot;&gt;&lt;span style=&quot;font-family:微软雅黑&quot;&gt;网站上公布的商品价格发生变化或错误，用户在商家发货之前通知商家的。&lt;/span&gt; &lt;span style=&quot;font-family:微软雅黑&quot;&gt;（&lt;/span&gt;2）商家在下列情况下，可以取消用户订单： a.经商家和用户协商达成一致的； b.&lt;/span&gt;&lt;span style=&quot;font-family: 微软雅黑;color: rgb(85, 85, 85);letter-spacing: 0;font-size: 12px;background: rgb(255, 255, 255)&quot;&gt;&lt;span style=&quot;font-family:微软雅黑&quot;&gt;科创未来&lt;/span&gt;&lt;/span&gt;&lt;span style=&quot;font-family: 微软雅黑;color: rgb(85, 85, 85);letter-spacing: 0;font-size: 12px;background: rgb(255, 255, 255)&quot;&gt;&lt;span style=&quot;font-family:微软雅黑&quot;&gt;网站上显示的商品信息明显错误或缺货的；&lt;/span&gt; c.用户订单信息明显错误或用户订购数 量超出商家备货量的。 d.因不可抗力、福来士网站系统发生故障或遭受第三方攻击，及其他&lt;/span&gt;&lt;span style=&quot;font-family: 微软雅黑;color: rgb(85, 85, 85);letter-spacing: 0;font-size: 12px;background: rgb(255, 255, 255)&quot;&gt;&lt;span style=&quot;font-family:微软雅黑&quot;&gt;科创未来&lt;/span&gt;&lt;/span&gt;&lt;span style=&quot;font-family: 微软雅黑;color: rgb(85, 85, 85);letter-spacing: 0;font-size: 12px;background: rgb(255, 255, 255)&quot;&gt;&lt;span style=&quot;font-family:微软雅黑&quot;&gt;网站无法控制&lt;/span&gt; &lt;span style=&quot;font-family:微软雅黑&quot;&gt;的情形，根据&lt;/span&gt;&lt;/span&gt;&lt;span style=&quot;font-family: 微软雅黑;color: rgb(85, 85, 85);letter-spacing: 0;font-size: 12px;background: rgb(255, 255, 255)&quot;&gt;&lt;span style=&quot;font-family:微软雅黑&quot;&gt;科创未来&lt;/span&gt;&lt;/span&gt;&lt;span style=&quot;font-family: 微软雅黑;color: rgb(85, 85, 85);letter-spacing: 0;font-size: 12px;background: rgb(255, 255, 255)&quot;&gt;&lt;span style=&quot;font-family:微软雅黑&quot;&gt;网站判断需要取消用户订单的；&lt;/span&gt; e.经&lt;/span&gt;&lt;span style=&quot;font-family: 微软雅黑;color: rgb(85, 85, 85);letter-spacing: 0;font-size: 12px;background: rgb(255, 255, 255)&quot;&gt;&lt;span style=&quot;font-family:微软雅黑&quot;&gt;科创未来&lt;/span&gt;&lt;/span&gt;&lt;span style=&quot;font-family: 微软雅黑;color: rgb(85, 85, 85);letter-spacing: 0;font-size: 12px;background: rgb(255, 255, 255)&quot;&gt;&lt;span style=&quot;font-family:微软雅黑&quot;&gt;网站判断，用户订购行为不符合公平原则或诚实信用原则的情形（如同一用户多次无理由拒收订购商品等）；&lt;/span&gt; f.按&lt;/span&gt;&lt;span style=&quot;font-family: 微软雅黑;color: rgb(85, 85, 85);letter-spacing: 0;font-size: 12px;background: rgb(255, 255, 255)&quot;&gt;&lt;span style=&quot;font-family:微软雅黑&quot;&gt;科创未来&lt;/span&gt;&lt;/span&gt;&lt;span style=&quot;font-family: 微软雅黑;color: rgb(85, 85, 85);letter-spacing: 0;font-size: 12px;background: rgb(255, 255, 255)&quot;&gt;&lt;span style=&quot;font-family:微软雅黑&quot;&gt;网站已经发布的或将来可能发布或更新的各类规则，可取消用户订单的其他情形。&lt;/span&gt; &lt;span style=&quot;font-family:微软雅黑&quot;&gt;五、网站安全：&lt;/span&gt; &lt;span style=&quot;font-family:微软雅黑&quot;&gt;您在&lt;/span&gt;&lt;/span&gt;&lt;span style=&quot;font-family: 微软雅黑;color: rgb(85, 85, 85);letter-spacing: 0;font-size: 12px;background: rgb(255, 255, 255)&quot;&gt;&lt;span style=&quot;font-family:微软雅黑&quot;&gt;科创未来&lt;/span&gt;&lt;/span&gt;&lt;span style=&quot;font-family: 微软雅黑;color: rgb(85, 85, 85);letter-spacing: 0;font-size: 12px;background: rgb(255, 255, 255)&quot;&gt;&lt;span style=&quot;font-family:微软雅黑&quot;&gt;网站上的任何违反协议的行为若给&lt;/span&gt;&lt;/span&gt;&lt;span style=&quot;font-family: 微软雅黑;color: rgb(85, 85, 85);letter-spacing: 0;font-size: 12px;background: rgb(255, 255, 255)&quot;&gt;&lt;span style=&quot;font-family:微软雅黑&quot;&gt;科创未来&lt;/span&gt;&lt;/span&gt;&lt;span style=&quot;font-family: 微软雅黑;color: rgb(85, 85, 85);letter-spacing: 0;font-size: 12px;background: rgb(255, 255, 255)&quot;&gt;&lt;span style=&quot;font-family:微软雅黑&quot;&gt;网站或第三方带来任何损害，其后果&lt;/span&gt; &lt;span style=&quot;font-family:微软雅黑&quot;&gt;将由您个人承担，概与&lt;/span&gt;&lt;/span&gt;&lt;span style=&quot;font-family: 微软雅黑;color: rgb(85, 85, 85);letter-spacing: 0;font-size: 12px;background: rgb(255, 255, 255)&quot;&gt;&lt;span style=&quot;font-family:微软雅黑&quot;&gt;科创未来&lt;/span&gt;&lt;/span&gt;&lt;span style=&quot;font-family: 微软雅黑;color: rgb(85, 85, 85);letter-spacing: 0;font-size: 12px;background: rgb(255, 255, 255)&quot;&gt;&lt;span style=&quot;font-family:微软雅黑&quot;&gt;无关。&lt;/span&gt; &lt;span style=&quot;font-family:微软雅黑&quot;&gt;您同意，未经&lt;/span&gt;&lt;/span&gt;&lt;span style=&quot;font-family: 微软雅黑;color: rgb(85, 85, 85);letter-spacing: 0;font-size: 12px;background: rgb(255, 255, 255)&quot;&gt;&lt;span style=&quot;font-family:微软雅黑&quot;&gt;科创未来&lt;/span&gt;&lt;/span&gt;&lt;span style=&quot;font-family: 微软雅黑;color: rgb(85, 85, 85);letter-spacing: 0;font-size: 12px;background: rgb(255, 255, 255)&quot;&gt;&lt;span style=&quot;font-family:微软雅黑&quot;&gt;明示书面准许，您不会为了任何目的使用任何机器人、蜘蛛软件、刷屏软件等第三方软件或其他自动方式进入网站。此外，您同意您将不会：&lt;/span&gt; 1. 进行任何对&lt;/span&gt;&lt;span style=&quot;font-family: 微软雅黑;color: rgb(85, 85, 85);letter-spacing: 0;font-size: 12px;background: rgb(255, 255, 255)&quot;&gt;&lt;span style=&quot;font-family:微软雅黑&quot;&gt;科创未来&lt;/span&gt;&lt;/span&gt;&lt;span style=&quot;font-family: 微软雅黑;color: rgb(85, 85, 85);letter-spacing: 0;font-size: 12px;background: rgb(255, 255, 255)&quot;&gt;&lt;span style=&quot;font-family:微软雅黑&quot;&gt;网站造成或可能造成（按&lt;/span&gt;&lt;/span&gt;&lt;span style=&quot;font-family: 微软雅黑;color: rgb(85, 85, 85);letter-spacing: 0;font-size: 12px;background: rgb(255, 255, 255)&quot;&gt;&lt;span style=&quot;font-family:微软雅黑&quot;&gt;科创未来&lt;/span&gt;&lt;/span&gt;&lt;span style=&quot;font-family: 微软雅黑;color: rgb(85, 85, 85);letter-spacing: 0;font-size: 12px;background: rgb(255, 255, 255)&quot;&gt;&lt;span style=&quot;font-family:微软雅黑&quot;&gt;自行酌情确定）不合理或不合比例的重大负荷的行为；&lt;/span&gt; 2. 未经&lt;/span&gt;&lt;span style=&quot;font-family: 微软雅黑;color: rgb(85, 85, 85);letter-spacing: 0;font-size: 12px;background: rgb(255, 255, 255)&quot;&gt;&lt;span style=&quot;font-family:微软雅黑&quot;&gt;科创未来&lt;/span&gt;&lt;/span&gt;&lt;span style=&quot;font-family: 微软雅黑;color: rgb(85, 85, 85);letter-spacing: 0;font-size: 12px;background: rgb(255, 255, 255)&quot;&gt;&lt;span style=&quot;font-family:微软雅黑&quot;&gt;事先明示书面准许，对网站的任何内容（除您的个人信息以外）制作拷贝、进行复制、修改、制作衍生作品、分发或公开展示；&lt;/span&gt; 3. 干扰或试图干扰网站的正常工作或网站上进行的任何 活动； 4. 在网站中使用违反适用的法律法规下可能视为被禁止 或可能被禁止的任何内容； 5. 对网站使用包含可能破坏、改变、删除、不利影响、 秘密截取、未经授权而接触或征用任何系统、数据或个人资料的任何病毒、特洛依木马、蠕虫、定时炸弹、删除蝇、复活节彩蛋、间谍软件或其他电脑程序。 六、知识产权声明： &lt;/span&gt;&lt;span style=&quot;font-family: 微软雅黑;color: rgb(85, 85, 85);letter-spacing: 0;font-size: 12px;background: rgb(255, 255, 255)&quot;&gt;&lt;span style=&quot;font-family:微软雅黑&quot;&gt;科创未来&lt;/span&gt;&lt;/span&gt;&lt;span style=&quot;font-family: 微软雅黑;color: rgb(85, 85, 85);letter-spacing: 0;font-size: 12px;background: rgb(255, 255, 255)&quot;&gt;&lt;span style=&quot;font-family:微软雅黑&quot;&gt;所提供的网络服务的相关著作权、专利权、商标、商业秘密及其它任何所有权或权利，均属&lt;/span&gt;&lt;/span&gt;&lt;span style=&quot;font-family: 微软雅黑;color: rgb(85, 85, 85);letter-spacing: 0;font-size: 12px;background: rgb(255, 255, 255)&quot;&gt;&lt;span style=&quot;font-family:微软雅黑&quot;&gt;科创未来&lt;/span&gt;&lt;/span&gt;&lt;span style=&quot;font-family: 微软雅黑;color: rgb(85, 85, 85);letter-spacing: 0;font-size: 12px;background: rgb(255, 255, 255)&quot;&gt;&lt;span style=&quot;font-family:微软雅黑&quot;&gt;所有。非经&lt;/span&gt;&lt;/span&gt;&lt;span style=&quot;font-family: 微软雅黑;color: rgb(85, 85, 85);letter-spacing: 0;font-size: 12px;background: rgb(255, 255, 255)&quot;&gt;&lt;span style=&quot;font-family:微软雅黑&quot;&gt;科创未来&lt;/span&gt;&lt;/span&gt;&lt;span style=&quot;font-family: 微软雅黑;color: rgb(85, 85, 85);letter-spacing: 0;font-size: 12px;background: rgb(255, 255, 255)&quot;&gt;&lt;span style=&quot;font-family:微软雅黑&quot;&gt;的同意，任何人或用户均不得擅自下载、复制、传输、改编、编辑，否则应负所有法律责任。&lt;/span&gt;&lt;/span&gt;&lt;span style=&quot;font-family: 微软雅黑;color: rgb(85, 85, 85);letter-spacing: 0;font-size: 12px;background: rgb(255, 255, 255)&quot;&gt;&lt;span style=&quot;font-family:微软雅黑&quot;&gt;科创未来&lt;/span&gt;&lt;/span&gt;&lt;span style=&quot;font-family: 微软雅黑;color: rgb(85, 85, 85);letter-spacing: 0;font-size: 12px;background: rgb(255, 255, 255)&quot;&gt;&lt;span style=&quot;font-family:微软雅黑&quot;&gt;拥有向用户提供网络服务过程中所产生并储存于&lt;/span&gt;&lt;/span&gt;&lt;span style=&quot;font-family: 微软雅黑;color: rgb(85, 85, 85);letter-spacing: 0;font-size: 12px;background: rgb(255, 255, 255)&quot;&gt;&lt;span style=&quot;font-family:微软雅黑&quot;&gt;科创未来&lt;/span&gt;&lt;/span&gt;&lt;span style=&quot;font-family: 微软雅黑;color: rgb(85, 85, 85);letter-spacing: 0;font-size: 12px;background: rgb(255, 255, 255)&quot;&gt;&lt;span style=&quot;font-family:微软雅黑&quot;&gt;服务器中的任何数据信息的所有权。&lt;/span&gt; &lt;span style=&quot;font-family:微软雅黑&quot;&gt;七、免责声明：&lt;/span&gt; &lt;/span&gt;&lt;span style=&quot;font-family: 微软雅黑;color: rgb(85, 85, 85);letter-spacing: 0;font-size: 12px;background: rgb(255, 255, 255)&quot;&gt;&lt;span style=&quot;font-family:微软雅黑&quot;&gt;科创未来&lt;/span&gt;&lt;/span&gt;&lt;span style=&quot;font-family: 微软雅黑;color: rgb(85, 85, 85);letter-spacing: 0;font-size: 12px;background: rgb(255, 255, 255)&quot;&gt;&lt;span style=&quot;font-family:微软雅黑&quot;&gt;有义务在技术上确保网站的正常运行，尽力避免服务中断或将中断时间限制在最短时间内，&lt;/span&gt; &lt;span style=&quot;font-family:微软雅黑&quot;&gt;保证用户网上交易活动的顺利进行。但如因不可抗力或其他&lt;/span&gt;&lt;/span&gt;&lt;span style=&quot;font-family: 微软雅黑;color: rgb(85, 85, 85);letter-spacing: 0;font-size: 12px;background: rgb(255, 255, 255)&quot;&gt;&lt;span style=&quot;font-family:微软雅黑&quot;&gt;科创未来&lt;/span&gt;&lt;/span&gt;&lt;span style=&quot;font-family: 微软雅黑;color: rgb(85, 85, 85);letter-spacing: 0;font-size: 12px;background: rgb(255, 255, 255)&quot;&gt;&amp;nbsp;&lt;span style=&quot;font-family:微软雅黑&quot;&gt;无法控制的原因或不可抗力因素使&lt;/span&gt;&lt;/span&gt;&lt;span style=&quot;font-family: 微软雅黑;color: rgb(85, 85, 85);letter-spacing: 0;font-size: 12px;background: rgb(255, 255, 255)&quot;&gt;&lt;span style=&quot;font-family:微软雅黑&quot;&gt;科创未来&lt;/span&gt;&lt;/span&gt;&lt;span style=&quot;font-family: 微软雅黑;color: rgb(85, 85, 85);letter-spacing: 0;font-size: 12px;background: rgb(255, 255, 255)&quot;&gt;&lt;span style=&quot;font-family:微软雅黑&quot;&gt;网站崩溃或无法正常使用导致网上交易无法完成或丢失有关的信息、记录等，&lt;/span&gt;&lt;/span&gt;&lt;span style=&quot;font-family: 微软雅黑;color: rgb(85, 85, 85);letter-spacing: 0;font-size: 12px;background: rgb(255, 255, 255)&quot;&gt;&lt;span style=&quot;font-family:微软雅黑&quot;&gt;科创未来&lt;/span&gt;&lt;/span&gt;&lt;span style=&quot;font-family: 微软雅黑;color: rgb(85, 85, 85);letter-spacing: 0;font-size: 12px;background: rgb(255, 255, 255)&quot;&gt;&lt;span style=&quot;font-family:微软雅黑&quot;&gt;不承担责任；任何用户向&lt;/span&gt;&lt;/span&gt;&lt;span style=&quot;font-family: 微软雅黑;color: rgb(85, 85, 85);letter-spacing: 0;font-size: 12px;background: rgb(255, 255, 255)&quot;&gt;&lt;span style=&quot;font-family:微软雅黑&quot;&gt;科创未来&lt;/span&gt;&lt;/span&gt;&lt;span style=&quot;font-family: 微软雅黑;color: rgb(85, 85, 85);letter-spacing: 0;font-size: 12px;background: rgb(255, 255, 255)&quot;&gt;&amp;nbsp;&lt;span style=&quot;font-family:微软雅黑&quot;&gt;提供错误、不完整、不实信息等造成不能正常使用&lt;/span&gt; &lt;/span&gt;&lt;span style=&quot;font-family: 微软雅黑;color: rgb(85, 85, 85);letter-spacing: 0;font-size: 12px;background: rgb(255, 255, 255)&quot;&gt;&lt;span style=&quot;font-family:微软雅黑&quot;&gt;科创未来&lt;/span&gt;&lt;/span&gt;&lt;span style=&quot;font-family: 微软雅黑;color: rgb(85, 85, 85);letter-spacing: 0;font-size: 12px;background: rgb(255, 255, 255)&quot;&gt;&lt;span style=&quot;font-family:微软雅黑&quot;&gt;服务或遭受任何其他损失，概与&lt;/span&gt;&lt;/span&gt;&lt;span style=&quot;font-family: 微软雅黑;color: rgb(85, 85, 85);letter-spacing: 0;font-size: 12px;background: rgb(255, 255, 255)&quot;&gt;&lt;span style=&quot;font-family:微软雅黑&quot;&gt;科创未来&lt;/span&gt;&lt;/span&gt;&lt;span style=&quot;font-family: 微软雅黑;color: rgb(85, 85, 85);letter-spacing: 0;font-size: 12px;background: rgb(255, 255, 255)&quot;&gt;&lt;span style=&quot;font-family:微软雅黑&quot;&gt;无关&lt;/span&gt; &lt;span style=&quot;font-family:微软雅黑&quot;&gt;。&lt;/span&gt; &lt;/span&gt;&lt;span style=&quot;font-family: 微软雅黑;color: rgb(85, 85, 85);letter-spacing: 0;font-size: 12px;background: rgb(255, 255, 255)&quot;&gt;&lt;span style=&quot;font-family:微软雅黑&quot;&gt;科创未来&lt;/span&gt;&lt;/span&gt;&lt;span style=&quot;font-family: 微软雅黑;color: rgb(85, 85, 85);letter-spacing: 0;font-size: 12px;background: rgb(255, 255, 255)&quot;&gt;&lt;span style=&quot;font-family:微软雅黑&quot;&gt;不保证本网站内的所有信息是准确、有效、可靠或可利用的，也不保证上述所有信息没有侵&lt;/span&gt; &lt;span style=&quot;font-family:微软雅黑&quot;&gt;犯任何第三方的合法权益。&lt;/span&gt;&lt;/span&gt;&lt;span style=&quot;font-family: 微软雅黑;color: rgb(85, 85, 85);letter-spacing: 0;font-size: 12px;background: rgb(255, 255, 255)&quot;&gt;&lt;span style=&quot;font-family:微软雅黑&quot;&gt;科创未来&lt;/span&gt;&lt;/span&gt;&lt;span style=&quot;font-family: 微软雅黑;color: rgb(85, 85, 85);letter-spacing: 0;font-size: 12px;background: rgb(255, 255, 255)&quot;&gt;&lt;span style=&quot;font-family:微软雅黑&quot;&gt;也不保证本网站的网址、服务器或本网站发送的电子邮件内没有病毒或破坏性插件。&lt;/span&gt; &lt;/span&gt;&lt;span style=&quot;font-family: 微软雅黑;color: rgb(85, 85, 85);letter-spacing: 0;font-size: 12px;background: rgb(255, 255, 255)&quot;&gt;&lt;span style=&quot;font-family:微软雅黑&quot;&gt;科创未来&lt;/span&gt;&lt;/span&gt;&lt;span style=&quot;font-family: 微软雅黑;color: rgb(85, 85, 85);letter-spacing: 0;font-size: 12px;background: rgb(255, 255, 255)&quot;&gt;&lt;span style=&quot;font-family:微软雅黑&quot;&gt;也不能因为对商品描述上的小的错误或忽略承担赔偿责任。&lt;/span&gt; &lt;span style=&quot;font-family:微软雅黑&quot;&gt;八、其它：&lt;/span&gt; &lt;span style=&quot;font-family:微软雅黑&quot;&gt;本协议在所有方面均受中华人民共和国法律管辖。本网&lt;/span&gt; &lt;span style=&quot;font-family:微软雅黑&quot;&gt;站所有用户均不可撤销地受&lt;/span&gt;&lt;/span&gt;&lt;span style=&quot;font-family: 微软雅黑;color: rgb(85, 85, 85);letter-spacing: 0;font-size: 12px;background: rgb(255, 255, 255)&quot;&gt;&lt;span style=&quot;font-family:微软雅黑&quot;&gt;科创未来&lt;/span&gt;&lt;/span&gt;&lt;span style=&quot;font-family: 微软雅黑;color: rgb(85, 85, 85);letter-spacing: 0;font-size: 12px;background: rgb(255, 255, 255)&quot;&gt;&lt;span style=&quot;font-family:微软雅黑&quot;&gt;持有人所在地的中国广东省深圳市宝安区法院及上级法院的管辖。本协议的规定是可分割的，如本协议任何规定被裁定为无效或不可执行，该规&lt;/span&gt; &lt;span style=&quot;font-family:微软雅黑&quot;&gt;定可被删除而其余条款应予以执行。您同意，在发生并购，本协议和所有纳入的协议可由&lt;/span&gt; &lt;/span&gt;&lt;span style=&quot;font-family: 微软雅黑;color: rgb(85, 85, 85);letter-spacing: 0;font-size: 12px;background: rgb(255, 255, 255)&quot;&gt;&lt;span style=&quot;font-family:微软雅黑&quot;&gt;科创未来&lt;/span&gt;',1686102116,''),(45,2,'',1,0,'常见问题','&lt;p style=&quot;margin-top: 0px; margin-bottom: 0px; padding: 0px; border: 0px; list-style: none; font-family: &amp;quot;Microsoft YaHei&amp;quot;, 微软雅黑, helvetica, arial, verdana, tahoma, sans-serif; font-size: 12px; white-space: normal; box-sizing: border-box; outline: 0px; vertical-align: baseline; caret-color: rgb(136, 136, 136); color: rgb(136, 136, 136);&quot;&gt;&lt;span style=&quot;font-size: medium;&quot;&gt;&lt;span style=&quot;color: rgb(153, 51, 0);&quot;&gt;&lt;strong&gt;&lt;span style=&quot;box-sizing: border-box; padding: 0px; margin: 0px; border: 0px; outline: 0px; vertical-align: baseline;&quot;&gt;订购相关&lt;/span&gt;&lt;/strong&gt;&lt;/span&gt;&lt;/span&gt;&lt;/p&gt;&lt;p style=&quot;margin-top: 0px; margin-bottom: 0px; padding: 0px; border: none; list-style: none; font-family: &amp;quot;microsoft yahei&amp;quot;; color: rgb(85, 85, 85); font-size: 12px; white-space: normal; background-color: rgb(255, 255, 255);&quot;&gt;&amp;nbsp;&lt;/p&gt;&lt;p&gt;&lt;strong style=&quot;box-sizing: border-box; padding: 0px; margin: 0px; border: 0px; outline: 0px; vertical-align: baseline;&quot;&gt;1.商品都是正品吗？&lt;/strong&gt;&lt;/p&gt;&lt;p&gt;&lt;span style=&quot;font-size: larger;&quot;&gt;&lt;span style=&quot;box-sizing: border-box; padding: 0px; margin: 0px; border: 0px; outline: 0px; vertical-align: baseline;&quot;&gt;商品都是从正规渠道进货，并且进行严格把关，保证所售商品均为正品，请您放心选购。&lt;/span&gt;&lt;/span&gt;&lt;/p&gt;&lt;p&gt;&amp;nbsp;&lt;/p&gt;&lt;p style=&quot;margin-top: 0px; margin-bottom: 0px; padding: 0px; border: none; list-style: none; font-family: &amp;quot;microsoft yahei&amp;quot;; color: rgb(85, 85, 85); font-size: 12px; white-space: normal; background-color: rgb(255, 255, 255);&quot;&gt;&amp;nbsp;&lt;/p&gt;&lt;p&gt;&lt;strong style=&quot;box-sizing: border-box; padding: 0px; margin: 0px; border: 0px; outline: 0px; vertical-align: baseline;&quot;&gt;2.我已注册成为会员，要如何购物？&lt;/strong&gt;&lt;/p&gt;&lt;p&gt;&lt;span style=&quot;font-size: larger;&quot;&gt;&lt;span style=&quot;box-sizing: border-box; padding: 0px; margin: 0px; border: 0px; outline: 0px; vertical-align: baseline;&quot;&gt;科创未来为会员提供网络下单方式进行购物。&lt;/span&gt;&lt;/span&gt;&lt;span style=&quot;font-size: larger;&quot;&gt;&lt;span style=&quot;box-sizing: border-box; padding: 0px; margin: 0px; border: 0px; outline: 0px; vertical-align: baseline;&quot;&gt;&lt;br/&gt;&lt;/span&gt;&lt;/span&gt;&lt;/p&gt;&lt;p&gt;&amp;nbsp;&lt;/p&gt;&lt;p style=&quot;margin-top: 0px; margin-bottom: 0px; padding: 0px; border: none; list-style: none; font-family: &amp;quot;microsoft yahei&amp;quot;; color: rgb(85, 85, 85); font-size: 12px; white-space: normal; background-color: rgb(255, 255, 255);&quot;&gt;&amp;nbsp;&lt;/p&gt;&lt;p&gt;&lt;strong style=&quot;box-sizing: border-box; padding: 0px; margin: 0px; border: 0px; outline: 0px; vertical-align: baseline;&quot;&gt;3.订单已提交，未支付货款，订单可以保留多久？&lt;/strong&gt;&lt;/p&gt;&lt;p&gt;&lt;span style=&quot;font-size: larger;&quot;&gt;&lt;span style=&quot;box-sizing: border-box; padding: 0px; margin: 0px; border: 0px; outline: 0px; vertical-align: baseline;&quot;&gt;订单成功提交后，系统会为您保留24小时&lt;/span&gt;&lt;span style=&quot;box-sizing: border-box; padding: 0px; margin: 0px; border: 0px; outline: 0px; vertical-align: baseline;&quot;&gt;。请把握时间付款，尽快获得您喜爱的商品。&lt;/span&gt;&lt;/span&gt;&lt;/p&gt;&lt;p&gt;&lt;span style=&quot;font-size: larger;&quot;&gt;&lt;span style=&quot;box-sizing: border-box; padding: 0px; margin: 0px; border: 0px; outline: 0px; vertical-align: baseline;&quot;&gt;逾期未付款系统将自动取消您的订单，如有需要，请重新下单。&lt;/span&gt;&lt;/span&gt;&lt;/p&gt;&lt;p&gt;&amp;nbsp;&lt;/p&gt;&lt;p style=&quot;margin-top: 0px; margin-bottom: 0px; padding: 0px; border: none; list-style: none; font-family: &amp;quot;microsoft yahei&amp;quot;; color: rgb(85, 85, 85); font-size: 12px; white-space: normal; background-color: rgb(255, 255, 255);&quot;&gt;&amp;nbsp;&lt;/p&gt;&lt;p&gt;&lt;strong style=&quot;box-sizing: border-box; padding: 0px; margin: 0px; border: 0px; outline: 0px; vertical-align: baseline;&quot;&gt;4.为什么收到的商品实物包装和图片有差别？&lt;/strong&gt;&lt;/p&gt;&lt;p&gt;&lt;span style=&quot;font-size: larger;&quot;&gt;&lt;span style=&quot;box-sizing: border-box; padding: 0px; margin: 0px; border: 0px; outline: 0px; vertical-align: baseline;&quot;&gt;实物包装和图片有些许差别，可能是因为厂商更换了产品包装而造成的新旧包装交替，不影响商品质量，请您放心。&lt;/span&gt;&lt;/span&gt;&lt;/p&gt;&lt;p&gt;&lt;span style=&quot;font-size: larger;&quot;&gt;&lt;span style=&quot;box-sizing: border-box; padding: 0px; margin: 0px; border: 0px; outline: 0px; vertical-align: baseline;&quot;&gt;我们会随时更新商品信息，尽快将最新的商品信息展示给您。&lt;/span&gt;&lt;/span&gt;&lt;/p&gt;&lt;p&gt;&lt;span style=&quot;font-size: larger;&quot;&gt;&amp;nbsp;&lt;/span&gt;&lt;/p&gt;&lt;p style=&quot;margin-top: 0px; margin-bottom: 0px; padding: 0px; border: 0px; list-style: none; font-family: &amp;quot;Microsoft YaHei&amp;quot;, 微软雅黑, helvetica, arial, verdana, tahoma, sans-serif; font-size: 12px; white-space: normal; box-sizing: border-box; outline: 0px; vertical-align: baseline; caret-color: rgb(136, 136, 136); color: rgb(136, 136, 136);&quot;&gt;&lt;span style=&quot;font-size: larger;&quot;&gt;&amp;nbsp;&lt;/span&gt;&lt;/p&gt;&lt;p&gt;&lt;strong&gt;&lt;span style=&quot;font-size: medium;&quot;&gt;&lt;span style=&quot;color: rgb(153, 51, 0);&quot;&gt;&lt;span style=&quot;box-sizing: border-box; padding: 0px; margin: 0px; border: 0px; outline: 0px; vertical-align: baseline;&quot;&gt;物流配送&lt;/span&gt;&lt;/span&gt;&lt;/span&gt;&lt;/strong&gt;&lt;span style=&quot;color: rgb(153, 51, 0);&quot;&gt;&lt;span style=&quot;font-size: larger;&quot;&gt;&lt;span style=&quot;box-sizing: border-box; padding: 0px; margin: 0px; border: 0px; outline: 0px; vertical-align: baseline;&quot;&gt;&amp;nbsp;&lt;/span&gt;&lt;/span&gt;&lt;/span&gt;&lt;/p&gt;&lt;p style=&quot;margin-top: 0px; margin-bottom: 0px; padding: 0px; border: none; list-style: none; font-family: &amp;quot;microsoft yahei&amp;quot;; color: rgb(85, 85, 85); font-size: 12px; white-space: normal; background-color: rgb(255, 255, 255);&quot;&gt;&amp;nbsp;&lt;/p&gt;&lt;p&gt;&lt;strong style=&quot;box-sizing: border-box; padding: 0px; margin: 0px; border: 0px; outline: 0px; vertical-align: baseline;&quot;&gt;5.下单后我可以选择我想要的快递公司为我送货吗？&lt;/strong&gt;&lt;/p&gt;&lt;p&gt;&lt;span style=&quot;font-size: larger;&quot;&gt;&lt;span style=&quot;box-sizing: border-box; padding: 0px; margin: 0px; border: 0px; outline: 0px; vertical-align: baseline;&quot;&gt;很抱歉，不接受自选快递公司。所有订单发货均为后台自动分配，我们会根据您的收货地址为您选择可送达的快递方式。&lt;/span&gt;&lt;/span&gt;&lt;/p&gt;&lt;p&gt;&amp;nbsp;&lt;/p&gt;&lt;p style=&quot;margin-top: 0px; margin-bottom: 0px; padding: 0px; border: none; list-style: none; font-family: &amp;quot;microsoft yahei&amp;quot;; color: rgb(85, 85, 85); font-size: 12px; white-space: normal; background-color: rgb(255, 255, 255);&quot;&gt;&amp;nbsp;&lt;/p&gt;&lt;p&gt;&lt;strong style=&quot;box-sizing: border-box; padding: 0px; margin: 0px; border: 0px; outline: 0px; vertical-align: baseline;&quot;&gt;6.订单已支付成功，什么时候可以发货？&lt;/strong&gt;&lt;/p&gt;&lt;p&gt;&lt;span style=&quot;font-size: larger;&quot;&gt;&lt;span style=&quot;box-sizing: border-box; padding: 0px; margin: 0px; border: 0px; outline: 0px; vertical-align: baseline;&quot;&gt;订单支付成功后会尽快给您发货，具体发货情况您可到“我的账户”→“我的订单”中查询。&lt;/span&gt;&lt;/span&gt;&lt;span style=&quot;font-size: larger;&quot;&gt;&lt;span style=&quot;box-sizing: border-box; padding: 0px; margin: 0px; border: 0px; outline: 0px; vertical-align: baseline;&quot;&gt;&lt;br/&gt;&lt;/span&gt;&lt;/span&gt;&lt;/p&gt;&lt;p&gt;&amp;nbsp;&lt;/p&gt;&lt;p style=&quot;margin-top: 0px; margin-bottom: 0px; padding: 0px; border: none; list-style: none; font-family: &amp;quot;microsoft yahei&amp;quot;; color: rgb(85, 85, 85); font-size: 12px; white-space: normal; background-color: rgb(255, 255, 255);&quot;&gt;&amp;nbsp;&lt;/p&gt;&lt;p&gt;&lt;strong style=&quot;box-sizing: border-box; padding: 0px; margin: 0px; border: 0px; outline: 0px; vertical-align: baseline;&quot;&gt;7.订单发货后会通知我吗？&lt;/strong&gt;&lt;/p&gt;&lt;p&gt;&lt;span style=&quot;font-size: larger;&quot;&gt;&lt;span style=&quot;box-sizing: border-box; padding: 0px; margin: 0px; border: 0px; outline: 0px; vertical-align: baseline;&quot;&gt;订单发货后，我们会给您的收货手机号码发送短信，告知您订单已发出，同时您可通过短信中的快递电话查询您的快递进程。&lt;/span&gt;&lt;/span&gt;&lt;/p&gt;&lt;p&gt;&amp;nbsp;&lt;/p&gt;&lt;p style=&quot;margin-top: 0px; margin-bottom: 0px; padding: 0px; border: none; list-style: none; font-family: &amp;quot;microsoft yahei&amp;quot;; color: rgb(85, 85, 85); font-size: 12px; white-space: normal; background-color: rgb(255, 255, 255);&quot;&gt;&amp;nbsp;&lt;/p&gt;&lt;p&gt;&lt;strong style=&quot;box-sizing: border-box; padding: 0px; margin: 0px; border: 0px; outline: 0px; vertical-align: baseline;&quot;&gt;8.我知道物流单号，怎么查询我的快递到哪了？&lt;/strong&gt;&lt;/p&gt;&lt;p&gt;&lt;span style=&quot;font-size: larger;&quot;&gt;&lt;span style=&quot;box-sizing: border-box; padding: 0px; margin: 0px; border: 0px; outline: 0px; vertical-align: baseline;&quot;&gt;a.您可拨打发货短信中快递公司的电话号码，查询快递进程。&lt;/span&gt;&lt;/span&gt;&lt;/p&gt;&lt;p&gt;&lt;span style=&quot;font-size: larger;&quot;&gt;&lt;span style=&quot;box-sizing: border-box; padding: 0px; margin: 0px; border: 0px; outline: 0px; vertical-align: baseline;&quot;&gt;b.您可到快递公司官网，输入您订单的快递单号查询快递进程。&lt;/span&gt;&lt;/span&gt;&lt;span style=&quot;font-size: larger;&quot;&gt;&lt;span style=&quot;box-sizing: border-box; padding: 0px; margin: 0px; border: 0px; outline: 0px; vertical-align: baseline;&quot;&gt;&lt;br/&gt;&lt;/span&gt;&lt;/span&gt;&lt;/p&gt;&lt;p&gt;&amp;nbsp;&lt;/p&gt;&lt;p style=&quot;margin-top: 0px; margin-bottom: 0px; padding: 0px; border: none; list-style: none; font-family: &amp;quot;microsoft yahei&amp;quot;; color: rgb(85, 85, 85); font-size: 12px; white-space: normal; background-color: rgb(255, 255, 255);&quot;&gt;&amp;nbsp;&lt;/p&gt;&lt;p style=&quot;margin-top: 0px; margin-bottom: 0px; padding: 0px; border: none; list-style: none; font-family: &amp;quot;microsoft yahei&amp;quot;; color: rgb(85, 85, 85); font-size: 12px; white-space: normal; background-color: rgb(255, 255, 255);&quot;&gt;&lt;span style=&quot;box-sizing: border-box; padding: 0px; margin: 0px; border: 0px; outline: 0px; vertical-align: baseline; background-color: transparent; color: rgb(255, 255, 0);&quot;&gt;&lt;span style=&quot;box-sizing: border-box; padding: 0px; margin: 0px; border: 0px; outline: 0px; vertical-align: baseline; background-color: transparent;&quot;&gt;&lt;span style=&quot;box-sizing: border-box; padding: 0px; margin: 0px; border: 0px; outline: 0px; vertical-align: baseline; background-color: rgb(255, 0, 0);&quot;&gt;&lt;strong&gt;&lt;span style=&quot;background-color: rgb(255, 255, 255);&quot;&gt;&lt;span style=&quot;color: rgb(153, 51, 0);&quot;&gt;&lt;span style=&quot;font-size: medium;&quot;&gt;账户相关&lt;/span&gt;&lt;/span&gt;&lt;/span&gt;&lt;/strong&gt;&lt;/span&gt;&lt;/span&gt;&lt;/span&gt;&lt;/p&gt;&lt;p style=&quot;margin-top: 0px; margin-bottom: 0px; padding: 0px; border: none; list-style: none; font-family: &amp;quot;microsoft yahei&amp;quot;; color: rgb(85, 85, 85); font-size: 12px; white-space: normal; background-color: rgb(255, 255, 255);&quot;&gt;&amp;nbsp;&lt;/p&gt;&lt;p&gt;&lt;strong style=&quot;box-sizing: border-box; padding: 0px; margin: 0px; border: 0px; outline: 0px; vertical-align: baseline;&quot;&gt;9.我忘了登录密码或登录账号怎么办？&lt;/strong&gt;&lt;/p&gt;&lt;p&gt;&lt;span style=&quot;font-size: larger;&quot;&gt;&lt;span style=&quot;box-sizing: border-box; padding: 0px; margin: 0px; border: 0px; outline: 0px; vertical-align: baseline;&quot;&gt;若您忘记了登录密码，请可以进行重置密码。&lt;/span&gt;&lt;/span&gt;&lt;/p&gt;&lt;p&gt;&lt;span style=&quot;font-size: larger;&quot;&gt;&lt;span style=&quot;box-sizing: border-box; padding: 0px; margin: 0px; border: 0px; outline: 0px; vertical-align: baseline;&quot;&gt;若您忘记了登录账号，请与客服联系，客服会帮助您找回您的登录账号。&lt;/span&gt;&lt;/span&gt;&lt;/p&gt;&lt;p&gt;&amp;nbsp;&lt;/p&gt;&lt;p style=&quot;margin-top: 0px; margin-bottom: 0px; padding: 0px; border: none; list-style: none; font-family: &amp;quot;microsoft yahei&amp;quot;; color: rgb(85, 85, 85); font-size: 12px; white-space: normal; background-color: rgb(255, 255, 255);&quot;&gt;&amp;nbsp;&lt;/p&gt;&lt;p&gt;&lt;strong style=&quot;box-sizing: border-box; padding: 0px; margin: 0px; border: 0px; outline: 0px; vertical-align: baseline;&quot;&gt;10.如何查找客户编号？&amp;nbsp;&lt;/strong&gt;&lt;/p&gt;&lt;p&gt;&lt;span style=&quot;font-size: larger;&quot;&gt;&lt;span style=&quot;box-sizing: border-box; padding: 0px; margin: 0px; border: 0px; outline: 0px; vertical-align: baseline;&quot;&gt;a.直接打电话给您的贵宾专员或客服询问客户编号。&lt;/span&gt;&lt;/span&gt;&lt;span style=&quot;font-size: larger;&quot;&gt;&lt;span style=&quot;box-sizing: border-box; padding: 0px; margin: 0px; border: 0px; outline: 0px; vertical-align: baseline;&quot;&gt;&lt;br/&gt;&lt;/span&gt;&lt;/span&gt;&lt;/p&gt;&lt;p&gt;&lt;span style=&quot;font-size: larger;&quot;&gt;&lt;span style=&quot;box-sizing: border-box; padding: 0px; margin: 0px; border: 0px; outline: 0px; vertical-align: baseline;&quot;&gt;b.查看以前购物的物流面单或购物清单上的客户编号。&lt;/span&gt;&lt;/span&gt;&lt;/p&gt;&lt;p&gt;&lt;br/&gt;&lt;/p&gt;',1686102165,''),(46,5,'',1,0,'发票说明','&lt;p style=&quot;margin-top: 0px; margin-bottom: 0px; padding: 0px; border: none; list-style: none; font-family: &amp;quot;microsoft yahei&amp;quot;; color: rgb(85, 85, 85); font-size: 12px; white-space: normal; background-color: rgb(255, 255, 255);&quot;&gt;&lt;span style=&quot;font-size: small;&quot;&gt;&lt;span style=&quot;background-color: transparent; caret-color: rgb(136, 136, 136); color: rgb(136, 136, 136); font-family: &amp;quot;Microsoft YaHei&amp;quot;, 微软雅黑, helvetica, arial, verdana, tahoma, sans-serif;&quot;&gt;发票性质:&lt;/span&gt;&lt;/span&gt;&lt;/p&gt;&lt;p&gt;&lt;span style=&quot;font-size: small;&quot;&gt;&lt;span style=&quot;box-sizing: border-box; padding: 0px; margin: 0px; border: 0px; outline: 0px; vertical-align: baseline;&quot;&gt;为了给顾客提供更快速、便捷的服务，根据中国税法及税务管理部门的要求，霓裳衣社就其所销售的商品可以开具发票，所有开具的发票均合法有效。&lt;/span&gt;&lt;/span&gt;&lt;/p&gt;&lt;p&gt;&lt;span style=&quot;font-size: small;&quot;&gt;&lt;span style=&quot;box-sizing: border-box; padding: 0px; margin: 0px; border: 0px; outline: 0px; vertical-align: baseline;&quot;&gt;&lt;br/&gt;&lt;/span&gt;&lt;/span&gt;&lt;/p&gt;&lt;p&gt;&lt;span style=&quot;font-size: small;&quot;&gt;&lt;span style=&quot;box-sizing: border-box; padding: 0px; margin: 0px; border: 0px; outline: 0px; vertical-align: baseline;&quot;&gt;发票抬头:&lt;/span&gt;&lt;/span&gt;&lt;/p&gt;&lt;p&gt;&lt;span style=&quot;font-size: small;&quot;&gt;&lt;span style=&quot;box-sizing: border-box; padding: 0px; margin: 0px; border: 0px; outline: 0px; vertical-align: baseline;&quot;&gt;a.发票抬头不能为空&lt;/span&gt;&lt;/span&gt;&lt;/p&gt;&lt;p&gt;&lt;span style=&quot;font-size: small;&quot;&gt;&lt;span style=&quot;box-sizing: border-box; padding: 0px; margin: 0px; border: 0px; outline: 0px; vertical-align: baseline;&quot;&gt;b.您可填写：您的姓名或您单位的名称&lt;/span&gt;&lt;/span&gt;&lt;/p&gt;&lt;p&gt;&lt;span style=&quot;font-size: small;&quot;&gt;&lt;span style=&quot;box-sizing: border-box; padding: 0px; margin: 0px; border: 0px; outline: 0px; vertical-align: baseline;&quot;&gt;c.抬头为公司的请提供18位社会信用代码&lt;/span&gt;&lt;/span&gt;&lt;/p&gt;&lt;p&gt;&lt;span style=&quot;font-size: small;&quot;&gt;&lt;span style=&quot;box-sizing: border-box; padding: 0px; margin: 0px; border: 0px; outline: 0px; vertical-align: baseline;&quot;&gt;&lt;br/&gt;&lt;/span&gt;&lt;/span&gt;&lt;/p&gt;&lt;p&gt;&lt;span style=&quot;font-size: small;&quot;&gt;&lt;span style=&quot;box-sizing: border-box; padding: 0px; margin: 0px; border: 0px; outline: 0px; vertical-align: baseline;&quot;&gt;发票内容：&lt;/span&gt;&lt;/span&gt;&lt;/p&gt;&lt;p&gt;&lt;span style=&quot;font-size: small;&quot;&gt;&lt;span style=&quot;box-sizing: border-box; padding: 0px; margin: 0px; border: 0px; outline: 0px; vertical-align: baseline;&quot;&gt;所收到的发票内容为您购买商品的明细。&lt;/span&gt;&lt;/span&gt;&lt;/p&gt;&lt;p&gt;&lt;span style=&quot;font-size: small;&quot;&gt;&amp;nbsp;&lt;/span&gt;&lt;/p&gt;&lt;p&gt;&lt;span style=&quot;font-size: small;&quot;&gt;&amp;nbsp;&lt;/span&gt;&lt;/p&gt;&lt;p&gt;&lt;span style=&quot;font-size: small;&quot;&gt;&lt;span style=&quot;box-sizing: border-box; padding: 0px; margin: 0px; border: 0px; outline: 0px; vertical-align: baseline;&quot;&gt;温馨提示&lt;/span&gt;&lt;/span&gt;&lt;/p&gt;&lt;p&gt;&lt;span style=&quot;font-size: small;&quot;&gt;&lt;span style=&quot;box-sizing: border-box; padding: 0px; margin: 0px; border: 0px; outline: 0px; vertical-align: baseline;&quot;&gt;a.上述提供的发票为增值税普通发票，此发票可用作报销使用。&lt;/span&gt;&lt;/span&gt;&lt;/p&gt;&lt;p&gt;&lt;span style=&quot;font-size: small;&quot;&gt;&lt;span style=&quot;box-sizing: border-box; padding: 0px; margin: 0px; border: 0px; outline: 0px; vertical-align: baseline;&quot;&gt;b.发票金额为订单实际支付金额，不包含优惠券抵扣金额、积分兑换金额。&lt;/span&gt;&lt;/span&gt;&lt;/p&gt;&lt;p&gt;&lt;span style=&quot;font-size: small;&quot;&gt;&lt;span style=&quot;box-sizing: border-box; padding: 0px; margin: 0px; border: 0px; outline: 0px; vertical-align: baseline;&quot;&gt;c. 一张订单对应一张发票，发票会随每次包裹一同发出。&lt;/span&gt;&lt;/span&gt;&lt;/p&gt;&lt;p&gt;&lt;span style=&quot;font-size: small;&quot;&gt;&lt;span style=&quot;box-sizing: border-box; padding: 0px; margin: 0px; border: 0px; outline: 0px; vertical-align: baseline;&quot;&gt;d.若您有索要发票，但收到的包裹中并没有发票，请您与客服联系，我们会尽快核实信息，若确为漏发会安排为您补发，请谅解！&lt;/span&gt;&lt;/span&gt;&lt;/p&gt;&lt;p&gt;&lt;span style=&quot;font-size: small;&quot;&gt;&lt;span style=&quot;box-sizing: border-box; padding: 0px; margin: 0px; border: 0px; outline: 0px; vertical-align: baseline;&quot;&gt;e.&lt;/span&gt;&lt;span style=&quot;&quot;&gt;按照国家有关税收法律法规，在您购买应税货物或接受应税服务的同时，有权索取增值税发票。&lt;/span&gt;&lt;span style=&quot;&quot;&gt;如您为自然人以外的单位或个体工商户，符合规定条件的&lt;/span&gt;&lt;span style=&quot;box-sizing: border-box; padding: 0px; margin: 0px; border: 0px; outline: 0px; vertical-align: baseline;&quot;&gt;，&lt;/span&gt;&lt;span style=&quot;&quot;&gt;索取增值税专用发票时，请与客服联系，提供购买方名称、纳税人识别号、地址电话、开户行及账号信息等四项信息，不需相关证件或其他证明材料。（您在索取增值税普通发票时，不需提供相关证件或其他证明材料。）&lt;/span&gt;&lt;/span&gt;&lt;/p&gt;&lt;p&gt;&lt;br/&gt;&lt;/p&gt;',1686102235,''),(47,5,'',1,0,'退换货政策','&lt;p style=&quot;margin-top: 0px; margin-bottom: 0px; padding: 0px; border: 0px; list-style: none; font-family: &amp;quot;Microsoft YaHei&amp;quot;, 微软雅黑, helvetica, arial, verdana, tahoma, sans-serif; font-size: 12px; white-space: normal; box-sizing: border-box; outline: 0px; vertical-align: baseline; caret-color: rgb(136, 136, 136); color: rgb(136, 136, 136);&quot;&gt;&lt;span style=&quot;font-size: small;&quot;&gt;&lt;span style=&quot;box-sizing: border-box; padding: 0px; margin: 0px; border: 0px; outline: 0px; vertical-align: baseline;&quot;&gt;1.积分商品多为限量款，库存周转较快，除质量问题外不可退换货。若商品存在质量问题，请在7天内与贵宾专员或客服联络，限更换同款商品。给您造成不便，请见谅！&lt;/span&gt;&lt;br/&gt;&lt;/span&gt;&lt;/p&gt;&lt;p style=&quot;margin-top: 0px; margin-bottom: 0px; padding: 0px; border: none; list-style: none; font-family: &amp;quot;microsoft yahei&amp;quot;; color: rgb(85, 85, 85); font-size: 12px; white-space: normal; background-color: rgb(255, 255, 255);&quot;&gt;&amp;nbsp;&lt;/p&gt;&lt;p style=&quot;margin-top: 0px; margin-bottom: 0px; padding: 0px; border: 0px; list-style: none; font-family: &amp;quot;Microsoft YaHei&amp;quot;, 微软雅黑, helvetica, arial, verdana, tahoma, sans-serif; font-size: 12px; white-space: normal; box-sizing: border-box; outline: 0px; vertical-align: baseline; caret-color: rgb(136, 136, 136); color: rgb(136, 136, 136);&quot;&gt;&lt;span style=&quot;font-size: small;&quot;&gt;&lt;span style=&quot;box-sizing: border-box; padding: 0px; margin: 0px; border: 0px; outline: 0px; vertical-align: baseline;&quot;&gt;2.退换货时，请您确保商品未经使用且包装保持出售时原状，若有赠品与发票，请一并退回，以免影响您的退换货申请。套组或礼包商品需整组退回，不完整将无法为您办理退换货，不便之处敬请见谅。&amp;nbsp;&lt;/span&gt;&lt;br/&gt;&lt;/span&gt;&lt;/p&gt;&lt;p style=&quot;margin-top: 0px; margin-bottom: 0px; padding: 0px; border: none; list-style: none; font-family: &amp;quot;microsoft yahei&amp;quot;; color: rgb(85, 85, 85); font-size: 12px; white-space: normal; background-color: rgb(255, 255, 255);&quot;&gt;&amp;nbsp;&lt;/p&gt;&lt;p&gt;&lt;span style=&quot;font-size: small;&quot;&gt;&lt;span style=&quot;box-sizing: border-box; padding: 0px; margin: 0px; border: 0px; outline: 0px; vertical-align: baseline;&quot;&gt;3.换货只接受调换同款商品，不可以选择其他商品。&amp;nbsp;&lt;/span&gt;&lt;br/&gt;&lt;/span&gt;&lt;/p&gt;&lt;p style=&quot;margin-top: 0px; margin-bottom: 0px; padding: 0px; border: none; list-style: none; font-family: &amp;quot;microsoft yahei&amp;quot;; color: rgb(85, 85, 85); font-size: 12px; white-space: normal; background-color: rgb(255, 255, 255);&quot;&gt;&amp;nbsp;&lt;/p&gt;&lt;p&gt;&lt;span style=&quot;font-size: small;&quot;&gt;&lt;span style=&quot;box-sizing: border-box; padding: 0px; margin: 0px; border: 0px; outline: 0px; vertical-align: baseline;&quot;&gt;4.我们保证商品的进货渠道和质量，包装一经开封（如一次性封贴或者胶条封箱被拆开），非质量原因不予退换（无塑封裸装产品在您签收后将不再退换）。&lt;/span&gt;&lt;br/&gt;&lt;/span&gt;&lt;/p&gt;&lt;p style=&quot;margin-top: 0px; margin-bottom: 0px; padding: 0px; border: none; list-style: none; font-family: &amp;quot;microsoft yahei&amp;quot;; color: rgb(85, 85, 85); font-size: 12px; white-space: normal; background-color: rgb(255, 255, 255);&quot;&gt;&amp;nbsp;&lt;/p&gt;&lt;p&gt;&lt;span style=&quot;font-size: small;&quot;&gt;&lt;span style=&quot;box-sizing: border-box; padding: 0px; margin: 0px; border: 0px; outline: 0px; vertical-align: baseline;&quot;&gt;5.因质量问题造成的商品退换货，需要您帮助寄回，我们将为您报销寄回费用（以快递面单金额为准，最高15元），此费用打入您指定的银行帐户中（请客户在申请退、换货时将帐户告知客服）。非质量问题造成的退换货，物流费用由客户自行承担。&lt;/span&gt;&lt;br/&gt;&lt;/span&gt;&lt;/p&gt;&lt;p style=&quot;margin-top: 0px; margin-bottom: 0px; padding: 0px; border: none; list-style: none; font-family: &amp;quot;microsoft yahei&amp;quot;; color: rgb(85, 85, 85); font-size: 12px; white-space: normal; background-color: rgb(255, 255, 255);&quot;&gt;&amp;nbsp;&lt;/p&gt;&lt;p&gt;&lt;span style=&quot;font-size: small;&quot;&gt;&lt;span style=&quot;box-sizing: border-box; padding: 0px; margin: 0px; border: 0px; outline: 0px; vertical-align: baseline;&quot;&gt;6.订单确认收货后，7日内可办理退换货服务（以物流快递单上顾客签收日期为准）。&lt;/span&gt;&lt;/span&gt;&lt;/p&gt;&lt;p style=&quot;margin-top: 0px; margin-bottom: 0px; padding: 0px; border: none; list-style: none; font-family: &amp;quot;microsoft yahei&amp;quot;; color: rgb(85, 85, 85); font-size: 12px; white-space: normal; background-color: rgb(255, 255, 255);&quot;&gt;&amp;nbsp;&lt;/p&gt;&lt;p&gt;&lt;span style=&quot;font-size: small;&quot;&gt;&lt;br/&gt;&lt;/span&gt;&lt;/p&gt;&lt;p style=&quot;margin-top: 0px; margin-bottom: 0px; padding: 0px; border: none; list-style: none; font-family: &amp;quot;microsoft yahei&amp;quot;; color: rgb(85, 85, 85); font-size: 12px; white-space: normal; background-color: rgb(255, 255, 255);&quot;&gt;&amp;nbsp;&lt;/p&gt;&lt;p&gt;&lt;span style=&quot;font-size: small;&quot;&gt;&lt;span style=&quot;box-sizing: border-box; padding: 0px; margin: 0px; border: 0px; outline: 0px; vertical-align: baseline;&quot;&gt;以下情况亦不予办理退换货，不便之处，敬请见谅：&lt;/span&gt;&lt;br/&gt;&lt;/span&gt;&lt;/p&gt;&lt;p style=&quot;margin-top: 0px; margin-bottom: 0px; padding: 0px; border: none; list-style: none; font-family: &amp;quot;microsoft yahei&amp;quot;; color: rgb(85, 85, 85); font-size: 12px; white-space: normal; background-color: rgb(255, 255, 255);&quot;&gt;&amp;nbsp;&lt;/p&gt;&lt;p&gt;&lt;span style=&quot;font-size: small;&quot;&gt;&lt;span style=&quot;box-sizing: border-box; padding: 0px; margin: 0px; border: 0px; outline: 0px; vertical-align: baseline;&quot;&gt;● 赠品非质量问题一律不退换。&lt;/span&gt;&lt;/span&gt;&lt;/p&gt;&lt;p&gt;&amp;nbsp;&lt;/p&gt;&lt;p&gt;&lt;span style=&quot;font-size: small;&quot;&gt;● 任何因非正常使用及保管导致出现质量问题的商品&lt;/span&gt;&lt;/p&gt;&lt;p style=&quot;margin-top: 0px; margin-bottom: 0px; padding: 0px; border: none; list-style: none; font-family: &amp;quot;microsoft yahei&amp;quot;; color: rgb(85, 85, 85); font-size: 12px; white-space: normal; background-color: rgb(255, 255, 255);&quot;&gt;&amp;nbsp;&lt;/p&gt;&lt;p&gt;&lt;span style=&quot;font-size: small;&quot;&gt;&lt;span style=&quot;box-sizing: border-box; padding: 0px; margin: 0px; border: 0px; outline: 0px; vertical-align: baseline;&quot;&gt;● 奢侈品牌商品可能不享受该政策，请留意页面&amp;quot;特别说明&amp;quot;。&lt;/span&gt;&lt;br/&gt;&lt;/span&gt;&lt;/p&gt;&lt;p style=&quot;margin-top: 0px; margin-bottom: 0px; padding: 0px; border: none; list-style: none; font-family: &amp;quot;microsoft yahei&amp;quot;; color: rgb(85, 85, 85); font-size: 12px; white-space: normal; background-color: rgb(255, 255, 255);&quot;&gt;&amp;nbsp;&lt;/p&gt;&lt;p&gt;&lt;span style=&quot;font-size: small;&quot;&gt;&lt;span style=&quot;box-sizing: border-box; padding: 0px; margin: 0px; border: 0px; outline: 0px; vertical-align: baseline;&quot;&gt;● 任何非由科创未来出售或已使用过的商品。&lt;/span&gt;&lt;br/&gt;&lt;/span&gt;&lt;/p&gt;&lt;p style=&quot;margin-top: 0px; margin-bottom: 0px; padding: 0px; border: none; list-style: none; font-family: &amp;quot;microsoft yahei&amp;quot;; color: rgb(85, 85, 85); font-size: 12px; white-space: normal; background-color: rgb(255, 255, 255);&quot;&gt;&amp;nbsp;&lt;/p&gt;&lt;p&gt;&lt;span style=&quot;font-size: small;&quot;&gt;&lt;span style=&quot;box-sizing: border-box; padding: 0px; margin: 0px; border: 0px; outline: 0px; vertical-align: baseline;&quot;&gt;● 超过承诺退换货周期的商品。&lt;/span&gt;&lt;br/&gt;&lt;/span&gt;&lt;/p&gt;&lt;p style=&quot;margin-top: 0px; margin-bottom: 0px; padding: 0px; border: none; list-style: none; font-family: &amp;quot;microsoft yahei&amp;quot;; color: rgb(85, 85, 85); font-size: 12px; white-space: normal; background-color: rgb(255, 255, 255);&quot;&gt;&amp;nbsp;&lt;/p&gt;&lt;p&gt;&lt;span style=&quot;font-size: small;&quot;&gt;&lt;span style=&quot;box-sizing: border-box; padding: 0px; margin: 0px; border: 0px; outline: 0px; vertical-align: baseline;&quot;&gt;● 在签收商品前与配送员当面核对商品种类、数量、规格、赠品、金额是否与订单一致，商品包装是否完好无损、商品型号是否准确，若有误，请拒收并联系客服。在您签收后，发生因前述原因要求退换货的情形将不予办理。&lt;/span&gt;&lt;/span&gt;&lt;/p&gt;&lt;p&gt;&lt;br/&gt;&lt;/p&gt;',1686102288,''),(48,6,'',1,0,'在线客服','&lt;p style=&quot;margin-top: 0px; margin-bottom: 0px; padding: 0px; border: 0px; list-style: none; font-family: &amp;quot;Microsoft YaHei&amp;quot;, 微软雅黑, helvetica, arial, verdana, tahoma, sans-serif; font-size: 12px; white-space: normal; box-sizing: border-box; outline: 0px; vertical-align: baseline; caret-color: rgb(136, 136, 136); color: rgb(136, 136, 136);&quot;&gt;&lt;span style=&quot;font-size: small;&quot;&gt;&lt;span style=&quot;box-sizing: border-box; padding: 0px; margin: 0px; border: 0px; outline: 0px; vertical-align: baseline;&quot;&gt;在线客服&lt;/span&gt;&lt;/span&gt;&lt;/p&gt;&lt;p&gt;&lt;span style=&quot;font-size: small;&quot;&gt;&lt;span style=&quot;box-sizing: border-box; padding: 0px; margin: 0px; border: 0px; outline: 0px; vertical-align: baseline;&quot;&gt;任何问题加客服微信洽询：18359908110&lt;img src=&quot;http://jingxinshop88.com/images/upload/Image/1(1).png&quot; alt=&quot;&quot;/&gt;&lt;/span&gt;&lt;/span&gt;&lt;/p&gt;&lt;p&gt;&lt;span style=&quot;font-size: small;&quot;&gt;或发送邮件：yy544238118@163.com&lt;/span&gt;&lt;/p&gt;&lt;p&gt;&lt;span style=&quot;font-size: small;&quot;&gt;&lt;br/&gt;&lt;/span&gt;&lt;/p&gt;&lt;p&gt;&lt;strong&gt;&lt;span style=&quot;font-size: small;&quot;&gt;温州航盛网络科技有限公司&lt;/span&gt;&lt;/strong&gt;&lt;/p&gt;&lt;p&gt;&lt;strong&gt;&lt;span style=&quot;font-size: small;&quot;&gt;浙江省温州市瓯海区郭溪街道繁盛路217号401室（金手指）234号&lt;/span&gt;&lt;/strong&gt;&lt;/p&gt;&lt;p&gt;&lt;br/&gt;&lt;/p&gt;',1686102578,'');
/*!40000 ALTER TABLE `ds_article` ENABLE KEYS */;
UNLOCK TABLES;

--
-- Table structure for table `ds_articleclass`
--

DROP TABLE IF EXISTS `ds_articleclass`;
/*!40101 SET @saved_cs_client     = @@character_set_client */;
/*!40101 SET character_set_client = utf8 */;
CREATE TABLE `ds_articleclass` (
  `ac_id` int(10) unsigned NOT NULL AUTO_INCREMENT COMMENT '文章分类自增ID',
  `ac_code` varchar(20) DEFAULT NULL COMMENT '文章分类标识码',
  `ac_name` varchar(100) NOT NULL COMMENT '文章分类名称',
  `ac_parent_id` int(10) unsigned NOT NULL DEFAULT '0' COMMENT '文章分类父ID',
  `ac_sort` tinyint(3) unsigned NOT NULL DEFAULT '255' COMMENT '文章分类排序',
  PRIMARY KEY (`ac_id`),
  KEY `ac_parent_id` (`ac_parent_id`)
) ENGINE=InnoDB AUTO_INCREMENT=9 DEFAULT CHARSET=utf8 COMMENT='文章分类表';
/*!40101 SET character_set_client = @saved_cs_client */;

--
-- Dumping data for table `ds_articleclass`
--

LOCK TABLES `ds_articleclass` WRITE;
/*!40000 ALTER TABLE `ds_articleclass` DISABLE KEYS */;
INSERT INTO `ds_articleclass` VALUES (1,'notice','商城公告',0,255),(2,'member','帮助中心',0,255),(3,'store','店主之家',0,255),(4,'payment','支付方式',0,255),(5,'sold','售后服务',0,255),(6,'service','客服中心',0,255),(7,'about','关于我们',0,255),(8,NULL,'如何购买商品',2,0);
/*!40000 ALTER TABLE `ds_articleclass` ENABLE KEYS */;
UNLOCK TABLES;

--
-- Table structure for table `ds_attribute`
--

DROP TABLE IF EXISTS `ds_attribute`;
/*!40101 SET @saved_cs_client     = @@character_set_client */;
/*!40101 SET character_set_client = utf8 */;
CREATE TABLE `ds_attribute` (
  `attr_id` int(10) unsigned NOT NULL AUTO_INCREMENT COMMENT '属性自增ID',
  `attr_name` varchar(100) NOT NULL COMMENT '属性名称',
  `type_id` int(10) unsigned NOT NULL COMMENT '所属类型id',
  `attr_value` text NOT NULL COMMENT '属性值',
  `attr_show` tinyint(1) unsigned NOT NULL COMMENT '属性是否显示。0不显示、1显示',
  `attr_sort` tinyint(3) unsigned NOT NULL DEFAULT '255' COMMENT '属性排序',
  PRIMARY KEY (`attr_id`),
  KEY `attr_id` (`attr_id`,`type_id`)
) ENGINE=InnoDB AUTO_INCREMENT=2 DEFAULT CHARSET=utf8 COMMENT='商品属性表';
/*!40101 SET character_set_client = @saved_cs_client */;

--
-- Dumping data for table `ds_attribute`
--

LOCK TABLES `ds_attribute` WRITE;
/*!40000 ALTER TABLE `ds_attribute` DISABLE KEYS */;
/*!40000 ALTER TABLE `ds_attribute` ENABLE KEYS */;
UNLOCK TABLES;

--
-- Table structure for table `ds_attributevalue`
--

DROP TABLE IF EXISTS `ds_attributevalue`;
/*!40101 SET @saved_cs_client     = @@character_set_client */;
/*!40101 SET character_set_client = utf8 */;
CREATE TABLE `ds_attributevalue` (
  `attrvalue_id` int(10) unsigned NOT NULL AUTO_INCREMENT COMMENT '属性值id',
  `attrvalue_name` varchar(100) NOT NULL COMMENT '属性值名称',
  `attr_id` int(10) unsigned NOT NULL COMMENT '所属属性id',
  `type_id` int(10) unsigned NOT NULL COMMENT '类型id',
  `attrvalue_sort` tinyint(3) unsigned NOT NULL DEFAULT '255' COMMENT '属性值排序',
  PRIMARY KEY (`attrvalue_id`),
  KEY `attr_id` (`attr_id`),
  KEY `type_id` (`type_id`)
) ENGINE=InnoDB AUTO_INCREMENT=2 DEFAULT CHARSET=utf8 COMMENT='商品属性值表';
/*!40101 SET character_set_client = @saved_cs_client */;

--
-- Dumping data for table `ds_attributevalue`
--

LOCK TABLES `ds_attributevalue` WRITE;
/*!40000 ALTER TABLE `ds_attributevalue` DISABLE KEYS */;
/*!40000 ALTER TABLE `ds_attributevalue` ENABLE KEYS */;
UNLOCK TABLES;

--
-- Table structure for table `ds_bonus`
--

DROP TABLE IF EXISTS `ds_bonus`;
/*!40101 SET @saved_cs_client     = @@character_set_client */;
/*!40101 SET character_set_client = utf8 */;
CREATE TABLE `ds_bonus` (
  `bonus_id` int(11) NOT NULL AUTO_INCREMENT COMMENT '红包自增ID',
  `bonus_type` tinyint(3) unsigned NOT NULL DEFAULT '0' COMMENT '红包类型 1活动红包 2关注红包 3奖品红包',
  `bonus_name` varchar(20) NOT NULL DEFAULT '' COMMENT '红包名称',
  `bonus_blessing` varchar(255) NOT NULL DEFAULT '' COMMENT '红包祝福语',
  `bonus_totalprice` decimal(10,2) NOT NULL COMMENT '总面额',
  `bonus_pricetype` tinyint(1) NOT NULL DEFAULT '0' COMMENT '是否固定金额 1固定金额',
  `bonus_fixedprice` decimal(10,2) NOT NULL COMMENT '固定金额',
  `bonus_randomprice_start` decimal(10,2) NOT NULL COMMENT '金额范围',
  `bonus_randomprice_end` decimal(10,2) NOT NULL COMMENT '金额范围',
  `bonus_receivecount` int(11) NOT NULL DEFAULT '0' COMMENT '领取人数',
  `bonus_receiveprice` decimal(10,2) NOT NULL DEFAULT '0.00' COMMENT '领取金额',
  `bonus_state` tinyint(2) NOT NULL DEFAULT '0' COMMENT '红包状态 1正在进行 2过期 3失效',
  `bonus_begintime` int(11) unsigned NOT NULL DEFAULT '0' COMMENT '开始时间',
  `bonus_endtime` int(11) unsigned NOT NULL DEFAULT '0' COMMENT '结束时间',
  `bonus_remark` varchar(255) NOT NULL DEFAULT '' COMMENT '红包备注',
  PRIMARY KEY (`bonus_id`)
) ENGINE=InnoDB DEFAULT CHARSET=utf8 COMMENT='吸粉红包表';
/*!40101 SET character_set_client = @saved_cs_client */;

--
-- Dumping data for table `ds_bonus`
--

LOCK TABLES `ds_bonus` WRITE;
/*!40000 ALTER TABLE `ds_bonus` DISABLE KEYS */;
/*!40000 ALTER TABLE `ds_bonus` ENABLE KEYS */;
UNLOCK TABLES;

--
-- Table structure for table `ds_bonusreceive`
--

DROP TABLE IF EXISTS `ds_bonusreceive`;
/*!40101 SET @saved_cs_client     = @@character_set_client */;
/*!40101 SET character_set_client = utf8 */;
CREATE TABLE `ds_bonusreceive` (
  `bonusreceive_id` int(11) NOT NULL AUTO_INCREMENT COMMENT '主键ID',
  `bonus_id` int(11) NOT NULL COMMENT '吸粉红包ID',
  `member_id` int(11) NOT NULL DEFAULT '0' COMMENT '用户ID',
  `member_name` varchar(50) NOT NULL DEFAULT '' COMMENT '会员名',
  `bonusreceive_time` int(11) NOT NULL DEFAULT '0' COMMENT '领取时间',
  `bonusreceive_price` decimal(10,2) NOT NULL COMMENT '领取金额',
  `bonusreceive_transformed` tinyint(1) NOT NULL DEFAULT '0' COMMENT '是否转入预存款',
  PRIMARY KEY (`bonusreceive_id`),
  KEY `member_id` (`member_id`)
) ENGINE=InnoDB DEFAULT CHARSET=utf8 COMMENT='吸粉红包领取信息表';
/*!40101 SET character_set_client = @saved_cs_client */;

--
-- Dumping data for table `ds_bonusreceive`
--

LOCK TABLES `ds_bonusreceive` WRITE;
/*!40000 ALTER TABLE `ds_bonusreceive` DISABLE KEYS */;
/*!40000 ALTER TABLE `ds_bonusreceive` ENABLE KEYS */;
UNLOCK TABLES;

--
-- Table structure for table `ds_brand`
--

DROP TABLE IF EXISTS `ds_brand`;
/*!40101 SET @saved_cs_client     = @@character_set_client */;
/*!40101 SET character_set_client = utf8 */;
CREATE TABLE `ds_brand` (
  `brand_id` mediumint(11) NOT NULL AUTO_INCREMENT COMMENT '品牌自增ID',
  `gc_id` int(10) unsigned DEFAULT '0' COMMENT '商品分类id',
  `brand_name` varchar(100) DEFAULT NULL COMMENT '品牌名称',
  `brand_initial` varchar(1) DEFAULT NULL COMMENT '品牌首字母',
  `brand_class` varchar(50) DEFAULT NULL COMMENT '类别名称',
  `brand_pic` varchar(100) DEFAULT NULL COMMENT '品牌图片',
  `brand_sort` tinyint(3) unsigned DEFAULT '255' COMMENT '品牌排序',
  `brand_recommend` tinyint(1) DEFAULT '0' COMMENT '品牌推荐，0为否，1为是',
  `brand_showtype` tinyint(1) NOT NULL DEFAULT '0' COMMENT '品牌展示类型 0表示图片 1表示文字 ',
  PRIMARY KEY (`brand_id`),
  KEY `gc_id` (`gc_id`)
) ENGINE=InnoDB DEFAULT CHARSET=utf8 COMMENT='品牌表';
/*!40101 SET character_set_client = @saved_cs_client */;

--
-- Dumping data for table `ds_brand`
--

LOCK TABLES `ds_brand` WRITE;
/*!40000 ALTER TABLE `ds_brand` DISABLE KEYS */;
/*!40000 ALTER TABLE `ds_brand` ENABLE KEYS */;
UNLOCK TABLES;

--
-- Table structure for table `ds_cart`
--

DROP TABLE IF EXISTS `ds_cart`;
/*!40101 SET @saved_cs_client     = @@character_set_client */;
/*!40101 SET character_set_client = utf8 */;
CREATE TABLE `ds_cart` (
  `cart_id` int(11) NOT NULL AUTO_INCREMENT COMMENT '购物车自增ID',
  `buyer_id` int(11) unsigned NOT NULL DEFAULT '0' COMMENT '买家ID',
  `goods_id` int(11) unsigned NOT NULL DEFAULT '0' COMMENT '商品ID',
  `goods_name` varchar(200) NOT NULL COMMENT '商品名称',
  `goods_price` decimal(10,2) NOT NULL DEFAULT '0.00' COMMENT '商品价格',
  `goods_num` smallint(5) unsigned NOT NULL DEFAULT '1' COMMENT '商品数量',
  `goods_image` varchar(100) DEFAULT NULL COMMENT '商品图片',
  `bl_id` mediumint(8) unsigned NOT NULL DEFAULT '0' COMMENT '组合套装ID',
  PRIMARY KEY (`cart_id`),
  KEY `member_id` (`buyer_id`)
) ENGINE=InnoDB DEFAULT CHARSET=utf8 COMMENT='购物车数据表';
/*!40101 SET character_set_client = @saved_cs_client */;

--
-- Dumping data for table `ds_cart`
--

LOCK TABLES `ds_cart` WRITE;
/*!40000 ALTER TABLE `ds_cart` DISABLE KEYS */;
/*!40000 ALTER TABLE `ds_cart` ENABLE KEYS */;
UNLOCK TABLES;

--
-- Table structure for table `ds_config`
--

DROP TABLE IF EXISTS `ds_config`;
/*!40101 SET @saved_cs_client     = @@character_set_client */;
/*!40101 SET character_set_client = utf8 */;
CREATE TABLE `ds_config` (
  `id` smallint(5) NOT NULL AUTO_INCREMENT,
  `code` varchar(30) NOT NULL,
  `value` text,
  `remark` varchar(100) DEFAULT '解释,备注',
  PRIMARY KEY (`id`)
) ENGINE=InnoDB AUTO_INCREMENT=865 DEFAULT CHARSET=utf8 COMMENT='配置参数表';
/*!40101 SET character_set_client = @saved_cs_client */;

--
-- Dumping data for table `ds_config`
--

LOCK TABLES `ds_config` WRITE;
/*!40000 ALTER TABLE `ds_config` DISABLE KEYS */;
INSERT INTO `ds_config` VALUES (1,'site_name','科创未来','商城名称'),(2,'site_phone','18359908110','商城客服服务电话'),(3,'site_state','1','商城状态'),(4,'site_logo','site_logo.png','商城logo图'),(5,'member_logo','member_logo.png','默认会员图'),(7,'site_mobile_logo','site_mobile_logo.png','默认商城手机端logo'),(8,'site_logowx','site_logowx.jpg','微信商城二维码'),(9,'icp_number','浙ICP备2023013793号-1','ICP备案号'),(10,'site_tel400','18359908110','解释,备注'),(11,'site_email','yy544238118@163.com','电子邮件'),(12,'flow_static_code','Copyright © 2013-2023 科创未来 温州航盛网络科技有限公司 版权所有 保留一切权利','底部版权信息'),(13,'closed_reason','商城暂时关闭','商城关闭原因'),(14,'guest_comment','1','是否允许游客咨询'),(15,'captcha_status_login','1','会员登录是否需要验证码'),(16,'captcha_status_register','1','会员注册是否验证码'),(17,'captcha_status_goodsqa','1','商品咨询是否验证码'),(18,'cache_open','0','是否开启缓存'),(21,'default_goods_image','default_goods_image.jpg','默认商品图'),(24,'default_user_portrait','default_user_portrait.png','默认会员图像'),(25,'fixed_suspension_state','1','是否开启首次访问悬浮'),(26,'fixed_suspension_img','fixed_suspension_img.png','首次访问悬浮图像'),(27,'fixed_suspension_url','#','悬浮图像跳转地址'),(40,'smscf_wj_username','','短信平台账号'),(41,'smscf_wj_key','','短信平台密钥'),(42,'smscf_sign','','短信签名'),(43,'smscf_type','wj','短信服务商'),(44,'smscf_ali_id','','阿里云短信AccessKeyId'),(45,'smscf_ali_secret','','阿里云短信AccessKeySecret'),(46,'smscf_ten_id','','腾讯云短信AccessKeyId'),(47,'smscf_ten_secret','','腾讯云短信AccessKeySecret'),(51,'email_host','smtp.126.com','邮箱地址'),(52,'email_port','25','邮箱端口'),(53,'email_addr','','邮箱发件人地址'),(54,'email_id','','身份验证用户名'),(55,'email_pass','','用户名密码'),(56,'email_secure','','邮箱发送协议'),(60,'setup_date','2023-05-15 14:28:57','安装时间'),(61,'upload_type','local','图片上传保存方式'),(62,'alioss_accessid',NULL,'accessid'),(63,'alioss_accesssecret',NULL,'oss_accesssecret'),(64,'alioss_bucket',NULL,'oss_bucket'),(65,'alioss_endpoint',NULL,'oss_endpoint'),(66,'aliendpoint_type','0','aliendpoint_type'),(91,'order_auto_receive_day','7','自动确认收货的天数'),(92,'order_auto_cancel_day','3','自动取消订单的天数'),(93,'code_invalid_refund','7','兑换码过期自动退款的天数'),(101,'qq_isuse','1','是否使用QQ互联'),(102,'qq_appid','','qq互联id'),(103,'qq_appkey','','qq秘钥'),(111,'sina_isuse','1','是的使用微博登录'),(112,'sina_wb_akey','','新浪id'),(113,'sina_wb_skey','','新浪秘钥'),(121,'sms_register','0','是否手机注册'),(122,'sms_login','0','是否手机登录'),(123,'sms_password','0','是否手机找回密码'),(131,'weixin_isuse',NULL,'是否微信登录'),(132,'weixin_appid',NULL,'微信appid'),(133,'weixin_secret',NULL,'微信appserite'),(136,'malbum_max_sum','10','个人相册数量'),(137,'hot_search','','热门搜索关键字'),(138,'image_allow_ext','gif,jpg,jpeg,bmp,png,swf','允许后缀'),(139,'image_max_filesize','1024','允许上传最大值'),(140,'expresscf_kdn_id','','快递鸟-用户ID'),(141,'expresscf_kdn_key','','快递鸟-API key'),(142,'expresscf_kdn_type','','快递鸟-API类型'),(202,'promotion_allow','0','商品促销'),(203,'groupbuy_allow','0','抢购'),(204,'points_isuse','0','开启积分机制'),(205,'pointshop_isuse','0','积分中心'),(206,'pointprod_isuse','0','积分兑换'),(207,'voucher_allow','0','代金券'),(208,'mgdiscount_allow','1','会员等级折扣是否开启'),(209,'store_mgdiscount','','会员等级折扣统一比例'),(230,'points_reg','5','注册赠送积分数'),(231,'points_login','10','登录赠送积分数'),(232,'points_comments','10','评论赠送积分数'),(233,'points_signin','10','会员签到赠送积分'),(234,'points_invite','10','邀请注册积分'),(235,'points_rebate','1','返佣比例'),(236,'points_orderrate','4','消费额与赠送积分比例'),(237,'points_ordermax','4','每单最多赠送积分'),(238,'points_signin_isuse','1','开启签到送积分'),(239,'points_signin_cycle','7','签到持续周期'),(240,'points_signin_reward','7','签到持续周期额外奖励'),(241,'groupbuy_price','20','抢购价格'),(250,'live_pic1','','抢购默认幻灯片'),(251,'live_link1','','抢购幻灯片跳转地址'),(252,'live_pic2','','抢购默认幻灯片'),(253,'live_link2','','抢购幻灯片跳转地址'),(254,'live_pic3','','抢购默认幻灯片'),(255,'live_link3','','抢购幻灯片跳转地址'),(256,'live_pic4','','抢购默认幻灯片'),(257,'live_link4','','抢购幻灯片跳转地址'),(260,'free_price','100','免运费额度'),(261,'free_time','7','预计配送到达时间'),(262,'seal_printexplain','','印章打印说明'),(263,'seal_img','','印章图片'),(264,'deliver_region','','默认配送区域'),(265,'distribution_area','a:606:{i:0;s:1:\"1\";i:1;s:1:\"2\";i:2;s:1:\"3\";i:3;s:1:\"4\";i:4;s:2:\"13\";i:5;s:2:\"19\";i:6;s:2:\"35\";i:7;s:2:\"36\";i:8;s:2:\"40\";i:9;s:2:\"73\";i:10;s:2:\"74\";i:11;s:2:\"75\";i:12;s:2:\"76\";i:13;s:2:\"77\";i:14;s:2:\"78\";i:15;s:2:\"79\";i:16;s:2:\"80\";i:17;s:2:\"81\";i:18;s:2:\"82\";i:19;s:2:\"83\";i:20;s:2:\"84\";i:21;s:2:\"85\";i:22;s:2:\"86\";i:23;s:2:\"87\";i:24;s:2:\"88\";i:25;s:2:\"89\";i:26;s:2:\"90\";i:27;s:2:\"91\";i:28;s:2:\"92\";i:29;s:2:\"93\";i:30;s:2:\"94\";i:31;s:3:\"203\";i:32;s:3:\"204\";i:33;s:3:\"205\";i:34;s:3:\"206\";i:35;s:3:\"207\";i:36;s:3:\"208\";i:37;s:3:\"209\";i:38;s:3:\"210\";i:39;s:3:\"211\";i:40;s:3:\"279\";i:41;s:3:\"289\";i:42;s:3:\"290\";i:43;s:3:\"291\";i:44;s:3:\"292\";i:45;s:3:\"293\";i:46;s:3:\"294\";i:47;s:3:\"295\";i:48;s:3:\"296\";i:49;s:3:\"297\";i:50;s:3:\"298\";i:51;s:3:\"299\";i:52;s:3:\"300\";i:53;s:3:\"301\";i:54;s:3:\"302\";i:55;s:3:\"303\";i:56;s:3:\"304\";i:57;s:3:\"305\";i:58;s:3:\"306\";i:59;s:3:\"307\";i:60;s:3:\"308\";i:61;s:3:\"309\";i:62;s:2:\"37\";i:63;s:2:\"38\";i:64;s:2:\"41\";i:65;s:2:\"42\";i:66;s:2:\"43\";i:67;s:2:\"44\";i:68;s:2:\"45\";i:69;s:2:\"46\";i:70;s:2:\"47\";i:71;s:2:\"48\";i:72;s:2:\"49\";i:73;s:2:\"50\";i:74;s:2:\"51\";i:75;s:2:\"52\";i:76;s:2:\"53\";i:77;s:2:\"54\";i:78;s:3:\"566\";i:79;s:2:\"55\";i:80;s:2:\"56\";i:81;s:2:\"57\";i:82;s:2:\"58\";i:83;s:2:\"59\";i:84;s:2:\"60\";i:85;s:2:\"61\";i:86;s:2:\"64\";i:87;s:2:\"65\";i:88;s:2:\"66\";i:89;s:2:\"67\";i:90;s:2:\"68\";i:91;s:2:\"69\";i:92;s:2:\"70\";i:93;s:2:\"71\";i:94;s:2:\"72\";i:95;s:4:\"1126\";i:96;s:4:\"1127\";i:97;s:4:\"1128\";i:98;s:4:\"1129\";i:99;s:4:\"1130\";i:100;s:4:\"1131\";i:101;s:4:\"1132\";i:102;s:4:\"1133\";i:103;s:4:\"1134\";i:104;s:4:\"1135\";i:105;s:4:\"1136\";i:106;s:4:\"1137\";i:107;s:4:\"1138\";i:108;s:4:\"1139\";i:109;s:4:\"1140\";i:110;s:4:\"1141\";i:111;s:4:\"1142\";i:112;s:4:\"1143\";i:113;s:4:\"1144\";i:114;s:4:\"1145\";i:115;s:4:\"1146\";i:116;s:4:\"1147\";i:117;s:4:\"1148\";i:118;s:4:\"1149\";i:119;s:4:\"1150\";i:120;s:4:\"1151\";i:121;s:4:\"1152\";i:122;s:4:\"1153\";i:123;s:4:\"1154\";i:124;s:4:\"1155\";i:125;s:4:\"1156\";i:126;s:4:\"1157\";i:127;s:4:\"1158\";i:128;s:4:\"1159\";i:129;s:4:\"1160\";i:130;s:4:\"1161\";i:131;s:4:\"1162\";i:132;s:4:\"1163\";i:133;s:4:\"1164\";i:134;s:4:\"1165\";i:135;s:4:\"1166\";i:136;s:4:\"1167\";i:137;s:4:\"1168\";i:138;s:4:\"1169\";i:139;s:4:\"1170\";i:140;s:4:\"1171\";i:141;s:4:\"1172\";i:142;s:4:\"1173\";i:143;s:4:\"1174\";i:144;s:4:\"1175\";i:145;s:4:\"1176\";i:146;s:4:\"1177\";i:147;s:4:\"1178\";i:148;s:4:\"1179\";i:149;s:4:\"1180\";i:150;s:4:\"1181\";i:151;s:4:\"1182\";i:152;s:4:\"1183\";i:153;s:4:\"1184\";i:154;s:4:\"1185\";i:155;s:4:\"1186\";i:156;s:4:\"1187\";i:157;s:4:\"1188\";i:158;s:4:\"1189\";i:159;s:4:\"1190\";i:160;s:4:\"1191\";i:161;s:4:\"1192\";i:162;s:4:\"1193\";i:163;s:4:\"1194\";i:164;s:4:\"1195\";i:165;s:4:\"1196\";i:166;s:4:\"1197\";i:167;s:4:\"1198\";i:168;s:4:\"1199\";i:169;s:4:\"1200\";i:170;s:4:\"1201\";i:171;s:4:\"1202\";i:172;s:4:\"1203\";i:173;s:4:\"1204\";i:174;s:4:\"1205\";i:175;s:4:\"1206\";i:176;s:4:\"1207\";i:177;s:4:\"1208\";i:178;s:4:\"1209\";i:179;s:4:\"1210\";i:180;s:4:\"1211\";i:181;s:4:\"1212\";i:182;s:4:\"1213\";i:183;s:4:\"1214\";i:184;s:4:\"1215\";i:185;s:4:\"1216\";i:186;s:4:\"1217\";i:187;s:4:\"1218\";i:188;s:4:\"1219\";i:189;s:4:\"1220\";i:190;s:4:\"1221\";i:191;s:4:\"1222\";i:192;s:4:\"1223\";i:193;s:4:\"1224\";i:194;s:4:\"1225\";i:195;s:4:\"1226\";i:196;s:4:\"1227\";i:197;s:4:\"1228\";i:198;s:4:\"1229\";i:199;s:4:\"1230\";i:200;s:4:\"1231\";i:201;s:4:\"1232\";i:202;s:4:\"1233\";i:203;s:4:\"1234\";i:204;s:4:\"1235\";i:205;s:4:\"1236\";i:206;s:4:\"1237\";i:207;s:4:\"1238\";i:208;s:4:\"1239\";i:209;s:4:\"1240\";i:210;s:4:\"1241\";i:211;s:4:\"1242\";i:212;s:4:\"1243\";i:213;s:4:\"1244\";i:214;s:4:\"1245\";i:215;s:4:\"1246\";i:216;s:4:\"1247\";i:217;s:4:\"1248\";i:218;s:4:\"1249\";i:219;s:4:\"1250\";i:220;s:4:\"1251\";i:221;s:4:\"1252\";i:222;s:4:\"1253\";i:223;s:4:\"1254\";i:224;s:4:\"1255\";i:225;s:4:\"1256\";i:226;s:4:\"1257\";i:227;s:4:\"1258\";i:228;s:4:\"1259\";i:229;s:4:\"1260\";i:230;s:4:\"1261\";i:231;s:4:\"1262\";i:232;s:4:\"1263\";i:233;s:4:\"1264\";i:234;s:4:\"1265\";i:235;s:4:\"1266\";i:236;s:4:\"1267\";i:237;s:4:\"1268\";i:238;s:4:\"1269\";i:239;s:4:\"1270\";i:240;s:4:\"1271\";i:241;s:4:\"1272\";i:242;s:4:\"1273\";i:243;s:4:\"1274\";i:244;s:4:\"1275\";i:245;s:4:\"1276\";i:246;s:4:\"1277\";i:247;s:4:\"1278\";i:248;s:4:\"1279\";i:249;s:4:\"1280\";i:250;s:4:\"1281\";i:251;s:4:\"1282\";i:252;s:4:\"1283\";i:253;s:4:\"1284\";i:254;s:4:\"1285\";i:255;s:4:\"1286\";i:256;s:4:\"1287\";i:257;s:4:\"1288\";i:258;s:4:\"1289\";i:259;s:4:\"1290\";i:260;s:4:\"1291\";i:261;s:4:\"1292\";i:262;s:4:\"1293\";i:263;s:4:\"1294\";i:264;s:4:\"1295\";i:265;s:4:\"1296\";i:266;s:4:\"1297\";i:267;s:4:\"1298\";i:268;s:4:\"1299\";i:269;s:4:\"1300\";i:270;s:4:\"1301\";i:271;s:4:\"1302\";i:272;s:4:\"1303\";i:273;s:4:\"1304\";i:274;s:4:\"1305\";i:275;s:4:\"1306\";i:276;s:4:\"1307\";i:277;s:4:\"1308\";i:278;s:4:\"1309\";i:279;s:4:\"1310\";i:280;s:4:\"1311\";i:281;s:4:\"1312\";i:282;s:4:\"1313\";i:283;s:4:\"1314\";i:284;s:4:\"1315\";i:285;s:4:\"1316\";i:286;s:4:\"1317\";i:287;s:4:\"1318\";i:288;s:4:\"1319\";i:289;s:4:\"1320\";i:290;s:4:\"1321\";i:291;s:4:\"1322\";i:292;s:4:\"1323\";i:293;s:4:\"1324\";i:294;s:4:\"1325\";i:295;s:4:\"1326\";i:296;s:4:\"1327\";i:297;s:4:\"1328\";i:298;s:4:\"1329\";i:299;s:4:\"1330\";i:300;s:4:\"1331\";i:301;s:4:\"1332\";i:302;s:4:\"1333\";i:303;s:4:\"1334\";i:304;s:4:\"1335\";i:305;s:4:\"1336\";i:306;s:4:\"1337\";i:307;s:4:\"1338\";i:308;s:4:\"1339\";i:309;s:4:\"1340\";i:310;s:4:\"1341\";i:311;s:4:\"1342\";i:312;s:4:\"1343\";i:313;s:4:\"1344\";i:314;s:4:\"1345\";i:315;s:4:\"1346\";i:316;s:4:\"1347\";i:317;s:4:\"1348\";i:318;s:4:\"1349\";i:319;s:4:\"1350\";i:320;s:4:\"1351\";i:321;s:4:\"1352\";i:322;s:4:\"1353\";i:323;s:4:\"1354\";i:324;s:4:\"1355\";i:325;s:4:\"1356\";i:326;s:4:\"1357\";i:327;s:4:\"1358\";i:328;s:4:\"1359\";i:329;s:4:\"1360\";i:330;s:4:\"1361\";i:331;s:4:\"1362\";i:332;s:4:\"1363\";i:333;s:4:\"1364\";i:334;s:4:\"1365\";i:335;s:4:\"1366\";i:336;s:4:\"1367\";i:337;s:4:\"1368\";i:338;s:4:\"1369\";i:339;s:4:\"1370\";i:340;s:4:\"1371\";i:341;s:4:\"1372\";i:342;s:4:\"1373\";i:343;s:4:\"1374\";i:344;s:4:\"1375\";i:345;s:4:\"1376\";i:346;s:4:\"1377\";i:347;s:4:\"1378\";i:348;s:4:\"1379\";i:349;s:4:\"1380\";i:350;s:4:\"1381\";i:351;s:4:\"1382\";i:352;s:4:\"1383\";i:353;s:4:\"1384\";i:354;s:4:\"1385\";i:355;s:4:\"1386\";i:356;s:4:\"1387\";i:357;s:4:\"1388\";i:358;s:4:\"1389\";i:359;s:4:\"1390\";i:360;s:4:\"1391\";i:361;s:4:\"1392\";i:362;s:4:\"1393\";i:363;s:4:\"1394\";i:364;s:4:\"1395\";i:365;s:4:\"1396\";i:366;s:4:\"1397\";i:367;s:4:\"1398\";i:368;s:4:\"1399\";i:369;s:4:\"1400\";i:370;s:4:\"1401\";i:371;s:4:\"1402\";i:372;s:4:\"1403\";i:373;s:4:\"1404\";i:374;s:4:\"1405\";i:375;s:4:\"1406\";i:376;s:4:\"1407\";i:377;s:4:\"1408\";i:378;s:4:\"1409\";i:379;s:4:\"1410\";i:380;s:4:\"1411\";i:381;s:4:\"1412\";i:382;s:4:\"1413\";i:383;s:4:\"1414\";i:384;s:4:\"1415\";i:385;s:4:\"1416\";i:386;s:4:\"2329\";i:387;s:4:\"2330\";i:388;s:4:\"2331\";i:389;s:4:\"2332\";i:390;s:4:\"2333\";i:391;s:4:\"2334\";i:392;s:4:\"2335\";i:393;s:4:\"2336\";i:394;s:4:\"2337\";i:395;s:4:\"2338\";i:396;s:4:\"2339\";i:397;s:4:\"2340\";i:398;s:4:\"2341\";i:399;s:4:\"2342\";i:400;s:4:\"2343\";i:401;s:4:\"2344\";i:402;s:4:\"2345\";i:403;s:4:\"2346\";i:404;s:4:\"2347\";i:405;s:4:\"2348\";i:406;s:4:\"2349\";i:407;s:4:\"2350\";i:408;s:4:\"2351\";i:409;s:4:\"2352\";i:410;s:4:\"2353\";i:411;s:4:\"2354\";i:412;s:4:\"2355\";i:413;s:4:\"2356\";i:414;s:4:\"2357\";i:415;s:4:\"2358\";i:416;s:4:\"2359\";i:417;s:4:\"2360\";i:418;s:4:\"2361\";i:419;s:4:\"2362\";i:420;s:4:\"2363\";i:421;s:4:\"2364\";i:422;s:4:\"2365\";i:423;s:4:\"2366\";i:424;s:4:\"2367\";i:425;s:4:\"2368\";i:426;s:4:\"2369\";i:427;s:4:\"2370\";i:428;s:4:\"2371\";i:429;s:4:\"2372\";i:430;s:4:\"2373\";i:431;s:4:\"2374\";i:432;s:4:\"2375\";i:433;s:4:\"2376\";i:434;s:4:\"2377\";i:435;s:4:\"2378\";i:436;s:4:\"2379\";i:437;s:4:\"2380\";i:438;s:4:\"2381\";i:439;s:4:\"2382\";i:440;s:4:\"2383\";i:441;s:4:\"2384\";i:442;s:4:\"2385\";i:443;s:4:\"2386\";i:444;s:4:\"2387\";i:445;s:4:\"2388\";i:446;s:4:\"2389\";i:447;s:4:\"2390\";i:448;s:4:\"2391\";i:449;s:4:\"2392\";i:450;s:4:\"2393\";i:451;s:4:\"2394\";i:452;s:4:\"2395\";i:453;s:4:\"2396\";i:454;s:4:\"2397\";i:455;s:4:\"2398\";i:456;s:4:\"2399\";i:457;s:4:\"2400\";i:458;s:4:\"2401\";i:459;s:4:\"2402\";i:460;s:4:\"2403\";i:461;s:4:\"2404\";i:462;s:4:\"2405\";i:463;s:4:\"2406\";i:464;s:4:\"2407\";i:465;s:4:\"2408\";i:466;s:4:\"2409\";i:467;s:4:\"2410\";i:468;s:4:\"2411\";i:469;s:4:\"2412\";i:470;s:4:\"2413\";i:471;s:4:\"2949\";i:472;s:4:\"2950\";i:473;s:4:\"2951\";i:474;s:4:\"2952\";i:475;s:4:\"2953\";i:476;s:4:\"2954\";i:477;s:4:\"2955\";i:478;s:4:\"2956\";i:479;s:4:\"2957\";i:480;s:4:\"2958\";i:481;s:4:\"2959\";i:482;s:4:\"2960\";i:483;s:4:\"3036\";i:484;s:4:\"3037\";i:485;s:4:\"3038\";i:486;s:4:\"3039\";i:487;s:4:\"3040\";i:488;s:4:\"3041\";i:489;s:4:\"3042\";i:490;s:4:\"3043\";i:491;s:4:\"3044\";i:492;s:4:\"3045\";i:493;s:4:\"3046\";i:494;s:4:\"3047\";i:495;s:4:\"3048\";i:496;s:4:\"3049\";i:497;s:4:\"3050\";i:498;s:4:\"3051\";i:499;s:4:\"3052\";i:500;s:4:\"3053\";i:501;s:4:\"3054\";i:502;s:4:\"3055\";i:503;s:4:\"3056\";i:504;s:4:\"3057\";i:505;s:4:\"3058\";i:506;s:4:\"3059\";i:507;s:4:\"3060\";i:508;s:4:\"3061\";i:509;s:4:\"3062\";i:510;s:4:\"3063\";i:511;s:4:\"3064\";i:512;s:4:\"3065\";i:513;s:4:\"3066\";i:514;s:4:\"3067\";i:515;s:4:\"3068\";i:516;s:4:\"3069\";i:517;s:4:\"3070\";i:518;s:4:\"3071\";i:519;s:4:\"3072\";i:520;s:4:\"3073\";i:521;s:4:\"3074\";i:522;s:4:\"3075\";i:523;s:4:\"3076\";i:524;s:4:\"3077\";i:525;s:4:\"3078\";i:526;s:4:\"3079\";i:527;s:4:\"3080\";i:528;s:4:\"3081\";i:529;s:4:\"3082\";i:530;s:4:\"3083\";i:531;s:4:\"3084\";i:532;s:4:\"3085\";i:533;s:4:\"3086\";i:534;s:4:\"3087\";i:535;s:4:\"3088\";i:536;s:4:\"3089\";i:537;s:4:\"3090\";i:538;s:4:\"3091\";i:539;s:4:\"3092\";i:540;s:4:\"3093\";i:541;s:4:\"3094\";i:542;s:4:\"3095\";i:543;s:4:\"3096\";i:544;s:4:\"3097\";i:545;s:4:\"3098\";i:546;s:4:\"3099\";i:547;s:4:\"3100\";i:548;s:4:\"3101\";i:549;s:4:\"3102\";i:550;s:4:\"3103\";i:551;s:4:\"3104\";i:552;s:4:\"3105\";i:553;s:4:\"3106\";i:554;s:4:\"3107\";i:555;s:4:\"3108\";i:556;s:4:\"3109\";i:557;s:4:\"3110\";i:558;s:4:\"3111\";i:559;s:4:\"3112\";i:560;s:4:\"3113\";i:561;s:4:\"3114\";i:562;s:4:\"3115\";i:563;s:4:\"3116\";i:564;s:4:\"3117\";i:565;s:4:\"3118\";i:566;s:4:\"3119\";i:567;s:4:\"3120\";i:568;s:4:\"3121\";i:569;s:4:\"3122\";i:570;s:4:\"3123\";i:571;s:4:\"3124\";i:572;s:4:\"3125\";i:573;s:4:\"3126\";i:574;s:4:\"3127\";i:575;s:4:\"3128\";i:576;s:4:\"3129\";i:577;s:4:\"3130\";i:578;s:4:\"3131\";i:579;s:4:\"3132\";i:580;s:4:\"3133\";i:581;s:4:\"3134\";i:582;s:4:\"3135\";i:583;s:4:\"3136\";i:584;s:4:\"3137\";i:585;s:4:\"3138\";i:586;s:4:\"3139\";i:587;s:4:\"3140\";i:588;s:4:\"3141\";i:589;s:4:\"3142\";i:590;s:4:\"3143\";i:591;s:4:\"3144\";i:592;s:4:\"3145\";i:593;s:4:\"3146\";i:594;s:4:\"3147\";i:595;s:4:\"3148\";i:596;s:4:\"3149\";i:597;s:4:\"3150\";i:598;s:4:\"3151\";i:599;s:4:\"3152\";i:600;s:4:\"3153\";i:601;s:4:\"3154\";i:602;s:4:\"3155\";i:603;s:4:\"3156\";i:604;s:4:\"3157\";i:605;s:4:\"3158\";}','配送区域'),(301,'stat_pricerange','a:3:{i:0;a:2:{s:1:\"s\";s:1:\"5\";s:1:\"e\";s:2:\"10\";}i:1;a:2:{s:1:\"s\";s:2:\"11\";s:1:\"e\";s:2:\"20\";}i:2;a:2:{s:1:\"s\";s:2:\"21\";s:1:\"e\";s:2:\"25\";}}','统计商品价格区间'),(302,'stat_orderpricerange','a:1:{i:0;a:2:{s:1:\"s\";s:2:\"21\";s:1:\"e\";s:2:\"30\";}}','订单金额区间'),(501,'expset','a:4:{s:9:\"login_exp\";s:3:\"151\";s:11:\"comment_exp\";s:1:\"1\";s:7:\"buy_exp\";s:1:\"1\";s:11:\"buy_exp_max\";s:2:\"50\";}','解释,备注'),(502,'exppoints_rule','a:4:{s:9:\"exp_login\";s:2:\"20\";s:12:\"exp_comments\";s:2:\"10\";s:13:\"exp_orderrate\";s:2:\"10\";s:12:\"exp_ordermax\";s:2:\"10\";}','解释,备注'),(601,'member_grade','a:4:{i:1;a:3:{s:5:\"level\";i:1;s:10:\"level_name\";s:12:\"青铜会员\";s:9:\"exppoints\";i:0;}i:2;a:3:{s:5:\"level\";i:2;s:10:\"level_name\";s:12:\"白银会员\";s:9:\"exppoints\";i:150;}i:3;a:3:{s:5:\"level\";i:3;s:10:\"level_name\";s:12:\"黄金会员\";s:9:\"exppoints\";i:200;}i:4;a:3:{s:5:\"level\";i:4;s:10:\"level_name\";s:12:\"白金会员\";s:9:\"exppoints\";i:500;}}','解释,备注'),(701,'inviter_back','inviter_back.png','会员推广背景图片'),(702,'inviter_ratio_1','30','会员一级推广佣金比例'),(703,'inviter_ratio_2','25','会员二级推广佣金比例'),(704,'inviter_ratio_3','15','会员三级推广佣金比例'),(705,'baidu_ak','22bb7221fc279a484895afcc6a0bb33a','百度地图AK密钥'),(706,'inviter_open','0','推广开关'),(707,'inviter_level','3','推广级别'),(708,'inviter_show','0','详情页显示推广佣金'),(709,'inviter_return','0','推广员返佣'),(710,'inviter_view','0','推广员审核'),(711,'inviter_condition','0','推广员条件'),(712,'inviter_condition_amount','0','成为推广员的消费门槛'),(801,'swm_quality','0','水印图片质量'),(802,'swm_image_name','0','水印文件名'),(803,'swm_image_pos','0','水印图片存放位置'),(804,'swm_image_transition','0','水印图片融合度'),(805,'swm_text','0','水印文字'),(806,'swm_text_size','0','水印文字大小'),(807,'swm_text_angle','0','水印文字角度'),(808,'swm_text_pos','0','水印文字位置'),(809,'swm_text_font','0','水印文字字体'),(810,'swm_text_color','0','水印字体颜色值'),(812,'auto_register','0','自动注册'),(813,'business_licence','business_licence.png','营业执照'),(814,'member_auth','0','实名认证'),(820,'customer_service_open','0','是否开启客服 1为开启 0为关闭'),(821,'customer_service_qq_1','','QQ客服一'),(822,'customer_service_qq_2','','QQ客服二'),(823,'customer_service_qq_3','','QQ客服三'),(824,'customer_service_ww_1','','旺旺客服三'),(825,'customer_service_ww_2','','旺旺客服三'),(826,'customer_service_ww_3','','旺旺客服三'),(830,'h5_site_url','','手机端地址'),(831,'h5_force_redirect','0','强制跳转到手机端'),(840,'member_withdraw_cycle','1','用户提现周期（天）'),(841,'member_withdraw_min','100','用户最小提现金额（元）'),(842,'member_withdraw_max','10000','用户最大提现金额（元）'),(850,'wab_number','','网安备'),(851,'word_filter_open','0','是否开启敏感词过滤'),(852,'word_filter_appid','','百度应用appid'),(853,'word_filter_secret','','百度应用secret'),(854,'word_filter_access_token','','百度应用access_token'),(855,'word_filter_access_token_expir','','百度应用access_token过期时间'),(860,'member_normal_register','1','用户普通注册（0关闭1开启）'),(861,'mapak_type','1','地图类型，1：高德地图，2：百度地图'),(862,'gaode_ak','ab78ec7dad0497b1427eff605beb3ef9','高德地图key'),(863,'gaode_jscode','—','高德地图安全密钥'),(864,'baiduservice_ak','','百度地图服务端密钥');
/*!40000 ALTER TABLE `ds_config` ENABLE KEYS */;
UNLOCK TABLES;

--
-- Table structure for table `ds_consult`
--

DROP TABLE IF EXISTS `ds_consult`;
/*!40101 SET @saved_cs_client     = @@character_set_client */;
/*!40101 SET character_set_client = utf8 */;
CREATE TABLE `ds_consult` (
  `consult_id` int(10) unsigned NOT NULL AUTO_INCREMENT COMMENT '咨询自增ID',
  `goods_id` int(11) unsigned DEFAULT '0' COMMENT '商品编号',
  `goods_name` varchar(200) NOT NULL COMMENT '商品名称',
  `member_id` int(11) NOT NULL DEFAULT '0' COMMENT '咨询发布者会员ID 0:游客',
  `member_name` varchar(100) DEFAULT NULL COMMENT '会员名称',
  `consulttype_id` int(10) unsigned NOT NULL COMMENT '咨询类型',
  `consult_content` varchar(255) DEFAULT NULL COMMENT '咨询内容',
  `consult_addtime` int(10) DEFAULT NULL COMMENT '咨询发布时间',
  `consult_reply` varchar(255) DEFAULT '' COMMENT '咨询回复内容',
  `consult_replytime` int(10) unsigned NOT NULL DEFAULT '0' COMMENT '咨询回复时间',
  `consult_isanonymous` tinyint(1) NOT NULL DEFAULT '0' COMMENT '0表示不匿名 1表示匿名',
  PRIMARY KEY (`consult_id`),
  KEY `goods_id` (`goods_id`),
  KEY `member_id` (`member_id`)
) ENGINE=InnoDB DEFAULT CHARSET=utf8 COMMENT='产品咨询表';
/*!40101 SET character_set_client = @saved_cs_client */;

--
-- Dumping data for table `ds_consult`
--

LOCK TABLES `ds_consult` WRITE;
/*!40000 ALTER TABLE `ds_consult` DISABLE KEYS */;
/*!40000 ALTER TABLE `ds_consult` ENABLE KEYS */;
UNLOCK TABLES;

--
-- Table structure for table `ds_consulttype`
--

DROP TABLE IF EXISTS `ds_consulttype`;
/*!40101 SET @saved_cs_client     = @@character_set_client */;
/*!40101 SET character_set_client = utf8 */;
CREATE TABLE `ds_consulttype` (
  `consulttype_id` int(10) unsigned NOT NULL AUTO_INCREMENT COMMENT '咨询类型ID',
  `consulttype_name` varchar(10) NOT NULL COMMENT '咨询类型名称',
  `consulttype_introduce` text NOT NULL COMMENT '咨询类型详细介绍',
  `consulttype_sort` tinyint(3) unsigned NOT NULL DEFAULT '255' COMMENT '咨询类型排序',
  PRIMARY KEY (`consulttype_id`)
) ENGINE=InnoDB AUTO_INCREMENT=5 DEFAULT CHARSET=utf8 COMMENT='咨询类型表';
/*!40101 SET character_set_client = @saved_cs_client */;

--
-- Dumping data for table `ds_consulttype`
--

LOCK TABLES `ds_consulttype` WRITE;
/*!40000 ALTER TABLE `ds_consulttype` DISABLE KEYS */;
INSERT INTO `ds_consulttype` VALUES (1,'商品咨询','后台->交易->咨询管理->咨询类型->编辑',1),(2,'支付问题','后台->交易->咨询管理->咨询类型->编辑',2),(3,'发票及保修','后台->交易->咨询管理->咨询类型->编辑',3),(4,'促销及赠品','后台->交易->咨询管理->咨询类型->编辑',4);
/*!40000 ALTER TABLE `ds_consulttype` ENABLE KEYS */;
UNLOCK TABLES;

--
-- Table structure for table `ds_cron`
--

DROP TABLE IF EXISTS `ds_cron`;
/*!40101 SET @saved_cs_client     = @@character_set_client */;
/*!40101 SET character_set_client = utf8 */;
CREATE TABLE `ds_cron` (
  `cron_id` int(10) unsigned NOT NULL AUTO_INCREMENT COMMENT '执行自增ID',
  `cron_type` varchar(255) NOT NULL COMMENT '任务类型',
  `cron_value` text NOT NULL COMMENT '关联任务的值',
  `cron_exetime` int(11) unsigned NOT NULL DEFAULT '0' COMMENT '执行时间',
  PRIMARY KEY (`cron_id`),
  KEY `cron_type` (`cron_type`)
) ENGINE=InnoDB AUTO_INCREMENT=24 DEFAULT CHARSET=utf8 COMMENT='任务队列表';
/*!40101 SET character_set_client = @saved_cs_client */;

--
-- Dumping data for table `ds_cron`
--

LOCK TABLES `ds_cron` WRITE;
/*!40000 ALTER TABLE `ds_cron` DISABLE KEYS */;
INSERT INTO `ds_cron` VALUES (1,'updateGoodsPromotionPriceByGoodsCommonId','i:119;',1686036362),(2,'updateGoodsPromotionPriceByGoodsCommonId','i:119;',1686036383),(3,'updateGoodsPromotionPriceByGoodsCommonId','i:119;',1686036681),(4,'updateGoodsPromotionPriceByGoodsCommonId','i:125;',1686059173),(5,'updateGoodsPromotionPriceByGoodsCommonId','i:126;',1686060073),(6,'addExppoint','a:2:{s:9:\"member_id\";i:3;s:11:\"member_name\";s:9:\"544238118\";}',1686100339),(7,'updateGoodsPromotionPriceByGoodsCommonId','i:147;',1686103405),(8,'addExppoint','a:2:{s:9:\"member_id\";i:2;s:11:\"member_name\";s:4:\"test\";}',1686107804),(9,'addExppoint','a:2:{s:9:\"member_id\";i:2;s:11:\"member_name\";s:4:\"test\";}',1686281009),(10,'updateGoodsPromotionPriceByGoodsCommonId','i:156;',1686281100),(11,'addExppoint','a:2:{s:9:\"member_id\";i:3;s:11:\"member_name\";s:9:\"544238118\";}',1686310773),(12,'delOrderCountCache','a:1:{s:8:\"buyer_id\";i:6;}',1686367473),(13,'delOrderCountCache','a:1:{s:8:\"buyer_id\";i:6;}',1686367585),(14,'addExppoint','a:2:{s:9:\"member_id\";i:3;s:11:\"member_name\";s:9:\"544238118\";}',1686372085),(15,'addExppoint','a:2:{s:9:\"member_id\";i:2;s:11:\"member_name\";s:4:\"test\";}',1686375739),(16,'delOrderCountCache','a:1:{s:8:\"buyer_id\";i:2;}',1686375772),(17,'delOrderCountCache','a:1:{s:8:\"buyer_id\";i:2;}',1686375773),(18,'delOrderCountCache','a:1:{s:8:\"buyer_id\";i:7;}',1686549216),(19,'addExppoint','a:2:{s:9:\"member_id\";i:5;s:11:\"member_name\";s:5:\"11111\";}',1686555380),(20,'delOrderCountCache','a:1:{s:8:\"buyer_id\";i:5;}',1686555399),(21,'delOrderCountCache','a:1:{s:8:\"buyer_id\";i:5;}',1686555409),(22,'delOrderCountCache','a:1:{s:8:\"buyer_id\";i:5;}',1686555422),(23,'addExppoint','a:2:{s:9:\"member_id\";i:3;s:11:\"member_name\";s:9:\"544238118\";}',1686739940);
/*!40000 ALTER TABLE `ds_cron` ENABLE KEYS */;
UNLOCK TABLES;

--
-- Table structure for table `ds_daddress`
--

DROP TABLE IF EXISTS `ds_daddress`;
/*!40101 SET @saved_cs_client     = @@character_set_client */;
/*!40101 SET character_set_client = utf8 */;
CREATE TABLE `ds_daddress` (
  `daddress_id` mediumint(10) unsigned NOT NULL AUTO_INCREMENT COMMENT '发货地址ID',
  `seller_name` varchar(50) NOT NULL DEFAULT '' COMMENT '联系人',
  `city_id` mediumint(9) DEFAULT NULL COMMENT '市级ID',
  `area_id` mediumint(10) unsigned NOT NULL DEFAULT '0' COMMENT '地区ID',
  `area_info` varchar(100) DEFAULT NULL COMMENT '省市县',
  `daddress_detail` varchar(100) NOT NULL COMMENT '发货地址',
  `daddress_telphone` varchar(40) DEFAULT NULL COMMENT '发货电话',
  `daddress_company` varchar(50) NOT NULL COMMENT '发货公司',
  `daddress_isdefault` enum('0','1') NOT NULL DEFAULT '0' COMMENT '是否默认 1:是0:不是',
  PRIMARY KEY (`daddress_id`)
) ENGINE=InnoDB DEFAULT CHARSET=utf8 COMMENT='平台发货地址信息表';
/*!40101 SET character_set_client = @saved_cs_client */;

--
-- Dumping data for table `ds_daddress`
--

LOCK TABLES `ds_daddress` WRITE;
/*!40000 ALTER TABLE `ds_daddress` DISABLE KEYS */;
/*!40000 ALTER TABLE `ds_daddress` ENABLE KEYS */;
UNLOCK TABLES;

--
-- Table structure for table `ds_document`
--

DROP TABLE IF EXISTS `ds_document`;
/*!40101 SET @saved_cs_client     = @@character_set_client */;
/*!40101 SET character_set_client = utf8 */;
CREATE TABLE `ds_document` (
  `document_id` mediumint(11) NOT NULL AUTO_INCREMENT COMMENT '系统文章自增ID',
  `document_code` varchar(255) NOT NULL COMMENT '调用标识码',
  `document_title` varchar(255) NOT NULL COMMENT '系统文章标题',
  `document_content` text NOT NULL COMMENT '系统文章内容',
  `document_time` int(10) unsigned NOT NULL COMMENT '添加时间/修改时间',
  PRIMARY KEY (`document_id`),
  UNIQUE KEY `document_code` (`document_code`)
) ENGINE=InnoDB AUTO_INCREMENT=3 DEFAULT CHARSET=utf8 COMMENT='系统文章表';
/*!40101 SET character_set_client = @saved_cs_client */;

--
-- Dumping data for table `ds_document`
--

LOCK TABLES `ds_document` WRITE;
/*!40000 ALTER TABLE `ds_document` DISABLE KEYS */;
INSERT INTO `ds_document` VALUES (1,'agreement','用户服务协议','&lt;p&gt;&lt;span style=&quot;font-family: 宋体, SimSun; color: rgb(102, 102, 102); font-size: 12px; background-color: rgb(255, 255, 255);&quot;&gt;本协议是您与网站所有者（以下简称为&amp;quot;商城&amp;quot;）之间就商城网站服务等相关事宜所订立的契约，请您仔细阅读本注册协议，您点击&amp;quot;同意并继续&amp;quot;按钮后，本协议即构成对双方有约束力的法律文件。&lt;/span&gt;&lt;br/&gt;&lt;br/&gt;&lt;span style=&quot;font-family: 宋体, SimSun; color: rgb(102, 102, 102); font-size: 12px; background-color: rgb(255, 255, 255);&quot;&gt;第1条 本站服务条款的确认和接纳&lt;/span&gt;&lt;br/&gt;&lt;br/&gt;&lt;span style=&quot;font-family: 宋体, SimSun; color: rgb(102, 102, 102); font-size: 12px; background-color: rgb(255, 255, 255);&quot;&gt;1.1本站的各项电子服务的所有权和运作权归商城所有。用户同意所有注册协议条款并完成注册程序，才能成为本站的正式用户。用户确认：本协议条款是处理双方权利义务的契约，始终有效，法律另有强制性规定或双方另有特别约定的，依其规定。&lt;/span&gt;&lt;br/&gt;&lt;br/&gt;&lt;span style=&quot;font-family: 宋体, SimSun; color: rgb(102, 102, 102); font-size: 12px; background-color: rgb(255, 255, 255);&quot;&gt;1.2用户点击同意本协议的，即视为用户确认自己具有享受本站服务、下单购物等相应的权利能力和行为能力，能够独立承担法律责任。&lt;/span&gt;&lt;br/&gt;&lt;br/&gt;&lt;span style=&quot;font-family: 宋体, SimSun; color: rgb(102, 102, 102); font-size: 12px; background-color: rgb(255, 255, 255);&quot;&gt;1.3如果您在18周岁以下，您只能在父母或监护人的监护参与下才能使用本站。&lt;/span&gt;&lt;br/&gt;&lt;br/&gt;&lt;span style=&quot;font-family: 宋体, SimSun; color: rgb(102, 102, 102); font-size: 12px; background-color: rgb(255, 255, 255);&quot;&gt;1.4商城保留在中华人民共和国大陆地区法施行之法律允许的范围内独自决定拒绝服务、关闭用户账户、清除或编辑内容或取消订单的权利。&lt;/span&gt;&lt;br/&gt;&lt;br/&gt;&lt;span style=&quot;font-family: 宋体, SimSun; color: rgb(102, 102, 102); font-size: 12px; background-color: rgb(255, 255, 255);&quot;&gt;第2条 本站服务&lt;/span&gt;&lt;br/&gt;&lt;br/&gt;&lt;span style=&quot;font-family: 宋体, SimSun; color: rgb(102, 102, 102); font-size: 12px; background-color: rgb(255, 255, 255);&quot;&gt;2.1商城通过互联网依法为用户提供互联网信息等服务，用户在完全同意本协议及本站规定的情况下，方有权使用本站的相关服务。&lt;/span&gt;&lt;br/&gt;&lt;br/&gt;&lt;span style=&quot;font-family: 宋体, SimSun; color: rgb(102, 102, 102); font-size: 12px; background-color: rgb(255, 255, 255);&quot;&gt;2.2用户必须自行准备如下设备和承担如下开支：（1）上网设备，包括并不限于电脑或者其他上网终端、调制解调器及其他必备的上网装置；（2）上网开支，包括并不限于网络接入费、上网设备租用费、手机流量费等。&lt;/span&gt;&lt;br/&gt;&lt;br/&gt;&lt;span style=&quot;font-family: 宋体, SimSun; color: rgb(102, 102, 102); font-size: 12px; background-color: rgb(255, 255, 255);&quot;&gt;第3条 用户信息&lt;/span&gt;&lt;br/&gt;&lt;br/&gt;&lt;span style=&quot;font-family: 宋体, SimSun; color: rgb(102, 102, 102); font-size: 12px; background-color: rgb(255, 255, 255);&quot;&gt;3.1用户应自行诚信向本站提供注册资料，用户同意其提供的注册资料真实、准确、完整、合法有效，用户注册资料如有变动的，应及时更新其注册资料。如果用户提供的注册资料不合法、不真实、不准确、不详尽的，用户需承担因此引起的相应责任及后果，并且商城保留终止用户使用商城各项服务的权利。&lt;/span&gt;&lt;br/&gt;&lt;br/&gt;&lt;span style=&quot;font-family: 宋体, SimSun; color: rgb(102, 102, 102); font-size: 12px; background-color: rgb(255, 255, 255);&quot;&gt;3.2用户在本站进行浏览、下单购物等活动时，涉及用户真实姓名/名称、通信地址、联系电话、电子邮箱等隐私信息的，本站将予以严格保密，除非得到用户的授权或法律另有规定，本站不会向外界披露用户隐私信息。&lt;/span&gt;&lt;br/&gt;&lt;br/&gt;&lt;span style=&quot;font-family: 宋体, SimSun; color: rgb(102, 102, 102); font-size: 12px; background-color: rgb(255, 255, 255);&quot;&gt;3.3用户注册成功后，将产生用户名和密码等账户信息，您可以根据本站规定改变您的密码。用户应谨慎合理的保存、使用其用户名和密码。用户若发现任何非法使用用户账号或存在安全漏洞的情况，请立即通知本站并向公安机关报案。&lt;/span&gt;&lt;br/&gt;&lt;br/&gt;&lt;span style=&quot;font-family: 宋体, SimSun; color: rgb(102, 102, 102); font-size: 12px; background-color: rgb(255, 255, 255);&quot;&gt;3.4用户同意，商城拥有通过邮件、短信电话等形式，向在本站注册、购物用户、收货人发送订单信息、促销活动等告知信息的权利。&lt;/span&gt;&lt;br/&gt;&lt;br/&gt;&lt;span style=&quot;font-family: 宋体, SimSun; color: rgb(102, 102, 102); font-size: 12px; background-color: rgb(255, 255, 255);&quot;&gt;3.5用户不得将在本站注册获得的账户借给他人使用，否则用户应承担由此产生的全部责任，并与实际使用人承担连带责任。&lt;/span&gt;&lt;br/&gt;&lt;br/&gt;&lt;span style=&quot;font-family: 宋体, SimSun; color: rgb(102, 102, 102); font-size: 12px; background-color: rgb(255, 255, 255);&quot;&gt;3.6用户同意，商城有权使用用户的注册信息、用户名、密码等信息，登录进入用户的注册账户，进行证据保全，包括但不限于公证、见证等。&lt;/span&gt;&lt;br/&gt;&lt;br/&gt;&lt;span style=&quot;font-family: 宋体, SimSun; color: rgb(102, 102, 102); font-size: 12px; background-color: rgb(255, 255, 255);&quot;&gt;第4条 用户依法言行义务&lt;/span&gt;&lt;br/&gt;&lt;br/&gt;&lt;span style=&quot;font-family: 宋体, SimSun; color: rgb(102, 102, 102); font-size: 12px; background-color: rgb(255, 255, 255);&quot;&gt;本协议依据国家相关法律法规规章制定，用户同意严格遵守以下义务：&lt;/span&gt;&lt;br/&gt;&lt;br/&gt;&lt;span style=&quot;font-family: 宋体, SimSun; color: rgb(102, 102, 102); font-size: 12px; background-color: rgb(255, 255, 255);&quot;&gt;（1）不得传输或发表：煽动抗拒、破坏宪法和法律、行政法规实施的言论，煽动颠覆国家政权，推翻社会主义制度的言论，煽动分裂国家、破坏国家统一的的言论，煽动民族仇恨、民族歧视、破坏民族团结的言论；&lt;/span&gt;&lt;br/&gt;&lt;br/&gt;&lt;span style=&quot;font-family: 宋体, SimSun; color: rgb(102, 102, 102); font-size: 12px; background-color: rgb(255, 255, 255);&quot;&gt;（2）从中国大陆向境外传输资料信息时必须符合中国有关法规；&lt;/span&gt;&lt;br/&gt;&lt;br/&gt;&lt;span style=&quot;font-family: 宋体, SimSun; color: rgb(102, 102, 102); font-size: 12px; background-color: rgb(255, 255, 255);&quot;&gt;（3）不得利用本站从事洗钱、窃取商业秘密、窃取个人信息等违法犯罪活动；&lt;/span&gt;&lt;br/&gt;&lt;br/&gt;&lt;span style=&quot;font-family: 宋体, SimSun; color: rgb(102, 102, 102); font-size: 12px; background-color: rgb(255, 255, 255);&quot;&gt;（4）不得干扰本站的正常运转，不得侵入本站及国家计算机信息系统；&lt;/span&gt;&lt;br/&gt;&lt;br/&gt;&lt;span style=&quot;font-family: 宋体, SimSun; color: rgb(102, 102, 102); font-size: 12px; background-color: rgb(255, 255, 255);&quot;&gt;（5）不得传输或发表任何违法犯罪的、骚扰性的、中伤他人的、辱骂性的、恐吓性的、伤害性的、庸俗的，淫秽的、不文明的等信息资料；&lt;/span&gt;&lt;br/&gt;&lt;br/&gt;&lt;span style=&quot;font-family: 宋体, SimSun; color: rgb(102, 102, 102); font-size: 12px; background-color: rgb(255, 255, 255);&quot;&gt;（6）不得传输或发表损害国家社会公共利益和涉及国家安全的信息资料或言论；&lt;/span&gt;&lt;br/&gt;&lt;br/&gt;&lt;span style=&quot;font-family: 宋体, SimSun; color: rgb(102, 102, 102); font-size: 12px; background-color: rgb(255, 255, 255);&quot;&gt;（7）不得教唆他人从事本条所禁止的行为；&lt;/span&gt;&lt;br/&gt;&lt;br/&gt;&lt;span style=&quot;font-family: 宋体, SimSun; color: rgb(102, 102, 102); font-size: 12px; background-color: rgb(255, 255, 255);&quot;&gt;（8）不得利用在本站注册的账户进行牟利性经营活动；&lt;/span&gt;&lt;br/&gt;&lt;br/&gt;&lt;span style=&quot;font-family: 宋体, SimSun; color: rgb(102, 102, 102); font-size: 12px; background-color: rgb(255, 255, 255);&quot;&gt;（9）不得发布任何侵犯他人著作权、商标权等知识产权或合法权利的内容；&lt;/span&gt;&lt;br/&gt;&lt;br/&gt;&lt;span style=&quot;font-family: 宋体, SimSun; color: rgb(102, 102, 102); font-size: 12px; background-color: rgb(255, 255, 255);&quot;&gt;用户应不时关注并遵守本站不时公布或修改的各类合法规则规定。&lt;/span&gt;&lt;br/&gt;&lt;br/&gt;&lt;span style=&quot;font-family: 宋体, SimSun; color: rgb(102, 102, 102); font-size: 12px; background-color: rgb(255, 255, 255);&quot;&gt;本站保有删除站内各类不符合法律政策或不真实的信息内容而无须通知用户的权利。&lt;/span&gt;&lt;br/&gt;&lt;br/&gt;&lt;span style=&quot;font-family: 宋体, SimSun; color: rgb(102, 102, 102); font-size: 12px; background-color: rgb(255, 255, 255);&quot;&gt;若用户未遵守以上规定的，本站有权作出独立判断并采取暂停或关闭用户帐号等措施。用户须对自己在网上的言论和行为承担法律责任。&lt;/span&gt;&lt;br/&gt;&lt;br/&gt;&lt;span style=&quot;font-family: 宋体, SimSun; color: rgb(102, 102, 102); font-size: 12px; background-color: rgb(255, 255, 255);&quot;&gt;第5条 商品信息&lt;/span&gt;&lt;br/&gt;&lt;br/&gt;&lt;span style=&quot;font-family: 宋体, SimSun; color: rgb(102, 102, 102); font-size: 12px; background-color: rgb(255, 255, 255);&quot;&gt;本站上的商品价格、数量、是否有货等商品信息随时都有可能发生变动，本站不作特别通知。由于网站上商品信息的数量极其庞大，虽然本站会尽最大努力保证您所浏览商品信息的准确性，但由于众所周知的互联网技术因素等客观原因存在，本站网页显示的信息可能会有一定的滞后性或差错，对此情形您知悉并理解；商城欢迎纠错，并会视情况给予纠错者一定的奖励。&lt;/span&gt;&lt;br/&gt;&lt;br/&gt;&lt;span style=&quot;font-family: 宋体, SimSun; color: rgb(102, 102, 102); font-size: 12px; background-color: rgb(255, 255, 255);&quot;&gt;为表述便利，商品和服务简称为&amp;quot;商品&amp;quot;或&amp;quot;货物&amp;quot;。&lt;/span&gt;&lt;br/&gt;&lt;br/&gt;&lt;span style=&quot;font-family: 宋体, SimSun; color: rgb(102, 102, 102); font-size: 12px; background-color: rgb(255, 255, 255);&quot;&gt;第6条 订单&lt;/span&gt;&lt;br/&gt;&lt;br/&gt;&lt;span style=&quot;font-family: 宋体, SimSun; color: rgb(102, 102, 102); font-size: 12px; background-color: rgb(255, 255, 255);&quot;&gt;6.1在您下订单时，请您仔细确认所购商品的名称、价格、数量、型号、规格、尺寸、联系地址、电话、收货人等信息。收货人与用户本人不一致的，收货人的行为和意思表示视为用户的行为和意思表示，用户应对收货人的行为及意思表示的法律后果承担连带责任。&lt;/span&gt;&lt;br/&gt;&lt;br/&gt;&lt;span style=&quot;font-family: 宋体, SimSun; color: rgb(102, 102, 102); font-size: 12px; background-color: rgb(255, 255, 255);&quot;&gt;6.2除法律另有强制性规定外，双方约定如下：本站上销售方展示的商品和价格等信息仅仅是交易信息的发布，您下单时须填写您希望购买的商品数量、价款及支付方式、收货人、联系方式、收货地址等内容；系统生成的订单信息是计算机信息系统根据您填写的内容自动生成的数据，仅是您向销售方发出的交易诉求；销售方收到您的订单信息后，只有在销售方将您在订单中订购的商品从仓库实际直接向您发出时（ 以商品出库为标志），方视为您与销售方之间就实际直接向您发出的商品建立了交易关系；如果您在一份订单里订购了多种商品并且销售方只给您发出了部分商品时，您与销售方之间仅就实际直接向您发出的商品建立了交易关系；只有在销售方实际直接向您发出了订单中订购的其他商品时，您和销售方之间就订单中该其他已实际直接向您发出的商品才成立交易关系。您可以随时登录您在本站注册的账户，查询您的订单状态。&lt;/span&gt;&lt;br/&gt;&lt;br/&gt;&lt;span style=&quot;font-family: 宋体, SimSun; color: rgb(102, 102, 102); font-size: 12px; background-color: rgb(255, 255, 255);&quot;&gt;6.3由于市场变化及各种以合理商业努力难以控制的因素的影响，本站无法保证您提交的订单信息中希望购买的商品都会有货；如您拟购买的商品，发生缺货，您有权取消订单。&lt;/span&gt;&lt;br/&gt;&lt;br/&gt;&lt;span style=&quot;font-family: 宋体, SimSun; color: rgb(102, 102, 102); font-size: 12px; background-color: rgb(255, 255, 255);&quot;&gt;第7条 配送&lt;/span&gt;&lt;br/&gt;&lt;br/&gt;&lt;span style=&quot;font-family: 宋体, SimSun; color: rgb(102, 102, 102); font-size: 12px; background-color: rgb(255, 255, 255);&quot;&gt;7.1销售方将会把商品（货物）送到您所指定的收货地址，所有在本站上列出的送货时间为参考时间，参考时间的计算是根据库存状况、正常的处理过程和送货时间、送货地点的基础上估计得出的。&lt;/span&gt;&lt;br/&gt;&lt;br/&gt;&lt;span style=&quot;font-family: 宋体, SimSun; color: rgb(102, 102, 102); font-size: 12px; background-color: rgb(255, 255, 255);&quot;&gt;7.2因如下情况造成订单延迟或无法配送等，销售方不承担延迟配送的责任：&lt;/span&gt;&lt;br/&gt;&lt;br/&gt;&lt;span style=&quot;font-family: 宋体, SimSun; color: rgb(102, 102, 102); font-size: 12px; background-color: rgb(255, 255, 255);&quot;&gt;（1）用户提供的信息错误、地址不详细等原因导致的；&lt;/span&gt;&lt;br/&gt;&lt;br/&gt;&lt;span style=&quot;font-family: 宋体, SimSun; color: rgb(102, 102, 102); font-size: 12px; background-color: rgb(255, 255, 255);&quot;&gt;（2）货物送达后无人签收，导致无法配送或延迟配送的；&lt;/span&gt;&lt;br/&gt;&lt;br/&gt;&lt;span style=&quot;font-family: 宋体, SimSun; color: rgb(102, 102, 102); font-size: 12px; background-color: rgb(255, 255, 255);&quot;&gt;（3）情势变更因素导致的；&lt;/span&gt;&lt;br/&gt;&lt;br/&gt;&lt;span style=&quot;font-family: 宋体, SimSun; color: rgb(102, 102, 102); font-size: 12px; background-color: rgb(255, 255, 255);&quot;&gt;（4）不可抗力因素导致的，例如：自然灾害、交通戒严、突发战争等。&lt;/span&gt;&lt;br/&gt;&lt;br/&gt;&lt;span style=&quot;font-family: 宋体, SimSun; color: rgb(102, 102, 102); font-size: 12px; background-color: rgb(255, 255, 255);&quot;&gt;第8条 所有权及知识产权条款&lt;/span&gt;&lt;br/&gt;&lt;br/&gt;&lt;span style=&quot;font-family: 宋体, SimSun; color: rgb(102, 102, 102); font-size: 12px; background-color: rgb(255, 255, 255);&quot;&gt;8.1用户一旦接受本协议，即表明该用户主动将其在任何时间段在本站发表的任何形式的信息内容（包括但不限于客户评价、客户咨询、各类话题文章等信息内容）的财产性权利等任何可转让的权利，如著作权财产权（包括并不限于：复制权、发行权、出租权、展览权、表演权、放映权、广播权、信息网络传播权、摄制权、改编权、翻译权、汇编权以及应当由著作权人享有的其他可转让权利），全部独家且不可撤销地转让给商城所有，用户同意商城有权就任何主体侵权而单独提起诉讼。&lt;/span&gt;&lt;br/&gt;&lt;br/&gt;&lt;span style=&quot;font-family: 宋体, SimSun; color: rgb(102, 102, 102); font-size: 12px; background-color: rgb(255, 255, 255);&quot;&gt;8.2本协议已经构成《中华人民共和国著作权法》第二十五条（条文序号依照2011年版著作权法确定）及相关法律规定的著作财产权等权利转让书面协议，其效力及于用户在商城网站上发布的任何受著作权法保护的作品内容，无论该等内容形成于本协议订立前还是本协议订立后。&lt;/span&gt;&lt;br/&gt;&lt;br/&gt;&lt;span style=&quot;font-family: 宋体, SimSun; color: rgb(102, 102, 102); font-size: 12px; background-color: rgb(255, 255, 255);&quot;&gt;8.3用户同意并已充分了解本协议的条款，承诺不将已发表于本站的信息，以任何形式发布或授权其它主体以任何方式使用（包括但不限于在各类网站、媒体上使用）。&lt;/span&gt;&lt;br/&gt;&lt;br/&gt;&lt;span style=&quot;font-family: 宋体, SimSun; color: rgb(102, 102, 102); font-size: 12px; background-color: rgb(255, 255, 255);&quot;&gt;8.4商城是本站的制作者,拥有此网站内容及资源的著作权等合法权利,受国家法律保护,有权不时地对本协议及本站的内容进行修改，并在本站张贴，无须另行通知用户。在法律允许的最大限度范围内，商城对本协议及本站内容拥有解释权。&lt;/span&gt;&lt;br/&gt;&lt;br/&gt;&lt;span style=&quot;font-family: 宋体, SimSun; color: rgb(102, 102, 102); font-size: 12px; background-color: rgb(255, 255, 255);&quot;&gt;8.5除法律另有强制性规定外，未经商城明确的特别书面许可,任何单位或个人不得以任何方式非法地全部或部分复制、转载、引用、链接、抓取或以其他方式使用本站的信息内容，否则，商城有权追究其法律责任。&lt;/span&gt;&lt;br/&gt;&lt;br/&gt;&lt;span style=&quot;font-family: 宋体, SimSun; color: rgb(102, 102, 102); font-size: 12px; background-color: rgb(255, 255, 255);&quot;&gt;8.6本站所刊登的资料信息（诸如文字、图表、标识、按钮图标、图像、声音文件片段、数字下载、数据编辑和软件），均是商城或其内容提供者的财产，受中国和国际版权法的保护。本站上所有内容的汇编是商城的排他财产，受中国和国际版权法的保护。本站上所有软件都是商城或其关联公司或其软件供应商的财产，受中国和国际版权法的保护。&lt;/span&gt;&lt;br/&gt;&lt;br/&gt;&lt;span style=&quot;font-family: 宋体, SimSun; color: rgb(102, 102, 102); font-size: 12px; background-color: rgb(255, 255, 255);&quot;&gt;第9条 责任限制及不承诺担保&lt;/span&gt;&lt;br/&gt;&lt;br/&gt;&lt;span style=&quot;font-family: 宋体, SimSun; color: rgb(102, 102, 102); font-size: 12px; background-color: rgb(255, 255, 255);&quot;&gt;除非另有明确的书面说明,本站及其所包含的或以其它方式通过本站提供给您的全部信息、内容、材料、产品（包括软件）和服务，均是在&amp;quot;按现状&amp;quot;和&amp;quot;按现有&amp;quot;的基础上提供的。&lt;/span&gt;&lt;br/&gt;&lt;br/&gt;&lt;span style=&quot;font-family: 宋体, SimSun; color: rgb(102, 102, 102); font-size: 12px; background-color: rgb(255, 255, 255);&quot;&gt;除非另有明确的书面说明,商城不对本站的运营及其包含在本网站上的信息、内容、材料、产品（包括软件）或服务作任何形式的、明示或默示的声明或担保（根据中华人民共和国法律另有规定的以外）。&lt;/span&gt;&lt;br/&gt;&lt;br/&gt;&lt;span style=&quot;font-family: 宋体, SimSun; color: rgb(102, 102, 102); font-size: 12px; background-color: rgb(255, 255, 255);&quot;&gt;商城不担保本站所包含的或以其它方式通过本站提供给您的全部信息、内容、材料、产品（包括软件）和服务、其服务器或从本站发出的电子信件、信息没有病毒或其他有害成分。&lt;/span&gt;&lt;br/&gt;&lt;br/&gt;&lt;span style=&quot;font-family: 宋体, SimSun; color: rgb(102, 102, 102); font-size: 12px; background-color: rgb(255, 255, 255);&quot;&gt;如因不可抗力或其它本站无法控制的原因使本站销售系统崩溃或无法正常使用导致网上交易无法完成或丢失有关的信息、记录等，商城会合理地尽力协助处理善后事宜。&lt;/span&gt;&lt;br/&gt;&lt;br/&gt;&lt;span style=&quot;font-family: 宋体, SimSun; color: rgb(102, 102, 102); font-size: 12px; background-color: rgb(255, 255, 255);&quot;&gt;第10条 协议更新及用户关注义务&lt;/span&gt;&lt;br/&gt;&lt;br/&gt;&lt;span style=&quot;font-family: 宋体, SimSun; color: rgb(102, 102, 102); font-size: 12px; background-color: rgb(255, 255, 255);&quot;&gt;根据国家法律法规变化及网站运营需要，商城有权对本协议条款不时地进行修改，修改后的协议一旦被张贴在本站上即生效，并代替原来的协议。用户可随时登录查阅最新协议；用户有义务不时关注并阅读最新版的协议及网站公告。如用户不同意更新后的协议，可以且应立即停止接受商城网站依据本协议提供的服务；如用户继续使用本网站提供的服务的，即视为同意更新后的协议。商城建议您在使用本站之前阅读本协议及本站的公告。 如果本协议中任何一条被视为废止、无效或因任何理由不可执行，该条应视为可分的且并不影响任何其余条款的有效性和可执行性。&lt;/span&gt;&lt;br/&gt;&lt;br/&gt;&lt;span style=&quot;font-family: 宋体, SimSun; color: rgb(102, 102, 102); font-size: 12px; background-color: rgb(255, 255, 255);&quot;&gt;第11条 法律管辖和适用&lt;/span&gt;&lt;br/&gt;&lt;br/&gt;&lt;span style=&quot;font-family: 宋体, SimSun; color: rgb(102, 102, 102); font-size: 12px; background-color: rgb(255, 255, 255);&quot;&gt;本协议的订立、执行和解释及争议的解决均应适用在中华人民共和国大陆地区适用之有效法律（但不包括其冲突法规则）。 如发生本协议与适用之法律相抵触时，则这些条款将完全按法律规定重新解释，而其它有效条款继续有效。 如缔约方就本协议内容或其执行发生任何争议，双方应尽力友好协商解决；协商不成时，任何一方均可向有管辖权的中华人民共和国大陆地区法院提起诉讼。&lt;/span&gt;&lt;br/&gt;&lt;br/&gt;&lt;span style=&quot;font-family: 宋体, SimSun; color: rgb(102, 102, 102); font-size: 12px; background-color: rgb(255, 255, 255);&quot;&gt;第12条 其他&lt;/span&gt;&lt;br/&gt;&lt;br/&gt;&lt;span style=&quot;font-family: 宋体, SimSun; color: rgb(102, 102, 102); font-size: 12px; background-color: rgb(255, 255, 255);&quot;&gt;12.1商城网站所有者是指在政府部门依法许可或备案的商城网站经营主体。&lt;/span&gt;&lt;br/&gt;&lt;br/&gt;&lt;span style=&quot;font-family: 宋体, SimSun; color: rgb(102, 102, 102); font-size: 12px; background-color: rgb(255, 255, 255);&quot;&gt;12.2商城尊重用户和消费者的合法权利，本协议及本网站上发布的各类规则、声明等其他内容，均是为了更好的、更加便利的为用户和消费者提供服务。本站欢迎用户和社会各界提出意见和建议，商城将虚心接受并适时修改本协议及本站上的各类规则。&lt;/span&gt;&lt;br/&gt;&lt;br/&gt;&lt;span style=&quot;font-family: 宋体, SimSun; color: rgb(102, 102, 102); font-size: 12px; background-color: rgb(255, 255, 255);&quot;&gt;12.3本协议内容中以黑体、加粗、下划线、斜体等方式显著标识的条款，请用户着重阅读。&lt;/span&gt;&lt;br/&gt;&lt;br/&gt;&lt;span style=&quot;font-family: 宋体, SimSun; color: rgb(102, 102, 102); font-size: 12px; background-color: rgb(255, 255, 255);&quot;&gt;12.4您点击本协议下方的&amp;quot;同意并继续&amp;quot;按钮即视为您完全接受本协议，在点击之前请您再次确认已知悉并完全理解本协议的全部内容。&lt;/span&gt;&lt;/p&gt;',1435672310),(2,'groupbuy','抢购活动协议','&lt;p style=&quot;margin-top:0;margin-right:0;margin-bottom:0;margin-left:0;padding:0 0 0 0 ;background:rgb(255,255,255)&quot;&gt;&lt;span style=&quot;font-family: 宋体;color: rgb(94, 94, 94);font-size: 12px&quot;&gt;在您报名参加科创未来平台推广活动之前，请您仔细阅读本协议的全部内容。如果您对本协议的条款有疑问，请通过科创未来客服渠道进行询问，我们将向您解释条款内容。如果您不同意本协议的任何内容，或者无法准确理解&lt;/span&gt;&lt;span style=&quot;font-family: 宋体;color: rgb(94, 94, 94);font-size: 12px&quot;&gt;科创未来&lt;/span&gt;&lt;span style=&quot;font-family: 宋体;color: rgb(94, 94, 94);font-size: 12px&quot;&gt;&lt;span style=&quot;font-family:宋体&quot;&gt;对条款的解释，请不要点选&lt;/span&gt;&lt;span style=&quot;font-family:宋体&quot;&gt;“接受/同意”，也不要参与&lt;/span&gt;&lt;/span&gt;&lt;span style=&quot;font-family: 宋体;color: rgb(94, 94, 94);font-size: 12px&quot;&gt;科创未来&lt;/span&gt;&lt;span style=&quot;font-family: 宋体;color: rgb(94, 94, 94);font-size: 12px&quot;&gt;平台推广活动。&lt;/span&gt;&lt;span style=&quot;font-family: 宋体;color: rgb(94, 94, 94);font-size: 12px&quot;&gt;&lt;br/&gt;&lt;/span&gt;&lt;span style=&quot;font-family: 宋体;color: rgb(94, 94, 94);font-size: 12px&quot;&gt;&lt;span style=&quot;font-family:宋体&quot;&gt;本协议内容包括协议正文及所有科创未来已经发布或将来可能发布的各类规则。所有规则为协议不可分割的一部分，与协议正文具有同等法律效力。以任何方式进入科创未来网站并使用服务即表示您已充分阅读、理解并同意接受本协议的条款和条件&lt;/span&gt;&lt;span style=&quot;font-family:宋体&quot;&gt;(以下合称“条款”)。&amp;nbsp;科创未来有权根据业务需要，在不违反国家有关法律法规的前提下修订“条款”，并以网站公告的形式进行公示，不再单独通知您。经修订的“条款”一经在&lt;/span&gt;&lt;/span&gt;&lt;span style=&quot;font-family: 宋体;color: rgb(94, 94, 94);font-size: 12px&quot;&gt;科创未来&lt;/span&gt;&lt;span style=&quot;font-family: 宋体;color: rgb(94, 94, 94);font-size: 12px&quot;&gt;&lt;span style=&quot;font-family:宋体&quot;&gt;网站公布，即产生效力。如您不同意相关修订，请您立即停止使用&lt;/span&gt;&lt;span style=&quot;font-family:宋体&quot;&gt;“服务”。如您继续使用“服务”，则将视为您已接受经修订的“条款”，当您与科创未来发生争议时，应以最新的“条款”为准。&lt;/span&gt;&lt;/span&gt;&lt;span style=&quot;font-family: 宋体;color: rgb(94, 94, 94);font-size: 12px&quot;&gt;&lt;br/&gt;&lt;/span&gt;&lt;span style=&quot;font-family: 宋体;color: rgb(94, 94, 94);font-size: 12px&quot;&gt;&lt;span style=&quot;font-family:宋体&quot;&gt;在本协议中，&lt;/span&gt;&lt;span style=&quot;font-family:宋体&quot;&gt;“科创未来”指科创未来平台及其关联公司，“商家”指您，即申请人。&lt;/span&gt;&lt;/span&gt;&lt;span style=&quot;font-family: 宋体;color: rgb(94, 94, 94);font-size: 12px&quot;&gt;&lt;br/&gt;&lt;/span&gt;&lt;span style=&quot;font-family: 宋体;color: rgb(94, 94, 94);font-size: 12px&quot;&gt;&amp;nbsp; &amp;nbsp; &amp;nbsp; &amp;nbsp;&lt;/span&gt;&lt;/p&gt;&lt;p style=&quot;margin-top:0;margin-right:0;margin-bottom:0;margin-left:0;padding:0 0 0 0 ;background:rgb(255,255,255)&quot;&gt;&lt;span style=&quot;font-family: 宋体;color: rgb(94, 94, 94);font-size: 12px&quot;&gt;&amp;nbsp;&amp;nbsp;&amp;nbsp;&amp;nbsp;&amp;nbsp;&amp;nbsp;&amp;nbsp;1、报名商品&lt;/span&gt;&lt;/p&gt;&lt;p style=&quot;margin-top:0;margin-right:0;margin-bottom:0;margin-left:0;padding:0 0 0 0 ;background:rgb(255,255,255)&quot;&gt;&lt;span style=&quot;font-family: 宋体;color: rgb(94, 94, 94);font-size: 12px&quot;&gt;&amp;nbsp;&amp;nbsp;&amp;nbsp;&amp;nbsp;&amp;nbsp;&amp;nbsp;&amp;nbsp;商家需按照活动的要求选择自己账号关联店铺内的商品进行报名，请仔细确认填写商品的分类、活动价、库存及包邮、发货信息，针对不符合要求的商品或商家，科创未来有权利直接拒绝报名申请。&lt;/span&gt;&lt;span style=&quot;font-family: 宋体;color: rgb(94, 94, 94);font-size: 12px&quot;&gt;&lt;br/&gt;&lt;/span&gt;&lt;span style=&quot;font-family: 宋体;color: rgb(94, 94, 94);font-size: 12px&quot;&gt;&amp;nbsp; &amp;nbsp; &amp;nbsp; &amp;nbsp;&lt;/span&gt;&lt;/p&gt;&lt;p style=&quot;margin-top:0;margin-right:0;margin-bottom:0;margin-left:0;padding:0 0 0 0 ;background:rgb(255,255,255)&quot;&gt;&lt;span style=&quot;font-family: 宋体;color: rgb(94, 94, 94);font-size: 12px&quot;&gt;&amp;nbsp;&amp;nbsp;&amp;nbsp;&amp;nbsp;&amp;nbsp;&amp;nbsp;&amp;nbsp;2、活动审核&lt;/span&gt;&lt;/p&gt;&lt;p style=&quot;margin-top:0;margin-right:0;margin-bottom:0;margin-left:0;padding:0 0 0 0 ;background:rgb(255,255,255)&quot;&gt;&lt;span style=&quot;font-family: 宋体;color: rgb(94, 94, 94);font-size: 12px&quot;&gt;&amp;nbsp;&amp;nbsp;&amp;nbsp;&amp;nbsp;&amp;nbsp;&amp;nbsp;&amp;nbsp;2.1、商家提交活动报名后科创未来审核专员会按照提交顺序、活动类型进行审核，整个审核的范围包括但不限于商品质量、价格、历史评价，以及商家信誉等级、当季热销品类、同行业同类型商品的性价比等方面内容。&lt;/span&gt;&lt;span style=&quot;font-family: 宋体;color: rgb(94, 94, 94);font-size: 12px&quot;&gt;科创未来&lt;/span&gt;&lt;span style=&quot;font-family: 宋体;color: rgb(94, 94, 94);font-size: 12px&quot;&gt;&lt;span style=&quot;font-family:宋体&quot;&gt;在商家提交报名申请之日起在&lt;/span&gt;&lt;span style=&quot;font-family:宋体&quot;&gt;20个工作日内给予结果，在此期间您可随时登录报名系统查询审核状态。&lt;/span&gt;&lt;/span&gt;&lt;span style=&quot;font-family: 宋体;color: rgb(94, 94, 94);font-size: 12px&quot;&gt;&lt;br/&gt;&lt;/span&gt;&lt;span style=&quot;font-family: 宋体;color: rgb(94, 94, 94);font-size: 12px&quot;&gt;&amp;nbsp; &amp;nbsp; &amp;nbsp; &amp;nbsp;&amp;nbsp;&amp;nbsp;&amp;nbsp;&amp;nbsp;&amp;nbsp;&amp;nbsp;2.2、审核通过的，系统会提示您进行相应的下一步操作，请根据系统提示尽快补充相应的资料信息，超时未处理的科创未来有权取消本次活动审核。&lt;/span&gt;&lt;span style=&quot;font-family: 宋体;color: rgb(94, 94, 94);font-size: 12px&quot;&gt;&lt;br/&gt;&lt;/span&gt;&lt;span style=&quot;font-family: 宋体;color: rgb(94, 94, 94);font-size: 12px&quot;&gt;&amp;nbsp; &amp;nbsp; &amp;nbsp; &amp;nbsp;&amp;nbsp;&amp;nbsp;&amp;nbsp;&amp;nbsp;&amp;nbsp;&amp;nbsp;2.3、如果您的活动报名申请被设置为“未通过”，请根据科创未来审核专员的审核留言对活动进行调整、或更换符合要求的其他商品再来报名，经3次未通过后频繁重复提交的，&lt;/span&gt;&lt;span style=&quot;font-family: 宋体;color: rgb(94, 94, 94);font-size: 12px&quot;&gt;科创未来&lt;/span&gt;&lt;span style=&quot;font-family: 宋体;color: rgb(94, 94, 94);font-size: 12px&quot;&gt;有权锁定对应的报名信息填报系统，您将无法继续报名。&lt;/span&gt;&lt;span style=&quot;font-family: 宋体;color: rgb(94, 94, 94);font-size: 12px&quot;&gt;&lt;br/&gt;&lt;/span&gt;&lt;span style=&quot;font-family: 宋体;color: rgb(94, 94, 94);font-size: 12px&quot;&gt;&amp;nbsp; &amp;nbsp; &amp;nbsp; &amp;nbsp;&lt;/span&gt;&lt;/p&gt;&lt;p style=&quot;margin-top:0;margin-right:0;margin-bottom:0;margin-left:0;padding:0 0 0 0 ;background:rgb(255,255,255)&quot;&gt;&lt;span style=&quot;font-family: 宋体;color: rgb(94, 94, 94);font-size: 12px&quot;&gt;&amp;nbsp;&amp;nbsp;&amp;nbsp;&amp;nbsp;&amp;nbsp;&amp;nbsp;&amp;nbsp;3、审核状态说明&lt;/span&gt;&lt;/p&gt;&lt;p style=&quot;margin-top:0;margin-right:0;margin-bottom:0;margin-left:0;padding:0 0 0 0 ;background:rgb(255,255,255)&quot;&gt;&lt;span style=&quot;font-family: 宋体;color: rgb(94, 94, 94);font-size: 12px&quot;&gt;&amp;nbsp;&amp;nbsp;&amp;nbsp;&amp;nbsp;&amp;nbsp;&amp;nbsp;&amp;nbsp;科创未来审核条件非常严格，先后经过7道工序，全部通过后再发布上线，即：初审-复审-洽谈-样品邮寄-样品体验-样品备案-排期-上线。商家应保证其提供的商品不违反法律法规，不侵犯任何第三人的知识产权或其他合法权利。&lt;/span&gt;&lt;span style=&quot;font-family: 宋体;color: rgb(94, 94, 94);font-size: 12px&quot;&gt;&lt;br/&gt;&lt;/span&gt;&lt;span style=&quot;font-family: 宋体;color: rgb(94, 94, 94);font-size: 12px&quot;&gt;&amp;nbsp; &amp;nbsp; &amp;nbsp; &amp;nbsp;&amp;nbsp;&amp;nbsp;&amp;nbsp;&amp;nbsp;&amp;nbsp;&amp;nbsp;&amp;nbsp;3.1、招商专员会经过两轮的活动筛选，即初审、复审，确定您的商品是否适合参加本站活动；&lt;/span&gt;&lt;span style=&quot;font-family: 宋体;color: rgb(94, 94, 94);font-size: 12px&quot;&gt;&lt;br/&gt;&lt;/span&gt;&lt;span style=&quot;font-family: 宋体;color: rgb(94, 94, 94);font-size: 12px&quot;&gt;&amp;nbsp; &amp;nbsp; &amp;nbsp; &amp;nbsp;&amp;nbsp;&amp;nbsp;&amp;nbsp;&amp;nbsp;&amp;nbsp;&amp;nbsp;&amp;nbsp;3.2、在待洽谈状态时，请主动点击与该活动对应的招商专员QQ与其取得联系（必须是该活动对应的店铺的QQ）；&lt;/span&gt;&lt;span style=&quot;font-family: 宋体;color: rgb(94, 94, 94);font-size: 12px&quot;&gt;&lt;br/&gt;&lt;/span&gt;&lt;span style=&quot;font-family: 宋体;color: rgb(94, 94, 94);font-size: 12px&quot;&gt;&amp;nbsp; &amp;nbsp; &amp;nbsp; &amp;nbsp;&amp;nbsp;&amp;nbsp;&amp;nbsp;&amp;nbsp;&amp;nbsp;&amp;nbsp;&amp;nbsp;3.3、在样品邮寄状态时，请寄送活动报名对应商品的样品，将快递（含快递名称、快递单号、寄出时间等）信息填写到系统中，以便招商专员能够第一时间反馈样品接收状态并核对样品信息；&lt;/span&gt;&lt;span style=&quot;font-family: 宋体;color: rgb(94, 94, 94);font-size: 12px&quot;&gt;&lt;br/&gt;&lt;/span&gt;&lt;span style=&quot;font-family: 宋体;color: rgb(94, 94, 94);font-size: 12px&quot;&gt;&amp;nbsp; &amp;nbsp; &amp;nbsp; &amp;nbsp;&amp;nbsp;&amp;nbsp;&amp;nbsp;&amp;nbsp;&amp;nbsp;&amp;nbsp;&amp;nbsp;3.4、您确认并同意：科创未来招商专员在收到样品时，将您的活动状态改为“样品体验”，“样品体验”即科创未来招商专员仅以普通或非专业人员的知识水平标准评估您寄来样品并结合活动条件和规模确定是否符合您所报名的活动推广条件；无论样品是否符合易购活动推广条件，样品均不予退还，&lt;/span&gt;&lt;span style=&quot;font-family: 宋体;color: rgb(94, 94, 94);font-size: 12px&quot;&gt;科创未来&lt;/span&gt;&lt;span style=&quot;font-family: 宋体;color: rgb(94, 94, 94);font-size: 12px&quot;&gt;有权对样品进行任何方式的支配和处理。&lt;/span&gt;&lt;span style=&quot;font-family: 宋体;color: rgb(94, 94, 94);font-size: 12px&quot;&gt;&lt;br/&gt;&lt;/span&gt;&lt;span style=&quot;font-family: 宋体;color: rgb(94, 94, 94);font-size: 12px&quot;&gt;&amp;nbsp; &amp;nbsp; &amp;nbsp; &amp;nbsp;&amp;nbsp;&amp;nbsp;&amp;nbsp;&amp;nbsp;&amp;nbsp;&amp;nbsp;&amp;nbsp;3.5、经科创未来判断符合活动条件的样品，由&lt;/span&gt;&lt;span style=&quot;font-family: 宋体;color: rgb(94, 94, 94);font-size: 12px&quot;&gt;科创未来&lt;/span&gt;&lt;span style=&quot;font-family: 宋体;color: rgb(94, 94, 94);font-size: 12px&quot;&gt;留样备案。您确认并同意在活动期间及活动结束后，如&lt;/span&gt;&lt;span style=&quot;font-family: 宋体;color: rgb(94, 94, 94);font-size: 12px&quot;&gt;科创未来&lt;/span&gt;&lt;span style=&quot;font-family: 宋体;color: rgb(94, 94, 94);font-size: 12px&quot;&gt;&lt;span style=&quot;font-family:宋体&quot;&gt;发现消费者投诉或经易购抽检的商品质量有争议的，科创未来有权仅以此样品与争议商品进行比对，您对样品无异议。争议商品与样品是否存在差异以及差异程度以易购主观判断为准。您应保证当次活动所有发货的商品与样品完全一致（包括且不限于商品批次、商品包装、商品分量、同色商品颜色、同规格&lt;/span&gt;&lt;span style=&quot;font-family:宋体&quot;&gt;/尺码商品的规格/尺码及商品材质等各个方面）。&lt;/span&gt;&lt;/span&gt;&lt;span style=&quot;font-family: 宋体;color: rgb(94, 94, 94);font-size: 12px&quot;&gt;&lt;br/&gt;&lt;/span&gt;&lt;span style=&quot;font-family: 宋体;color: rgb(94, 94, 94);font-size: 12px&quot;&gt;&amp;nbsp; &amp;nbsp; &amp;nbsp; &amp;nbsp;&amp;nbsp;&amp;nbsp;&amp;nbsp;&amp;nbsp;&amp;nbsp;&amp;nbsp;&amp;nbsp;3.6、样品体验符合科创未来活动条件的，招商专员会将对应的活动进行初步的排期，如果您对排期问题有异议也可以直接联系招商专员进行调整，确认排期后需要您按照科创未来的指示根据活动商品的活动价、库存销量、技术服务费率和保证金要求进行支付相应的活动保证金和技术服务费。&lt;/span&gt;&lt;span style=&quot;font-family: 宋体;color: rgb(94, 94, 94);font-size: 12px&quot;&gt;&lt;br/&gt;&lt;/span&gt;&lt;span style=&quot;font-family: 宋体;color: rgb(94, 94, 94);font-size: 12px&quot;&gt;&amp;nbsp; &amp;nbsp; &amp;nbsp; &amp;nbsp;&amp;nbsp;&amp;nbsp;&amp;nbsp;&amp;nbsp;&amp;nbsp;&amp;nbsp;&amp;nbsp;3.7、您已缴纳活动保证金后，即进入科创未来排期时间，您的活动将根据系统排期发布上线，您可以登录科创未来首页查看您的活动详情；商家未按时缴纳保证金导致活动未能按时发布上线的由商家自行承担一切后果；在活动进行中请勿私自修改商品信息或状态，包括但不限于商品标题、图片、SKU信息、价格、库存、邮费设置、宝贝详情信息以及设置商品下架或卖光状态。如商家私自变更商品信息或状态的，&lt;/span&gt;&lt;span style=&quot;font-family: 宋体;color: rgb(94, 94, 94);font-size: 12px&quot;&gt;科创未来&lt;/span&gt;&lt;span style=&quot;font-family: 宋体;color: rgb(94, 94, 94);font-size: 12px&quot;&gt;有权将活动商品下架并扣除相应的保证金作为处罚。&lt;/span&gt;&lt;span style=&quot;font-family: 宋体;color: rgb(94, 94, 94);font-size: 12px&quot;&gt;&lt;br/&gt;&lt;/span&gt;&lt;span style=&quot;font-family: 宋体;color: rgb(94, 94, 94);font-size: 12px&quot;&gt;&amp;nbsp; &amp;nbsp; &amp;nbsp; &amp;nbsp;&lt;/span&gt;&lt;/p&gt;&lt;p style=&quot;margin-top:0;margin-right:0;margin-bottom:0;margin-left:0;padding:0 0 0 0 ;background:rgb(255,255,255)&quot;&gt;&lt;span style=&quot;font-family: 宋体;color: rgb(94, 94, 94);font-size: 12px&quot;&gt;&amp;nbsp;&amp;nbsp;&amp;nbsp;&amp;nbsp;&amp;nbsp;&amp;nbsp;&amp;nbsp;4、活动保证金&lt;/span&gt;&lt;/p&gt;&lt;p style=&quot;margin-top:0;margin-right:0;margin-bottom:0;margin-left:0;padding:0 0 0 0 ;background:rgb(255,255,255)&quot;&gt;&lt;span style=&quot;font-family: 宋体;color: rgb(94, 94, 94);font-size: 12px&quot;&gt;&amp;nbsp;&amp;nbsp;&amp;nbsp;&amp;nbsp;&amp;nbsp;&amp;nbsp;&amp;nbsp;商家的具体应缴保证金数额根据科创未来招商标准及商家的具体情况由科创未来确定。&lt;/span&gt;&lt;span style=&quot;font-family: 宋体;color: rgb(94, 94, 94);font-size: 12px&quot;&gt;科创未来&lt;/span&gt;&lt;span style=&quot;font-family: 宋体;color: rgb(94, 94, 94);font-size: 12px&quot;&gt;有权根据商家之业务变化及实际履约情况通知商家调整保证金金额，商家应在收到&lt;/span&gt;&lt;span style=&quot;font-family: 宋体;color: rgb(94, 94, 94);font-size: 12px&quot;&gt;科创未来&lt;/span&gt;&lt;span style=&quot;font-family: 宋体;color: rgb(94, 94, 94);font-size: 12px&quot;&gt;&lt;span style=&quot;font-family:宋体&quot;&gt;通知后的&lt;/span&gt;&lt;span style=&quot;font-family:宋体&quot;&gt;5个自然日内向&lt;/span&gt;&lt;/span&gt;&lt;span style=&quot;font-family: 宋体;color: rgb(94, 94, 94);font-size: 12px&quot;&gt;科创未来&lt;/span&gt;&lt;span style=&quot;font-family: 宋体;color: rgb(94, 94, 94);font-size: 12px&quot;&gt;交齐保证金，否则，&lt;/span&gt;&lt;span style=&quot;font-family: 宋体;color: rgb(94, 94, 94);font-size: 12px&quot;&gt;科创未来&lt;/span&gt;&lt;span style=&quot;font-family: 宋体;color: rgb(94, 94, 94);font-size: 12px&quot;&gt;有权中止或解除本协议。有关保证金的具体内容详见&lt;/span&gt;&lt;a href=&quot;http://www.waanwang.com/help-read-id-8.html&quot;&gt;&lt;span style=&quot;text-decoration:underline;&quot;&gt;&lt;span style=&quot;font-family: 宋体;color: rgb(94, 94, 94);font-size: 12px&quot;&gt;&lt;span style=&quot;font-family:宋体&quot;&gt;《科创未来商家保证金协议》&lt;/span&gt;&lt;/span&gt;&lt;/span&gt;&lt;/a&gt;&lt;span style=&quot;font-family: 宋体;color: rgb(94, 94, 94);font-size: 12px&quot;&gt;。&lt;/span&gt;&lt;span style=&quot;font-family: 宋体;color: rgb(94, 94, 94);font-size: 12px&quot;&gt;&lt;br/&gt;&lt;/span&gt;&lt;span style=&quot;font-family: 宋体;color: rgb(94, 94, 94);font-size: 12px&quot;&gt;&amp;nbsp; &amp;nbsp; &amp;nbsp; &amp;nbsp;&amp;nbsp;&amp;nbsp;&amp;nbsp;&amp;nbsp;&amp;nbsp;&amp;nbsp;4.1、商家在报名参加科创未来推广活动交纳保证金，保证金主要用于保证商家按照科创未来的规则进行经营，商家有任何违规行为或违约行为的，&lt;/span&gt;&lt;span style=&quot;font-family: 宋体;color: rgb(94, 94, 94);font-size: 12px&quot;&gt;科创未来&lt;/span&gt;&lt;span style=&quot;font-family: 宋体;color: rgb(94, 94, 94);font-size: 12px&quot;&gt;有权扣除保证金。保证金扣除相关情形具体参见&lt;/span&gt;&lt;a href=&quot;http://www.waanwang.com/help-read-id-9.html&quot;&gt;&lt;span style=&quot;text-decoration:underline;&quot;&gt;&lt;span style=&quot;font-family: 宋体;color: rgb(94, 94, 94);font-size: 12px&quot;&gt;&lt;span style=&quot;font-family:宋体&quot;&gt;《科创未来商家违规&lt;/span&gt;&lt;span style=&quot;font-family:宋体&quot;&gt;/违约处罚条例》&lt;/span&gt;&lt;/span&gt;&lt;/span&gt;&lt;/a&gt;&lt;span style=&quot;font-family: 宋体;color: rgb(94, 94, 94);font-size: 12px&quot;&gt;。&lt;/span&gt;&lt;span style=&quot;font-family: 宋体;color: rgb(94, 94, 94);font-size: 12px&quot;&gt;&lt;br/&gt;&lt;/span&gt;&lt;span style=&quot;font-family: 宋体;color: rgb(94, 94, 94);font-size: 12px&quot;&gt;&amp;nbsp; &amp;nbsp; &amp;nbsp; &amp;nbsp;&amp;nbsp;&amp;nbsp;&amp;nbsp;&amp;nbsp;&amp;nbsp;&amp;nbsp;4.2、科创未来招商专员会根据商家报名活动商品的类型、活动数量综合计算该商家需要缴纳的保证金额度，具体标准可参见&lt;/span&gt;&lt;a href=&quot;http://www.waanwang.com/help-read-id-8.html&quot;&gt;&lt;span style=&quot;text-decoration:underline;&quot;&gt;&lt;span style=&quot;font-family: 宋体;color: rgb(94, 94, 94);font-size: 12px&quot;&gt;&lt;span style=&quot;font-family:宋体&quot;&gt;《科创未来家保证金协议》&lt;/span&gt;&lt;/span&gt;&lt;/span&gt;&lt;/a&gt;&lt;span style=&quot;font-family: 宋体;color: rgb(94, 94, 94);font-size: 12px&quot;&gt;&lt;span style=&quot;font-family:宋体&quot;&gt;。在保证金额度不足的情况下&lt;/span&gt;&lt;span style=&quot;font-family:宋体&quot;&gt;,科创未来有权要求商家限期补足保证金。商家需在收到易购通知后十（10）个自然日内补足保证金金额。如果没有及时交齐保证金的易购有权中止提供相应的技术推广服务，直至商家交齐保证金。&lt;/span&gt;&lt;/span&gt;&lt;span style=&quot;font-family: 宋体;color: rgb(94, 94, 94);font-size: 12px&quot;&gt;&lt;br/&gt;&lt;/span&gt;&lt;span style=&quot;font-family: 宋体;color: rgb(94, 94, 94);font-size: 12px&quot;&gt;&amp;nbsp; &amp;nbsp; &amp;nbsp; &amp;nbsp;&amp;nbsp;&amp;nbsp;&amp;nbsp;&amp;nbsp;&amp;nbsp;&amp;nbsp;4.3、由于保证金不充抵服务费用或其他费用，非因商家原因被扣除的，保证金始终存于商家的易购账户中并处于冻结状态，如合作终止且商家无任何违规或违约行为，则保证金仍无息退还商家。因此&lt;/span&gt;&lt;span style=&quot;font-family: 宋体;color: rgb(94, 94, 94);font-size: 12px&quot;&gt;科创未来&lt;/span&gt;&lt;span style=&quot;font-family: 宋体;color: rgb(94, 94, 94);font-size: 12px&quot;&gt;对商家缴纳的保证金不提供收据或发票，敬请谅解。&lt;/span&gt;&lt;span style=&quot;font-family: 宋体;color: rgb(94, 94, 94);font-size: 12px&quot;&gt;&lt;br/&gt;&lt;/span&gt;&lt;span style=&quot;font-family: 宋体;color: rgb(94, 94, 94);font-size: 12px&quot;&gt;&amp;nbsp; &amp;nbsp; &amp;nbsp;&amp;nbsp;&amp;nbsp;&amp;nbsp;&amp;nbsp;&amp;nbsp;&amp;nbsp;&amp;nbsp;&lt;/span&gt;&lt;span style=&quot;font-family: 宋体;color: rgb(255, 0, 0);font-size: 12px&quot;&gt;4.4、商家在&lt;/span&gt;&lt;span style=&quot;font-family: 宋体;color: rgb(94, 94, 94);font-size: 12px&quot;&gt;科创未来&lt;/span&gt;&lt;span style=&quot;font-family: 宋体;color: rgb(255, 0, 0);font-size: 12px&quot;&gt;&lt;span style=&quot;font-family:宋体&quot;&gt;网活动期间无任何违规或违约行为的，最后一个活动结束超过&lt;/span&gt;&lt;span style=&quot;font-family:宋体&quot;&gt;17天，且所有交易环节（包括：交易、费用结算、售后处理及买家维权处理）完成，商家可自行申请解冻保证金至商家的易购网账户内。此期间，若&lt;/span&gt;&lt;/span&gt;&lt;span style=&quot;font-family: 宋体;color: rgb(255, 0, 0);font-size: 12px&quot;&gt;科创未来&lt;/span&gt;&lt;span style=&quot;font-family: 宋体;color: rgb(255, 0, 0);font-size: 12px&quot;&gt;&lt;span style=&quot;font-family:宋体&quot;&gt;发现商家存在或可能存在违规或违约行为且在该&lt;/span&gt;&lt;span style=&quot;font-family:宋体&quot;&gt;17天内无法处理完毕的，&lt;/span&gt;&lt;/span&gt;&lt;span style=&quot;font-family: 宋体;color: rgb(255, 0, 0);font-size: 12px&quot;&gt;科创未来&lt;/span&gt;&lt;span style=&quot;font-family: 宋体;color: rgb(255, 0, 0);font-size: 12px&quot;&gt;&lt;span style=&quot;font-family:宋体&quot;&gt;有权将保证金冻结时间延长&lt;/span&gt;&lt;span style=&quot;font-family:宋体&quot;&gt;30天或操作紧急扣除保证金，待商家违规/违约行为处理完毕后视具体情况解冻或退还。但商家有欠款未向易购付清的，保证金仍无法解冻或退还。&lt;/span&gt;&lt;/span&gt;&lt;span style=&quot;font-family: 宋体;color: rgb(94, 94, 94);font-size: 12px&quot;&gt;&lt;br/&gt;&lt;/span&gt;&lt;span style=&quot;font-family: 宋体;color: rgb(94, 94, 94);font-size: 12px&quot;&gt;&amp;nbsp; &amp;nbsp; &amp;nbsp;&amp;nbsp;&amp;nbsp;&amp;nbsp;&amp;nbsp;&amp;nbsp;&amp;nbsp;&amp;nbsp;4.5、因资质、商品造假等原因被清退的违规商家，科创未来将不返还保证金，因违规或违约行为扣除的保证金亦不予返还，如扣除保证金仍不足以弥补因其行为给&lt;/span&gt;&lt;span style=&quot;font-family: 宋体;color: rgb(94, 94, 94);font-size: 12px&quot;&gt;科创未来&lt;/span&gt;&lt;span style=&quot;font-family: 宋体;color: rgb(94, 94, 94);font-size: 12px&quot;&gt;及消费用户造成的损失的，违规商家还应承担相应的损失赔偿责任。具体保证金扣取情况参见&lt;/span&gt;&lt;a href=&quot;http://www.waanwang.com/help-read-id-8.html&quot;&gt;&lt;span style=&quot;text-decoration:underline;&quot;&gt;&lt;span style=&quot;font-family: 宋体;color: rgb(94, 94, 94);font-size: 12px&quot;&gt;&lt;span style=&quot;font-family:宋体&quot;&gt;《&lt;/span&gt;&lt;/span&gt;&lt;/span&gt;&lt;span style=&quot;text-decoration:underline;&quot;&gt;&lt;span style=&quot;font-family: 宋体;color: rgb(94, 94, 94);font-size: 12px&quot;&gt;&lt;span style=&quot;font-family:宋体&quot;&gt;科创未来&lt;/span&gt;&lt;/span&gt;&lt;/span&gt;&lt;span style=&quot;text-decoration:underline;&quot;&gt;&lt;span style=&quot;font-family: 宋体;color: rgb(94, 94, 94);font-size: 12px&quot;&gt;&lt;span style=&quot;font-family:宋体&quot;&gt;商家违规&lt;/span&gt;&lt;span style=&quot;font-family:宋体&quot;&gt;/违约处罚条例》&lt;/span&gt;&lt;/span&gt;&lt;/span&gt;&lt;/a&gt;&lt;span style=&quot;font-family: 宋体;color: rgb(94, 94, 94);font-size: 12px&quot;&gt;。&lt;/span&gt;&lt;span style=&quot;font-family: 宋体;color: rgb(94, 94, 94);font-size: 12px&quot;&gt;&lt;br/&gt;&lt;/span&gt;&lt;span style=&quot;font-family: 宋体;color: rgb(94, 94, 94);font-size: 12px&quot;&gt;&amp;nbsp; &amp;nbsp; &amp;nbsp;&amp;nbsp;&amp;nbsp;&amp;nbsp;&amp;nbsp;&amp;nbsp;&amp;nbsp;&amp;nbsp;4.6、&lt;/span&gt;&lt;span style=&quot;font-family: 宋体;color: rgb(94, 94, 94);font-size: 12px&quot;&gt;科创未来&lt;/span&gt;&lt;span style=&quot;font-family: 宋体;color: rgb(94, 94, 94);font-size: 12px&quot;&gt;将根据国家经济情况、市场状况及&lt;/span&gt;&lt;span style=&quot;font-family: 宋体;color: rgb(94, 94, 94);font-size: 12px&quot;&gt;科创未来&lt;/span&gt;&lt;span style=&quot;font-family: 宋体;color: rgb(94, 94, 94);font-size: 12px&quot;&gt;经营情况适时适当调整保证金制度及保证金标准。保证金的调整会提前以公告形式在易购网站公布。&lt;/span&gt;&lt;span style=&quot;font-family: 宋体;color: rgb(94, 94, 94);font-size: 12px&quot;&gt;&lt;br/&gt;&lt;/span&gt;&lt;span style=&quot;font-family: 宋体;color: rgb(94, 94, 94);font-size: 12px&quot;&gt;&amp;nbsp; &amp;nbsp; &amp;nbsp;&lt;/span&gt;&lt;/p&gt;&lt;p style=&quot;margin-top:0;margin-right:0;margin-bottom:0;margin-left:0;padding:0 0 0 0 ;background:rgb(255,255,255)&quot;&gt;&lt;span style=&quot;font-family: 宋体;color: rgb(94, 94, 94);font-size: 12px&quot;&gt;&amp;nbsp;&amp;nbsp;&amp;nbsp;&amp;nbsp;&amp;nbsp;&amp;nbsp;&amp;nbsp;5、商家账户充值及提现规则&lt;/span&gt;&lt;/p&gt;&lt;p style=&quot;margin-top:0;margin-right:0;margin-bottom:0;margin-left:0;padding:0 0 0 0 ;background:rgb(255,255,255)&quot;&gt;&lt;span style=&quot;font-family: 宋体;color: rgb(94, 94, 94);font-size: 12px&quot;&gt;&amp;nbsp;&amp;nbsp;&amp;nbsp;&amp;nbsp;&amp;nbsp;&amp;nbsp;&amp;nbsp;5.1充值&lt;/span&gt;&lt;/p&gt;&lt;p style=&quot;margin-top:0;margin-right:0;margin-bottom:0;margin-left:0;padding:0 0 0 0 ;background:rgb(255,255,255)&quot;&gt;&lt;span style=&quot;font-family: 宋体;color: rgb(94, 94, 94);font-size: 12px&quot;&gt;&amp;nbsp;&amp;nbsp;&amp;nbsp;&amp;nbsp;&amp;nbsp;&amp;nbsp;&amp;nbsp;（1）充值须以活动为目的，&lt;/span&gt;&lt;span style=&quot;font-family: 宋体;color: rgb(94, 94, 94);font-size: 12px&quot;&gt;科创未来&lt;/span&gt;&lt;span style=&quot;font-family: 宋体;color: rgb(94, 94, 94);font-size: 12px&quot;&gt;账户仅限充值活动保证金。保证金具体金额根据&lt;/span&gt;&lt;span style=&quot;font-family: 宋体;color: rgb(94, 94, 94);font-size: 12px&quot;&gt;科创未来&lt;/span&gt;&lt;span style=&quot;font-family: 宋体;color: rgb(94, 94, 94);font-size: 12px&quot;&gt;招商标准及商家的具体情况如商家资质、信誉状况、预估销售规模、单月销售额水平、合作次数、历史活动评分、商品类目及商品单价等由&lt;/span&gt;&lt;span style=&quot;font-family: 宋体;color: rgb(94, 94, 94);font-size: 12px&quot;&gt;科创未来&lt;/span&gt;&lt;span style=&quot;font-family: 宋体;color: rgb(94, 94, 94);font-size: 12px&quot;&gt;招商专员在商家提交报名审核时具体确定；&lt;/span&gt;&lt;span style=&quot;font-family: 宋体;color: rgb(94, 94, 94);font-size: 12px&quot;&gt;&lt;br/&gt;&lt;/span&gt;&lt;span style=&quot;font-family: 宋体;color: rgb(94, 94, 94);font-size: 12px&quot;&gt;&amp;nbsp; &amp;nbsp;&amp;nbsp;&amp;nbsp;&amp;nbsp;&amp;nbsp;&amp;nbsp;&amp;nbsp;&amp;nbsp;（2）&lt;/span&gt;&lt;span style=&quot;font-family: 宋体;color: rgb(94, 94, 94);font-size: 12px&quot;&gt;科创未来&lt;/span&gt;&lt;span style=&quot;font-family: 宋体;color: rgb(94, 94, 94);font-size: 12px&quot;&gt;确定的与活动相关的充值产生的相应手续费由&lt;/span&gt;&lt;span style=&quot;font-family: 宋体;color: rgb(94, 94, 94);font-size: 12px&quot;&gt;科创未来&lt;/span&gt;&lt;span style=&quot;font-family: 宋体;color: rgb(94, 94, 94);font-size: 12px&quot;&gt;承担。商家不得利用&lt;/span&gt;&lt;span style=&quot;font-family: 宋体;color: rgb(94, 94, 94);font-size: 12px&quot;&gt;科创未来&lt;/span&gt;&lt;span style=&quot;font-family: 宋体;color: rgb(94, 94, 94);font-size: 12px&quot;&gt;平台向易购账户充入与活动无关的任何费用，否则一经发现，&lt;/span&gt;&lt;span style=&quot;font-family: 宋体;color: rgb(94, 94, 94);font-size: 12px&quot;&gt;科创未来&lt;/span&gt;&lt;span style=&quot;font-family: 宋体;color: rgb(94, 94, 94);font-size: 12px&quot;&gt;有权采取相应措施，包括但不限于冻结账号余额、拒绝提现。因此产生的手续费由商家自行承担，&lt;/span&gt;&lt;span style=&quot;font-family: 宋体;color: rgb(94, 94, 94);font-size: 12px&quot;&gt;科创未来&lt;/span&gt;&lt;span style=&quot;font-family: 宋体;color: rgb(94, 94, 94);font-size: 12px&quot;&gt;已经支付的手续费有权向商家追偿。因此给&lt;/span&gt;&lt;span style=&quot;font-family: 宋体;color: rgb(94, 94, 94);font-size: 12px&quot;&gt;科创未来&lt;/span&gt;&lt;span style=&quot;font-family: 宋体;color: rgb(94, 94, 94);font-size: 12px&quot;&gt;造成的任何损失，商家应承担赔偿责任；&lt;/span&gt;&lt;span style=&quot;font-family: 宋体;color: rgb(94, 94, 94);font-size: 12px&quot;&gt;&lt;br/&gt;&lt;/span&gt;&lt;span style=&quot;font-family: 宋体;color: rgb(94, 94, 94);font-size: 12px&quot;&gt;&amp;nbsp; &amp;nbsp;&amp;nbsp;&amp;nbsp;&amp;nbsp;&amp;nbsp;&amp;nbsp;&amp;nbsp;&amp;nbsp;（3）采用信用卡方式充值的，自充值之日起超过90日申请提现的，付款无法原路退回，&lt;/span&gt;&lt;span style=&quot;font-family: 宋体;color: rgb(94, 94, 94);font-size: 12px&quot;&gt;科创未来&lt;/span&gt;&lt;span style=&quot;font-family: 宋体;color: rgb(94, 94, 94);font-size: 12px&quot;&gt;将以转账方式付款到您充值时使用的信用卡账户，转账手续费将在转账时从您的提现金额中即时扣除，手续费费率以银行转账手续费费率为准；&lt;/span&gt;&lt;span style=&quot;font-family: 宋体;color: rgb(94, 94, 94);font-size: 12px&quot;&gt;&lt;br/&gt;&lt;/span&gt;&lt;span style=&quot;font-family: 宋体;color: rgb(94, 94, 94);font-size: 12px&quot;&gt;&amp;nbsp; &amp;nbsp;&amp;nbsp;&amp;nbsp;&amp;nbsp;&amp;nbsp;&amp;nbsp;&amp;nbsp;&amp;nbsp;（4）商家在&lt;/span&gt;&lt;span style=&quot;font-family: 宋体;color: rgb(94, 94, 94);font-size: 12px&quot;&gt;科创未来&lt;/span&gt;&lt;span style=&quot;font-family: 宋体;color: rgb(94, 94, 94);font-size: 12px&quot;&gt;平台的一切活动均应遵守国家法律、法规及国家政策，易购&lt;/span&gt;&lt;span style=&quot;font-family: 宋体;color: rgb(94, 94, 94);font-size: 12px&quot;&gt;科创未来&lt;/span&gt;&lt;span style=&quot;font-family: 宋体;color: rgb(94, 94, 94);font-size: 12px&quot;&gt;有理由怀疑商家充入资金来源不合法或存在其他不正当目的的，有权向相关部门举报，并将积极配合有关部门调查；&lt;/span&gt;&lt;span style=&quot;font-family: 宋体;color: rgb(94, 94, 94);font-size: 12px&quot;&gt;&lt;br/&gt;&lt;/span&gt;&lt;span style=&quot;font-family: 宋体;color: rgb(94, 94, 94);font-size: 12px&quot;&gt;&amp;nbsp; &amp;nbsp;&amp;nbsp;&amp;nbsp;&amp;nbsp;&amp;nbsp;&amp;nbsp;&amp;nbsp;&amp;nbsp;（5）如商家充值资金来源不合法或存在其他不正当目的，被相关部门查处的，一切责任由商家承担；因此造成&lt;/span&gt;&lt;span style=&quot;font-family: 宋体;color: rgb(94, 94, 94);font-size: 12px&quot;&gt;科创未来&lt;/span&gt;&lt;span style=&quot;font-family: 宋体;color: rgb(94, 94, 94);font-size: 12px&quot;&gt;任何损失的，商家应承担赔偿责任。&lt;/span&gt;&lt;span style=&quot;font-family: 宋体;color: rgb(94, 94, 94);font-size: 12px&quot;&gt;&lt;br/&gt;&lt;/span&gt;&lt;span style=&quot;font-family: 宋体;color: rgb(94, 94, 94);font-size: 12px&quot;&gt;&amp;nbsp; &amp;nbsp;&lt;/span&gt;&lt;/p&gt;&lt;p style=&quot;margin-top:0;margin-right:0;margin-bottom:0;margin-left:0;padding:0 0 0 0 ;background:rgb(255,255,255)&quot;&gt;&lt;span style=&quot;font-family: 宋体;color: rgb(94, 94, 94);font-size: 12px&quot;&gt;&amp;nbsp;&amp;nbsp;&amp;nbsp;&amp;nbsp;&amp;nbsp;&amp;nbsp;&amp;nbsp;5.2余额提现&lt;/span&gt;&lt;/p&gt;&lt;p style=&quot;margin-top:0;margin-right:0;margin-bottom:0;margin-left:0;padding:0 0 0 0 ;background:rgb(255,255,255)&quot;&gt;&lt;span style=&quot;font-family: 宋体;color: rgb(94, 94, 94);font-size: 12px&quot;&gt;&amp;nbsp;&amp;nbsp;&amp;nbsp;&amp;nbsp;&amp;nbsp;&amp;nbsp;&amp;nbsp;（1）活动期间或活动结束后您可对您已充值的&lt;/span&gt;&lt;span style=&quot;font-family: 宋体;color: rgb(94, 94, 94);font-size: 12px&quot;&gt;科创未来&lt;/span&gt;&lt;span style=&quot;font-family: 宋体;color: rgb(94, 94, 94);font-size: 12px&quot;&gt;&lt;span style=&quot;font-family:宋体&quot;&gt;账户余额办理提现。您申请余额提现时，将一律以原路退回方式付款到您充值时使用的支付账户。采用信用卡方式充值的，自充值之日起超过&lt;/span&gt;&lt;span style=&quot;font-family:宋体&quot;&gt;90日申请提现的，付款无法原路退回，&lt;/span&gt;&lt;/span&gt;&lt;span style=&quot;font-family: 宋体;color: rgb(94, 94, 94);font-size: 12px&quot;&gt;科创未来&lt;/span&gt;&lt;span style=&quot;font-family: 宋体;color: rgb(94, 94, 94);font-size: 12px&quot;&gt;将以转账方式付款到您充值时使用的信用卡账户，转账手续费将在转账时从您的提现金额中即时扣除，手续费费率以银行转账手续费费率为准。&lt;/span&gt;&lt;span style=&quot;font-family: 宋体;color: rgb(94, 94, 94);font-size: 12px&quot;&gt;&lt;br/&gt;&lt;/span&gt;&lt;span style=&quot;font-family: 宋体;color: rgb(94, 94, 94);font-size: 12px&quot;&gt;&amp;nbsp; &amp;nbsp;&amp;nbsp;&amp;nbsp;&amp;nbsp;&amp;nbsp;&amp;nbsp;&amp;nbsp;&amp;nbsp;（2）系统仅允许一笔处理中的提现申请，如申请提现时仍有上一笔提现未处理完毕的，将无法继续提交提现申请；每个自然月内最多允许成功提现两次；单笔提现金额不得超出账户内余额；&lt;/span&gt;&lt;span style=&quot;font-family: 宋体;color: rgb(94, 94, 94);font-size: 12px&quot;&gt;&lt;br/&gt;&lt;/span&gt;&lt;span style=&quot;font-family: 宋体;color: rgb(94, 94, 94);font-size: 12px&quot;&gt;&amp;nbsp; &amp;nbsp; &amp;nbsp;&amp;nbsp;&amp;nbsp;&amp;nbsp;&amp;nbsp;&amp;nbsp;&amp;nbsp;（3）通过支付宝账户申请提现的，因提现产生的相应手续费由商家承担，即：商家提现时将从提现金额中即时扣除小额手续费，具体以支付宝有关手续费的规定比例为准；&lt;/span&gt;&lt;span style=&quot;font-family: 宋体;color: rgb(94, 94, 94);font-size: 12px&quot;&gt;&lt;br/&gt;&lt;/span&gt;&lt;span style=&quot;font-family: 宋体;color: rgb(94, 94, 94);font-size: 12px&quot;&gt;&amp;nbsp; &amp;nbsp; &amp;nbsp;&amp;nbsp;&amp;nbsp;&amp;nbsp;&amp;nbsp;&amp;nbsp;&amp;nbsp;（4）为了更好的保护您的账户和资金安全，避免因您的账号信息泄露导致恶意提现或变更，请您务必妥善保管好自己的易购账户信息。如因您个人原因导致账号被盗或余额被提现的，&lt;/span&gt;&lt;span style=&quot;font-family: 宋体;color: rgb(94, 94, 94);font-size: 12px&quot;&gt;科创未来&lt;/span&gt;&lt;span style=&quot;font-family: 宋体;color: rgb(94, 94, 94);font-size: 12px&quot;&gt;不承担任何责任。&lt;/span&gt;&lt;span style=&quot;font-family: 宋体;color: rgb(94, 94, 94);font-size: 12px&quot;&gt;&lt;br/&gt;&lt;/span&gt;&lt;span style=&quot;font-family: 宋体;color: rgb(94, 94, 94);font-size: 12px&quot;&gt;&amp;nbsp; &amp;nbsp; &amp;nbsp;&lt;/span&gt;&lt;/p&gt;&lt;p style=&quot;margin-top:0;margin-right:0;margin-bottom:0;margin-left:0;padding:0 0 0 0 ;background:rgb(255,255,255)&quot;&gt;&lt;span style=&quot;font-family: 宋体;color: rgb(94, 94, 94);font-size: 12px&quot;&gt;&amp;nbsp;&amp;nbsp;&amp;nbsp;&amp;nbsp;&amp;nbsp;&amp;nbsp;&amp;nbsp;6、违约责任&lt;/span&gt;&lt;/p&gt;&lt;p style=&quot;margin-top:0;margin-right:0;margin-bottom:0;margin-left:0;padding:0 0 0 0 ;background:rgb(255,255,255)&quot;&gt;&lt;span style=&quot;font-family: 宋体;color: rgb(94, 94, 94);font-size: 12px&quot;&gt;&amp;nbsp;&amp;nbsp;&amp;nbsp;&amp;nbsp;&amp;nbsp;&amp;nbsp;&amp;nbsp;商家有任何违反本协议条款之行为的，按照&lt;/span&gt;&lt;a href=&quot;http://www.waanwang.com/help-read-id-7.html&quot;&gt;&lt;span style=&quot;text-decoration:underline;&quot;&gt;&lt;span style=&quot;font-family: 宋体;color: rgb(94, 94, 94);font-size: 12px&quot;&gt;&lt;span style=&quot;font-family:宋体&quot;&gt;《&lt;/span&gt;&lt;/span&gt;&lt;/span&gt;&lt;span style=&quot;text-decoration:underline;&quot;&gt;&lt;span style=&quot;font-family: 宋体;color: rgb(94, 94, 94);font-size: 12px&quot;&gt;&lt;span style=&quot;font-family:宋体&quot;&gt;科创未来&lt;/span&gt;&lt;/span&gt;&lt;/span&gt;&lt;span style=&quot;text-decoration:underline;&quot;&gt;&lt;span style=&quot;font-family: 宋体;color: rgb(94, 94, 94);font-size: 12px&quot;&gt;&lt;span style=&quot;font-family:宋体&quot;&gt;商家违规处罚条例》&lt;/span&gt;&lt;/span&gt;&lt;/span&gt;&lt;/a&gt;&lt;span style=&quot;font-family: 宋体;color: rgb(94, 94, 94);font-size: 12px&quot;&gt;的规定扣除相应保证金并（或）进行其他相应的处罚。&lt;/span&gt;&lt;span style=&quot;font-family: 宋体;color: rgb(94, 94, 94);font-size: 12px&quot;&gt;&lt;br/&gt;&lt;/span&gt;&lt;span style=&quot;font-family: 宋体;color: rgb(94, 94, 94);font-size: 12px&quot;&gt;&amp;nbsp; &amp;nbsp; &amp;nbsp;&lt;/span&gt;&lt;/p&gt;&lt;p style=&quot;margin-top:0;margin-right:0;margin-bottom:0;margin-left:0;padding:0 0 0 0 ;background:rgb(255,255,255)&quot;&gt;&lt;span style=&quot;font-family: 宋体;color: rgb(94, 94, 94);font-size: 12px&quot;&gt;&amp;nbsp;&amp;nbsp;&amp;nbsp;&amp;nbsp;&amp;nbsp;&amp;nbsp;&amp;nbsp;7、责任免除情形&lt;/span&gt;&lt;/p&gt;&lt;p style=&quot;margin-top:0;margin-right:0;margin-bottom:0;margin-left:0;padding:0 0 0 0 ;background:rgb(255,255,255)&quot;&gt;&lt;span style=&quot;font-family: 宋体;color: rgb(94, 94, 94);font-size: 12px&quot;&gt;&amp;nbsp;&amp;nbsp;&amp;nbsp;&amp;nbsp;&amp;nbsp;&amp;nbsp;&amp;nbsp;（1）因战争、自然灾害、政府行为、互联网灾难、互联网通讯提供商等导致&lt;/span&gt;&lt;span style=&quot;font-family: 宋体;color: rgb(94, 94, 94);font-size: 12px&quot;&gt;科创未来&lt;/span&gt;&lt;span style=&quot;font-family: 宋体;color: rgb(94, 94, 94);font-size: 12px&quot;&gt;网络平台服务器不能正常运行的；&lt;/span&gt;&lt;span style=&quot;font-family: 宋体;color: rgb(94, 94, 94);font-size: 12px&quot;&gt;&lt;br/&gt;&lt;/span&gt;&lt;span style=&quot;font-family: 宋体;color: rgb(94, 94, 94);font-size: 12px&quot;&gt;&amp;nbsp; &amp;nbsp; &amp;nbsp;&amp;nbsp;&amp;nbsp;&amp;nbsp;&amp;nbsp;&amp;nbsp;&amp;nbsp;（2）因&lt;/span&gt;&lt;span style=&quot;font-family: 宋体;color: rgb(94, 94, 94);font-size: 12px&quot;&gt;科创未来&lt;/span&gt;&lt;span style=&quot;font-family: 宋体;color: rgb(94, 94, 94);font-size: 12px&quot;&gt;网站遭遇不法分子攻击或非法劫持导致&lt;/span&gt;&lt;span style=&quot;font-family: 宋体;color: rgb(94, 94, 94);font-size: 12px&quot;&gt;科创未来&lt;/span&gt;&lt;span style=&quot;font-family: 宋体;color: rgb(94, 94, 94);font-size: 12px&quot;&gt;网络平台服务器临时性不能正常运行或&lt;/span&gt;&lt;span style=&quot;font-family: 宋体;color: rgb(94, 94, 94);font-size: 12px&quot;&gt;科创未来&lt;/span&gt;&lt;span style=&quot;font-family: 宋体;color: rgb(94, 94, 94);font-size: 12px&quot;&gt;网站不能正常访问的。&lt;/span&gt;&lt;span style=&quot;font-family: 宋体;color: rgb(94, 94, 94);font-size: 12px&quot;&gt;&lt;br/&gt;&lt;/span&gt;&lt;span style=&quot;font-family: 宋体;color: rgb(94, 94, 94);font-size: 12px&quot;&gt;&amp;nbsp; &amp;nbsp; &amp;nbsp;&amp;nbsp;&amp;nbsp;&amp;nbsp;&amp;nbsp;&amp;nbsp;&amp;nbsp;（3）您理解并同意，如遇大型促销活动期间，用户访问量巨大时，网络环境可能存在一定的不稳定性，易购&lt;/span&gt;&lt;span style=&quot;font-family: 宋体;color: rgb(94, 94, 94);font-size: 12px&quot;&gt;科创未来&lt;/span&gt;&lt;span style=&quot;font-family: 宋体;color: rgb(94, 94, 94);font-size: 12px&quot;&gt;系统平台偶尔出现短时无法访问属正常现象。&lt;/span&gt;&lt;span style=&quot;font-family: 宋体;color: rgb(94, 94, 94);font-size: 12px&quot;&gt;&lt;br/&gt;&lt;/span&gt;&lt;span style=&quot;font-family: 宋体;color: rgb(94, 94, 94);font-size: 12px&quot;&gt;&amp;nbsp; &amp;nbsp; &amp;nbsp;&lt;/span&gt;&lt;/p&gt;&lt;p style=&quot;margin-top:0;margin-right:0;margin-bottom:0;margin-left:0;padding:0 0 0 0 ;background:rgb(255,255,255)&quot;&gt;&lt;span style=&quot;font-family: 宋体;color: rgb(94, 94, 94);font-size: 12px&quot;&gt;&amp;nbsp;&amp;nbsp;&amp;nbsp;&amp;nbsp;&amp;nbsp;&amp;nbsp;&amp;nbsp;8、协议效力&lt;/span&gt;&lt;/p&gt;&lt;p style=&quot;margin-top:0;margin-right:0;margin-bottom:0;margin-left:0;padding:0 0 0 0 ;background:rgb(255,255,255)&quot;&gt;&lt;span style=&quot;font-family: 宋体;color: rgb(94, 94, 94);font-size: 12px&quot;&gt;&amp;nbsp;&amp;nbsp;&amp;nbsp;&amp;nbsp;&amp;nbsp;&amp;nbsp;&amp;nbsp;本协议适用于以任何形式参加&lt;/span&gt;&lt;span style=&quot;font-family: 宋体;color: rgb(94, 94, 94);font-size: 12px&quot;&gt;科创未来&lt;/span&gt;&lt;span style=&quot;font-family: 宋体;color: rgb(94, 94, 94);font-size: 12px&quot;&gt;平台推广活动的所有商家，商家在任何时候参加&lt;/span&gt;&lt;span style=&quot;font-family: 宋体;color: rgb(94, 94, 94);font-size: 12px&quot;&gt;科创未来&lt;/span&gt;&lt;span style=&quot;font-family: 宋体;color: rgb(94, 94, 94);font-size: 12px&quot;&gt;活动均受本协议约束，本协议对双方均发生法律效力。&lt;/span&gt;&lt;span style=&quot;font-family: 宋体;color: rgb(94, 94, 94);font-size: 12px&quot;&gt;&lt;br/&gt;&lt;/span&gt;&lt;span style=&quot;font-family: 宋体;color: rgb(94, 94, 94);font-size: 12px&quot;&gt;&amp;nbsp; &amp;nbsp; &amp;nbsp;&lt;/span&gt;&lt;/p&gt;&lt;p style=&quot;margin-top:0;margin-right:0;margin-bottom:0;margin-left:0;padding:0 0 0 0 ;background:rgb(255,255,255)&quot;&gt;&lt;span style=&quot;font-family: 宋体;color: rgb(94, 94, 94);font-size: 12px&quot;&gt;&amp;nbsp;&amp;nbsp;&amp;nbsp;&amp;nbsp;&amp;nbsp;&amp;nbsp;&amp;nbsp;9、法律适用及争议解决&lt;/span&gt;&lt;/p&gt;&lt;p style=&quot;margin-top:0;margin-right:0;margin-bottom:0;margin-left:0;padding:0 0 0 0 ;background:rgb(255,255,255)&quot;&gt;&lt;span style=&quot;font-family: 宋体;color: rgb(94, 94, 94);font-size: 12px&quot;&gt;&amp;nbsp;&amp;nbsp;&amp;nbsp;&amp;nbsp;&amp;nbsp;&amp;nbsp; 本协议的生效、解释、执行、管辖、争议的解决均适用中华人民共和国法律。&lt;/span&gt;&lt;/p&gt;&lt;p style=&quot;margin-top:5px;margin-right:0;margin-bottom:5px;margin-left:0&quot;&gt;&lt;span style=&quot;;font-family:Calibri;font-size:16px&quot;&gt;&amp;nbsp;&lt;/span&gt;&lt;/p&gt;&lt;p style=&quot;margin-top:5px;margin-right:0;margin-bottom:5px;margin-left:0&quot;&gt;&lt;span style=&quot;;font-family:Calibri;font-size:16px&quot;&gt;&amp;nbsp;&lt;/span&gt;&lt;/p&gt;&lt;p&gt;&lt;span style=&quot;;font-family:Calibri;font-size:14px&quot;&gt;&amp;nbsp;&lt;/span&gt;&lt;/p&gt;&lt;p style=&quot;margin-top: 0px; margin-bottom: 0px; white-space: normal; padding: 0px; color: rgb(94, 94, 94); font-family: &amp;quot;Microsoft Yahei&amp;quot;, Tahoma, Helvetica, Arial, 宋体, sans-serif, 宋体; font-size: 12px; background-color: rgb(255, 255, 255);&quot;&gt;&lt;br/&gt;&lt;/p&gt;',1686042544);
/*!40000 ALTER TABLE `ds_document` ENABLE KEYS */;
UNLOCK TABLES;

--
-- Table structure for table `ds_editable_page`
--

DROP TABLE IF EXISTS `ds_editable_page`;
/*!40101 SET @saved_cs_client     = @@character_set_client */;
/*!40101 SET character_set_client = utf8 */;
CREATE TABLE `ds_editable_page` (
  `editable_page_id` int(10) unsigned NOT NULL AUTO_INCREMENT COMMENT '页面类型id',
  `editable_page_name` varchar(60) NOT NULL COMMENT '页面名称',
  `editable_page_path` varchar(60) NOT NULL DEFAULT '' COMMENT 'index/index商场首页store/index店铺首页special/index专题活动页',
  `editable_page_item_id` int(10) unsigned NOT NULL DEFAULT '0' COMMENT '页面项目id',
  `store_id` int(10) unsigned NOT NULL DEFAULT '0' COMMENT '店铺id',
  `editable_page_client` varchar(10) NOT NULL COMMENT '客户端pc、h5',
  `editable_page_theme` varchar(60) NOT NULL COMMENT '页面主题',
  `editable_page_theme_config` text NOT NULL COMMENT '页面主题配置',
  `editable_page_edit_time` int(10) unsigned NOT NULL COMMENT '页面编辑时间',
  PRIMARY KEY (`editable_page_id`),
  KEY `store_id` (`store_id`),
  KEY `editable_page_item_id` (`editable_page_item_id`)
) ENGINE=InnoDB DEFAULT CHARSET=utf8 COMMENT='可编辑页面表';
/*!40101 SET character_set_client = @saved_cs_client */;

--
-- Dumping data for table `ds_editable_page`
--

LOCK TABLES `ds_editable_page` WRITE;
/*!40000 ALTER TABLE `ds_editable_page` DISABLE KEYS */;
/*!40000 ALTER TABLE `ds_editable_page` ENABLE KEYS */;
UNLOCK TABLES;

--
-- Table structure for table `ds_editable_page_config`
--

DROP TABLE IF EXISTS `ds_editable_page_config`;
/*!40101 SET @saved_cs_client     = @@character_set_client */;
/*!40101 SET character_set_client = utf8 */;
CREATE TABLE `ds_editable_page_config` (
  `editable_page_config_id` int(10) unsigned NOT NULL AUTO_INCREMENT COMMENT '页面配置id',
  `editable_page_id` int(10) unsigned NOT NULL COMMENT '页面id',
  `editable_page_model_id` int(10) unsigned NOT NULL COMMENT '页面模块id',
  `editable_page_config_sort_order` tinyint(3) unsigned NOT NULL DEFAULT '255' COMMENT '排序',
  `editable_page_config_content` text COMMENT '配置内容',
  PRIMARY KEY (`editable_page_config_id`),
  KEY `editable_page_id` (`editable_page_id`)
) ENGINE=InnoDB DEFAULT CHARSET=utf8 COMMENT='可编辑页面配置表';
/*!40101 SET character_set_client = @saved_cs_client */;

--
-- Dumping data for table `ds_editable_page_config`
--

LOCK TABLES `ds_editable_page_config` WRITE;
/*!40000 ALTER TABLE `ds_editable_page_config` DISABLE KEYS */;
/*!40000 ALTER TABLE `ds_editable_page_config` ENABLE KEYS */;
UNLOCK TABLES;

--
-- Table structure for table `ds_editable_page_model`
--

DROP TABLE IF EXISTS `ds_editable_page_model`;
/*!40101 SET @saved_cs_client     = @@character_set_client */;
/*!40101 SET character_set_client = utf8 */;
CREATE TABLE `ds_editable_page_model` (
  `editable_page_model_id` int(10) unsigned NOT NULL AUTO_INCREMENT COMMENT '页面模块id',
  `editable_page_model_name` varchar(60) NOT NULL COMMENT '页面模块名称',
  `editable_page_model_intro` varchar(255) NOT NULL DEFAULT '' COMMENT '页面模块简介',
  `editable_page_model_type` text NOT NULL COMMENT 'mall商城store店铺，空表示通用',
  `editable_page_theme` text NOT NULL COMMENT '页面主题，多个用|分隔，空表示通用',
  `editable_page_model_client` varchar(10) NOT NULL DEFAULT '' COMMENT '客户端pc、h5，空表示通用',
  `editable_page_model_content` text NOT NULL COMMENT '配置内容',
  PRIMARY KEY (`editable_page_model_id`)
) ENGINE=InnoDB AUTO_INCREMENT=23 DEFAULT CHARSET=utf8 COMMENT='可编辑页面模块表';
/*!40101 SET character_set_client = @saved_cs_client */;

--
-- Dumping data for table `ds_editable_page_model`
--

LOCK TABLES `ds_editable_page_model` WRITE;
/*!40000 ALTER TABLE `ds_editable_page_model` DISABLE KEYS */;
INSERT INTO `ds_editable_page_model` VALUES (1,'轮播图','','','','',''),(2,'富文本','','','','',''),(3,'三列商品','','store','','pc',''),(4,'一个商品','','store','','pc',''),(5,'两列商品','','store','','pc',''),(6,'商品列表','','','','h5',''),(7,'一个商品','','store','','pc',''),(8,'商品分类和轮播图','','mall','','pc',''),(9,'分类商品列表','','mall','','pc',''),(10,'两列分类商品列表','','mall','','pc',''),(11,'分类切换商品列表','','mall','','pc',''),(12,'导航列表','','','','h5',''),(13,'滚动通知','','','','h5',''),(14,'搜索','','','','h5',''),(15,'魔方','','','','h5',''),(16,'辅助空白','','','','h5',''),(17,'视频','','','','h5',''),(18,'砍价','','','','h5',''),(19,'抢购','','','','h5',''),(20,'拼团','','','','h5',''),(21,'预售','','','','h5',''),(22,'秒杀','','','','h5','');
/*!40000 ALTER TABLE `ds_editable_page_model` ENABLE KEYS */;
UNLOCK TABLES;

--
-- Table structure for table `ds_entityclerk`
--

DROP TABLE IF EXISTS `ds_entityclerk`;
/*!40101 SET @saved_cs_client     = @@character_set_client */;
/*!40101 SET character_set_client = utf8 */;
CREATE TABLE `ds_entityclerk` (
  `entityclerk_id` int(11) NOT NULL AUTO_INCREMENT COMMENT '主键ID',
  `member_id` int(11) NOT NULL COMMENT '绑定会员名',
  `member_name` varchar(60) NOT NULL DEFAULT '' COMMENT '会员名',
  `entityshop_id` int(11) NOT NULL COMMENT '门店ID',
  `entityclerk_name` varchar(20) DEFAULT '' COMMENT '店员姓名',
  `entityclerk_phone` varchar(20) DEFAULT '' COMMENT '店员联系电话',
  `entityclerk_state` tinyint(2) unsigned NOT NULL DEFAULT '0' COMMENT '1正常  2禁用',
  `entityclerk_addtime` int(11) unsigned NOT NULL COMMENT '添加时间',
  PRIMARY KEY (`entityclerk_id`)
) ENGINE=MyISAM DEFAULT CHARSET=utf8 COMMENT='门店店员表';
/*!40101 SET character_set_client = @saved_cs_client */;

--
-- Dumping data for table `ds_entityclerk`
--

LOCK TABLES `ds_entityclerk` WRITE;
/*!40000 ALTER TABLE `ds_entityclerk` DISABLE KEYS */;
/*!40000 ALTER TABLE `ds_entityclerk` ENABLE KEYS */;
UNLOCK TABLES;

--
-- Table structure for table `ds_entityshop`
--

DROP TABLE IF EXISTS `ds_entityshop`;
/*!40101 SET @saved_cs_client     = @@character_set_client */;
/*!40101 SET character_set_client = utf8 */;
CREATE TABLE `ds_entityshop` (
  `entityshop_id` int(11) NOT NULL AUTO_INCREMENT,
  `entityshop_name` varchar(60) NOT NULL DEFAULT '' COMMENT '门店名称',
  `entityshop_linkname` varchar(60) NOT NULL DEFAULT '' COMMENT '联系人',
  `entityshop_phone` varchar(20) NOT NULL DEFAULT '' COMMENT '联系电话',
  `entityshop_pic` varchar(100) NOT NULL COMMENT '门店LOGO',
  `entityshop_hours` varchar(100) NOT NULL DEFAULT '' COMMENT '营业时间',
  `region_id` int(10) NOT NULL COMMENT '地区ID',
  `area_info` varchar(100) NOT NULL COMMENT '地区名称',
  `entityshop_address` varchar(255) NOT NULL COMMENT '详细地址',
  `entityshop_longitude` varchar(20) NOT NULL COMMENT '经度',
  `entityshop_latitude` varchar(20) NOT NULL COMMENT '纬度',
  `entityshop_intro` varchar(255) NOT NULL COMMENT '简介',
  `entityshop_sort` tinyint(3) unsigned NOT NULL DEFAULT '255' COMMENT '排序',
  `entityshop_state` tinyint(2) unsigned NOT NULL DEFAULT '0' COMMENT '1正常  2禁用',
  `entityshop_addtime` int(11) unsigned NOT NULL COMMENT '添加时间',
  PRIMARY KEY (`entityshop_id`)
) ENGINE=MyISAM DEFAULT CHARSET=utf8 COMMENT='门店表';
/*!40101 SET character_set_client = @saved_cs_client */;

--
-- Dumping data for table `ds_entityshop`
--

LOCK TABLES `ds_entityshop` WRITE;
/*!40000 ALTER TABLE `ds_entityshop` DISABLE KEYS */;
/*!40000 ALTER TABLE `ds_entityshop` ENABLE KEYS */;
UNLOCK TABLES;

--
-- Table structure for table `ds_evaluategoods`
--

DROP TABLE IF EXISTS `ds_evaluategoods`;
/*!40101 SET @saved_cs_client     = @@character_set_client */;
/*!40101 SET character_set_client = utf8 */;
CREATE TABLE `ds_evaluategoods` (
  `geval_id` int(11) NOT NULL AUTO_INCREMENT COMMENT '信誉评价自增ID',
  `geval_orderid` int(11) NOT NULL COMMENT '订单表ID',
  `geval_orderno` varchar(20) NOT NULL COMMENT '订单编号',
  `geval_ordergoodsid` int(11) NOT NULL COMMENT '订单商品表编号',
  `geval_goodsid` int(11) NOT NULL COMMENT '商品表编号',
  `geval_goodsname` varchar(100) NOT NULL COMMENT '商品名称',
  `geval_goodsprice` decimal(10,2) DEFAULT NULL COMMENT '商品价格',
  `geval_goodsimage` varchar(255) DEFAULT NULL COMMENT '商品图片',
  `geval_scores` tinyint(1) NOT NULL COMMENT '1-5分',
  `geval_content` varchar(255) DEFAULT NULL COMMENT '信誉评价内容',
  `geval_isanonymous` tinyint(1) NOT NULL DEFAULT '0' COMMENT '0:不是 1:匿名评价',
  `geval_addtime` int(11) NOT NULL COMMENT '评价时间',
  `geval_frommemberid` int(11) NOT NULL COMMENT '评价人编号',
  `geval_frommembername` varchar(100) NOT NULL COMMENT '评价人名称',
  `geval_state` tinyint(1) NOT NULL DEFAULT '0' COMMENT '评价信息的状态 0为正常 1为禁止显示',
  `geval_remark` varchar(255) DEFAULT NULL COMMENT '管理员对评价的处理备注',
  `geval_explain` varchar(255) DEFAULT NULL COMMENT '解释内容',
  `geval_image` varchar(255) DEFAULT NULL COMMENT '晒单图片',
  PRIMARY KEY (`geval_id`),
  KEY `geval_orderid` (`geval_orderid`),
  KEY `geval_ordergoodsid` (`geval_ordergoodsid`),
  KEY `geval_goodsid` (`geval_goodsid`),
  KEY `geval_frommemberid` (`geval_frommemberid`)
) ENGINE=InnoDB DEFAULT CHARSET=utf8 COMMENT='信誉评价表';
/*!40101 SET character_set_client = @saved_cs_client */;

--
-- Dumping data for table `ds_evaluategoods`
--

LOCK TABLES `ds_evaluategoods` WRITE;
/*!40000 ALTER TABLE `ds_evaluategoods` DISABLE KEYS */;
/*!40000 ALTER TABLE `ds_evaluategoods` ENABLE KEYS */;
UNLOCK TABLES;

--
-- Table structure for table `ds_exppointslog`
--

DROP TABLE IF EXISTS `ds_exppointslog`;
/*!40101 SET @saved_cs_client     = @@character_set_client */;
/*!40101 SET character_set_client = utf8 */;
CREATE TABLE `ds_exppointslog` (
  `explog_id` int(11) NOT NULL AUTO_INCREMENT COMMENT '经验值日志自增ID',
  `explog_memberid` int(11) NOT NULL COMMENT '会员ID',
  `explog_membername` varchar(100) NOT NULL COMMENT '会员名称',
  `explog_points` int(11) NOT NULL DEFAULT '0' COMMENT '经验值负数表示扣除',
  `explog_addtime` int(11) NOT NULL COMMENT '经验值添加时间',
  `explog_desc` varchar(100) NOT NULL COMMENT '经验值操作描述',
  `explog_stage` varchar(50) NOT NULL COMMENT '经验值操作状态',
  PRIMARY KEY (`explog_id`),
  KEY `explog_memberid` (`explog_memberid`)
) ENGINE=InnoDB DEFAULT CHARSET=utf8 COMMENT='经验值日志表';
/*!40101 SET character_set_client = @saved_cs_client */;

--
-- Dumping data for table `ds_exppointslog`
--

LOCK TABLES `ds_exppointslog` WRITE;
/*!40000 ALTER TABLE `ds_exppointslog` DISABLE KEYS */;
/*!40000 ALTER TABLE `ds_exppointslog` ENABLE KEYS */;
UNLOCK TABLES;

--
-- Table structure for table `ds_express`
--

DROP TABLE IF EXISTS `ds_express`;
/*!40101 SET @saved_cs_client     = @@character_set_client */;
/*!40101 SET character_set_client = utf8 */;
CREATE TABLE `ds_express` (
  `express_id` tinyint(1) unsigned NOT NULL AUTO_INCREMENT COMMENT '快递公司自增ID',
  `express_name` varchar(50) NOT NULL COMMENT '快递公司名称',
  `express_state` enum('0','1') NOT NULL DEFAULT '1' COMMENT '快递公司状态',
  `express_code` varchar(50) NOT NULL COMMENT '快递公司编号',
  `express_letter` char(1) NOT NULL COMMENT '快递公司首字母',
  `express_order` enum('1','2') NOT NULL DEFAULT '2' COMMENT '1:常用2:不常用',
  `express_url` varchar(100) NOT NULL COMMENT '快递公司网址',
  `express_zt_state` tinyint(4) DEFAULT '0' COMMENT '是否支持服务站配送0否1是',
  PRIMARY KEY (`express_id`)
) ENGINE=InnoDB AUTO_INCREMENT=48 DEFAULT CHARSET=utf8 COMMENT='快递公司';
/*!40101 SET character_set_client = @saved_cs_client */;

--
-- Dumping data for table `ds_express`
--

LOCK TABLES `ds_express` WRITE;
/*!40000 ALTER TABLE `ds_express` DISABLE KEYS */;
INSERT INTO `ds_express` VALUES (1,'安信达','0','AXD','A','2','http://www.anxinda.com',0),(2,'包裹平邮','1','YZPY','B','2','http://yjcx.chinapost.com.cn',0),(3,'CCES','1','CCES','C','2','http://www.cces.com.cn',0),(4,'传喜物流','1','CXHY','C','2','http://www.cxcod.com',0),(5,'DHL快递','1','DHL','D','2','http://www.cn.dhl.com',0),(6,'大田物流','1','DTWL','D','2','http://www.dtw.com.cn',0),(7,'德邦物流','1','DBL','D','2','http://www.deppon.com',0),(8,'EMS','1','EMS','E','2','http://www.ems.com.cn',0),(9,'EMS国际','1','EMSGJ','E','2','###',0),(10,'飞康达','1','FKD','F','2','http://www.fkd.com.cn',0),(11,'FedEx(国际)','1','FKD_GJ','F','2','http://fedex.com/cn',0),(12,'凡客如风达','1','rufengda','F','2','http://www.rufengda.com',0),(13,'迦递快递','1','GAI','G','2','https://www.trackingmore.com',0),(14,'广通','1','GTONG','G','2','http://gto315.com',0),(15,'共速达','1','GSD','G','2','http://www.gongsuda.com/mall/Search.aspx',0),(16,'华宇物流','1','HOAU','H','2','http://www.hoau.net',0),(17,'京东快递','1','JD','J','2','http://www.jdwl.com',0),(18,'佳吉快运','1','JJKY','J','2','http://www.jiaji.com',0),(19,'佳怡物流','1','JYWL','J','2','http://www.jiayi56.com',0),(20,'急先达','1','JXD','J','2','http://www.joust.cn',0),(21,'快捷速递','1','FAST','K','2','http://www.fastexpress.com.cn',0),(22,'龙邦快递','1','LB','L','2','http://www.lbex.com.cn',0),(23,'联邦快递','1','FEDEX','L','2','http://cndxp.apac.fedex.com/dxp.html',0),(24,'联昊通','1','LHT','L','2','http://www.lhtex.com.cn',0),(25,'全一快递','1','UAPEX','Q','2','http://www.apex100.com',0),(26,'全峰快递','1','QFKD','Q','2','http://www.qfkd.com.cn',0),(27,'全日通','1','QRT','Q','2','http://www.at-express.com',0),(28,'申通快递','1','STO','S','2','http://www.sto.cn',0),(29,'顺丰快递','1','SF','S','1','http://www.sf-express.com',0),(30,'速尔快递','1','SURE','S','2','http://www.sure56.com',0),(31,'TNT快递','1','TNT','T','2','http://www.tnt.com.cn',0),(32,'天天快递','1','HHTT','T','2','http://www.ttkdex.com',0),(33,'天地华宇','1','HOAU','T','2','http://www.hoau.net',0),(34,'UPS快递','1','UPS','U','2','http://www.ups.com/cn',0),(35,'USPS','1','USPS','U','2','http://www.kuaidi100.com/all/usps.shtml',0),(36,'迅驰物流','1','XCWL','X','2','https://cn.made-in-china.com',0),(37,'信丰物流','1','XFEX','X','2','http://www.xf-express.com.cn',0),(38,'希优特','1','XYT','X','2','http://www.hqepay.com',0),(39,'新杰物流','1','XJ','X','2','http://www.sunjex.com/',0),(40,'圆通快递','1','YTO','Y','1','http://www.yto.net.cn',0),(41,'韵达快递','1','YD','Y','1','http://www.yundaex.com',0),(42,'邮政包裹','1','YZPY','Y','2','http://yjcx.chinapost.com.cn',0),(43,'优速快递','1','UC','Y','2','http://www.uc56.com',0),(44,'中通快递','1','ZTO','Z','1','http://www.zto.cn',0),(45,'中铁快运','1','ZTKY','Z','2','http://www.cre.cn',0),(46,'宅急送','1','ZJS','Z','2','http://www.zjs.com.cn',0),(47,'中邮物流','1','ZYWL','Z','2','http://www.cnpl.com.cn',0);
/*!40000 ALTER TABLE `ds_express` ENABLE KEYS */;
UNLOCK TABLES;

--
-- Table structure for table `ds_favorites`
--

DROP TABLE IF EXISTS `ds_favorites`;
/*!40101 SET @saved_cs_client     = @@character_set_client */;
/*!40101 SET character_set_client = utf8 */;
CREATE TABLE `ds_favorites` (
  `favlog_id` int(10) unsigned NOT NULL AUTO_INCREMENT COMMENT '收藏记录自增ID',
  `member_id` int(10) unsigned NOT NULL COMMENT '会员ID',
  `member_name` varchar(50) NOT NULL COMMENT '会员名',
  `fav_id` int(10) unsigned NOT NULL COMMENT '商品ID或店铺ID',
  `fav_time` int(10) unsigned NOT NULL COMMENT '收藏时间',
  `goods_name` varchar(200) DEFAULT NULL COMMENT '商品名称',
  `goods_image` varchar(100) DEFAULT NULL COMMENT '商品图片',
  `gc_id` int(10) unsigned DEFAULT '0' COMMENT '商品分类ID',
  `favlog_price` decimal(10,2) DEFAULT '0.00' COMMENT '商品收藏时价格',
  `favlog_msg` varchar(20) DEFAULT NULL COMMENT '收藏备注',
  PRIMARY KEY (`favlog_id`),
  KEY `member_id` (`member_id`)
) ENGINE=InnoDB DEFAULT CHARSET=utf8 COMMENT='收藏表';
/*!40101 SET character_set_client = @saved_cs_client */;

--
-- Dumping data for table `ds_favorites`
--

LOCK TABLES `ds_favorites` WRITE;
/*!40000 ALTER TABLE `ds_favorites` DISABLE KEYS */;
/*!40000 ALTER TABLE `ds_favorites` ENABLE KEYS */;
UNLOCK TABLES;

--
-- Table structure for table `ds_feedback`
--

DROP TABLE IF EXISTS `ds_feedback`;
/*!40101 SET @saved_cs_client     = @@character_set_client */;
/*!40101 SET character_set_client = utf8 */;
CREATE TABLE `ds_feedback` (
  `fb_id` int(10) unsigned NOT NULL AUTO_INCREMENT COMMENT '反馈自增ID',
  `fb_content` varchar(500) DEFAULT NULL COMMENT '反馈内容',
  `fb_type` varchar(50) DEFAULT NULL COMMENT '1:手机端 2:PC端',
  `fb_time` int(10) unsigned NOT NULL DEFAULT '0' COMMENT '反馈时间',
  `member_id` int(10) unsigned NOT NULL COMMENT '用户ID',
  `member_name` varchar(50) NOT NULL COMMENT '用户名',
  PRIMARY KEY (`fb_id`),
  KEY `member_id` (`member_id`)
) ENGINE=InnoDB DEFAULT CHARSET=utf8 COMMENT='意见反馈';
/*!40101 SET character_set_client = @saved_cs_client */;

--
-- Dumping data for table `ds_feedback`
--

LOCK TABLES `ds_feedback` WRITE;
/*!40000 ALTER TABLE `ds_feedback` DISABLE KEYS */;
/*!40000 ALTER TABLE `ds_feedback` ENABLE KEYS */;
UNLOCK TABLES;

--
-- Table structure for table `ds_flowstat`
--

DROP TABLE IF EXISTS `ds_flowstat`;
/*!40101 SET @saved_cs_client     = @@character_set_client */;
/*!40101 SET character_set_client = utf8 */;
CREATE TABLE `ds_flowstat` (
  `flowstat_stattime` int(11) unsigned NOT NULL COMMENT '访问日期',
  `flowstat_clicknum` int(11) unsigned NOT NULL COMMENT '访问量',
  `flowstat_type` varchar(10) NOT NULL COMMENT '类型',
  `goods_id` int(11) unsigned NOT NULL COMMENT '商品ID',
  KEY `goods_id` (`goods_id`)
) ENGINE=InnoDB DEFAULT CHARSET=utf8 COMMENT='访问量统计表';
/*!40101 SET character_set_client = @saved_cs_client */;

--
-- Dumping data for table `ds_flowstat`
--

LOCK TABLES `ds_flowstat` WRITE;
/*!40000 ALTER TABLE `ds_flowstat` DISABLE KEYS */;
/*!40000 ALTER TABLE `ds_flowstat` ENABLE KEYS */;
UNLOCK TABLES;

--
-- Table structure for table `ds_gadmin`
--

DROP TABLE IF EXISTS `ds_gadmin`;
/*!40101 SET @saved_cs_client     = @@character_set_client */;
/*!40101 SET character_set_client = utf8 */;
CREATE TABLE `ds_gadmin` (
  `gid` smallint(5) unsigned NOT NULL AUTO_INCREMENT COMMENT '权限自增id',
  `gname` varchar(50) DEFAULT NULL COMMENT '权限组名',
  `glimits` text COMMENT '权限组序列',
  PRIMARY KEY (`gid`)
) ENGINE=InnoDB AUTO_INCREMENT=2 DEFAULT CHARSET=utf8 COMMENT='权限组';
/*!40101 SET character_set_client = @saved_cs_client */;

--
-- Dumping data for table `ds_gadmin`
--

LOCK TABLES `ds_gadmin` WRITE;
/*!40000 ALTER TABLE `ds_gadmin` DISABLE KEYS */;
INSERT INTO `ds_gadmin` VALUES (1,'测试','KSUtPiRh5i8oOD7-Z24kZSZ-_D6QazEwLFsTxcFvuUSTrBjCub0zXmaCHlb1M4QoEUHD8qOGziWUltZF5jhzKcI1NihybqZ2QxXSNmOx2fXSomNDM3cFT7QzDUFkeAYWLXbhDsak8wWY8SMyQuHYnxXE9xbGtDdlqRJ1BbaVTodE0jaSFnLUe6YSkkHVE_dWPnbA3UID2kYVfgWRPleCU0YJwcHD4wL5fMW1RoW1R4W1qWImNihz_tXWQjbC51JE-pQCEuIVUjcmvOYiTUJUeVYV_gXBTyeDIhVpEbG0wOIZ_zXk5sWV1dblCpCmFhbEXwZmQ6Py5wLkCZcCUwH1sHblXuYi3r-EGgX2XPbBT8QEUoWZISJUMhMJfDWlRobGhvc1qdMDRdf0jvcWMqYTFtOxyfcCUlJEQhbFDyYzzwJU-oUlzTd_PvX1UpVYohMx4dMoTlTVRoZ114V1SbH2t8aEvnW28sbzRuM0ezYSEmGkAha2vOYCXhFE-oXl7qSCHvaU8wWYsbLzkdKp7mVVxPal5pdm-WI11caE3uZ24leB90KjiccCUxJkEzblPrWS7WMxKxXmXeWiT5eDYuV54cKEAeMZT6Qk90W1dheWe9Jl5cdlPkZ24rYyNrLj6ccSo2ND8wb1zuZCneIUuoXWTjWR38PUMwWZIWK0k4BYn0VVRkamt-dlmiJ2t8aFHmXXQrXS1jIjCpTCsrJklMucl7jbBDeHDmzXmLSXSH8TkUfWI0fGjUfHZ3iaDNzWWNjbFmSJlBbhzLvWXQnaiN3Lk-fdTgVLEAybVTsUiXhMy6zUGTiahDkYVwPZI0hGj8rIJ76P1RgbFxdeVaSKFhdblvObGEyXSV2IE2gXSgnNDYjY1fgZ-7jGDivX1HiXQ7tYVMvUYMSMychH4PfYA5sXV1xh0KSF1dQfw3mV3QjdDN-EjCQZC025kwjbVHkYjzGGD6nUGScSxTuYCwlY5_t');
/*!40000 ALTER TABLE `ds_gadmin` ENABLE KEYS */;
UNLOCK TABLES;

--
-- Table structure for table `ds_goods`
--

DROP TABLE IF EXISTS `ds_goods`;
/*!40101 SET @saved_cs_client     = @@character_set_client */;
/*!40101 SET character_set_client = utf8 */;
CREATE TABLE `ds_goods` (
  `goods_id` int(10) unsigned NOT NULL AUTO_INCREMENT COMMENT '商品自增ID(SKU)',
  `goods_commonid` int(10) unsigned NOT NULL COMMENT '商品公共表id',
  `goods_name` varchar(200) NOT NULL COMMENT '商品名称+规格名称',
  `goods_advword` varchar(150) DEFAULT NULL COMMENT '商品广告词',
  `gc_id` int(10) unsigned NOT NULL COMMENT '商品分类ID',
  `gc_id_1` int(10) DEFAULT NULL COMMENT '一级分类ID',
  `gc_id_2` int(10) DEFAULT NULL COMMENT '二级分类ID',
  `gc_id_3` int(10) DEFAULT NULL COMMENT '三级分类ID',
  `brand_id` int(10) unsigned DEFAULT '0' COMMENT '品牌ID',
  `goods_price` decimal(10,2) NOT NULL COMMENT '商品价格',
  `goods_promotion_price` decimal(10,2) NOT NULL DEFAULT '0.00' COMMENT '商品促销价格',
  `goods_promotion_type` tinyint(3) unsigned NOT NULL DEFAULT '0' COMMENT '促销类型 0:无促销 1:抢购 2:限时折扣',
  `goods_marketprice` decimal(10,2) DEFAULT NULL COMMENT '商品市场价',
  `goods_serial` varchar(50) NOT NULL COMMENT '商家编号',
  `goods_storage_alarm` tinyint(3) unsigned NOT NULL DEFAULT '0' COMMENT '商品库存报警值',
  `goods_click` int(10) unsigned NOT NULL DEFAULT '0' COMMENT '商品点击数量',
  `goods_salenum` int(10) unsigned NOT NULL DEFAULT '0' COMMENT '商品销售数量',
  `goods_collect` int(10) unsigned NOT NULL DEFAULT '0' COMMENT '商品收藏数量',
  `goods_spec` text NOT NULL COMMENT '商品规格序列化',
  `goods_storage` int(10) unsigned NOT NULL DEFAULT '0' COMMENT '商品库存',
  `goods_image` varchar(100) DEFAULT '' COMMENT '商品主图',
  `goods_lock` tinyint(3) unsigned DEFAULT '0' COMMENT '商品锁定 0未锁，1已锁',
  `goods_state` tinyint(3) unsigned DEFAULT '0' COMMENT '商品状态 10:存入仓库 1:正常',
  `goods_addtime` int(10) unsigned NOT NULL COMMENT '商品添加时间',
  `goods_edittime` int(10) unsigned NOT NULL COMMENT '商品编辑时间',
  `areaid_1` int(10) unsigned DEFAULT NULL COMMENT '一级地区id',
  `areaid_2` int(10) unsigned DEFAULT NULL COMMENT '二级地区id',
  `region_id` int(10) unsigned DEFAULT '0' COMMENT '一级地区id',
  `color_id` int(10) unsigned NOT NULL DEFAULT '0' COMMENT '颜色规格id',
  `transport_id` mediumint(8) unsigned DEFAULT '0' COMMENT '售卖区域id',
  `goods_freight` decimal(10,2) unsigned NOT NULL DEFAULT '0.00' COMMENT '运费 0:免运费',
  `goods_vat` tinyint(3) unsigned NOT NULL DEFAULT '0' COMMENT '是否开具增值税发票 1:是 0:否',
  `goods_commend` tinyint(3) unsigned NOT NULL DEFAULT '0' COMMENT '商品推荐 1:是 0:否',
  `goods_stcids` varchar(255) NOT NULL DEFAULT '' COMMENT '店铺分类ID 首尾用,隔开',
  `evaluation_good_star` tinyint(3) unsigned NOT NULL DEFAULT '5' COMMENT '好评星级',
  `evaluation_count` int(10) unsigned NOT NULL DEFAULT '0' COMMENT '评价数',
  `is_virtual` tinyint(3) DEFAULT '0' COMMENT '是否为虚拟商品 1:是 0:否',
  `virtual_indate` int(10) DEFAULT NULL COMMENT '虚拟商品有效期',
  `virtual_limit` tinyint(3) unsigned DEFAULT NULL COMMENT '虚拟商品购买上限',
  `virtual_invalid_refund` tinyint(3) unsigned DEFAULT '1' COMMENT '是否允许过期退款 1:是 0:否',
  `is_goodsfcode` tinyint(4) DEFAULT '0' COMMENT '是否为F码商品 1:是 0:否',
  `is_appoint` tinyint(3) unsigned NOT NULL DEFAULT '0' COMMENT '是否是预约商品 1:是 0:否',
  `is_presell` tinyint(3) unsigned NOT NULL DEFAULT '0' COMMENT '是否是预售商品 1:是 0:否',
  `is_have_gift` tinyint(3) unsigned NOT NULL DEFAULT '0' COMMENT '是否拥有赠品',
  `goods_mgdiscount` text COMMENT '序列化会员等级折扣(商品)',
  PRIMARY KEY (`goods_id`),
  KEY `gc_id` (`gc_id`),
  KEY `gc_id_1` (`gc_id_1`),
  KEY `gc_id_2` (`gc_id_2`),
  KEY `gc_id_3` (`gc_id_3`),
  KEY `brand_id` (`brand_id`),
  KEY `goods_commonid` (`goods_commonid`)
) ENGINE=InnoDB AUTO_INCREMENT=352 DEFAULT CHARSET=utf8 COMMENT='商品表';
/*!40101 SET character_set_client = @saved_cs_client */;

--
-- Dumping data for table `ds_goods`
--

LOCK TABLES `ds_goods` WRITE;
/*!40000 ALTER TABLE `ds_goods` DISABLE KEYS */;
INSERT INTO `ds_goods` VALUES (2,2,'荣耀V9 play 标配版 3+32G 全网通4G手机 铂光金','北欧极简设计，EMUI5.1',2,1,2,0,0,998.00,998.00,0,1290.00,'1',0,6,0,0,'N;',900,'2017092120144795113.jpg',0,10,1505996432,1685782927,0,0,0,0,0,0.00,0,1,'',5,0,1,1514476799,1,0,0,0,0,0,NULL),(3,3,'Apple/苹果 iPhone 7plus 128GB 玫瑰金色 移动联通电信4G手机','购机即送精美防尘塞+便捷支架+鱼骨绕线器+店铺延保一年',2,1,2,0,0,6999.00,6999.00,0,7100.00,'2',10,12,0,0,'N;',899,'2017092120244885492.jpg',0,10,1505996810,1685782927,0,0,0,0,0,0.00,0,1,'',5,0,0,0,0,0,0,0,0,0,NULL),(4,4,'nubia/努比亚Z17 6G+64G 全网通4G手机 烈焰红 无边框','烈焰红 无边框',2,1,2,0,0,2699.00,2699.00,0,3000.00,'3',10,5,0,0,'N;',899,'2017092120312320763.jpg',0,10,1505997092,1685782927,0,0,0,0,0,0.00,0,1,'',5,0,0,0,0,0,0,0,0,0,NULL),(5,5,'智能电动代步车','长续航蓝牙遥控 轻小便携',3,1,3,0,0,1990.00,1990.00,0,2000.00,'4',0,5,0,0,'N;',99,'2017092120345719915.jpg',0,10,1505997303,1685782923,0,0,0,0,0,0.00,0,1,'',5,0,0,0,0,0,0,0,0,0,NULL),(6,6,'灵动Lite版 NV3012 视频通话智能机器人','人工智能 视频聊天儿童早教益智娱乐 智能家居',3,1,3,0,0,149.00,149.00,0,150.00,'5',10,0,0,0,'N;',56,'2017092120365848023.jpg',0,10,1505997421,1685782923,0,0,0,0,0,0.00,0,1,'',5,0,0,0,0,0,0,0,0,0,NULL),(7,7,'HOST好帅智能云教育机器人二蛋Q6 ','早教机英语学习机国学儿童陪护 玩具礼物百科全书正版音乐播放机京剧粤剧儿歌国学',3,1,3,0,0,1699.00,1699.00,0,2000.00,'6',0,4,0,0,'N;',199,'2017092120382376796.jpg',0,10,1505997509,1685782923,0,0,0,0,0,0.00,0,1,'',5,0,0,0,0,0,0,0,0,0,NULL),(8,8,'先锋(Pioneer)LED-39B700S 39英寸 高清 网络 智能 液晶电视','六核高速处理器 智能系统 高清解码 聚力影视资源  ',5,4,5,0,0,1599.00,1599.00,0,1699.00,'7',0,1,0,0,'N;',399,'2017092120445748551.jpg',0,10,1505997903,1685782923,0,0,0,0,0,0.00,0,1,'',5,0,0,0,0,0,0,0,0,0,NULL),(9,9,'长虹（CHANGHONG）39M1 39英寸 窄边高清液晶电视（黑色）','蓝光护眼电视，卧室精选',5,4,5,0,0,1399.00,1399.00,0,1500.00,'8',0,2,0,0,'N;',69,'2017092120480147477.jpg',0,10,1505998084,1685782923,0,0,0,0,0,0.00,0,1,'',5,0,0,0,0,0,0,0,0,0,NULL),(10,10,'39英寸64位24核安卓智能平板液晶电视（黑色）','炫彩A+屏看的更清晰，2K电视4K芯！HDR10让画面栩栩如生',5,4,5,0,0,1200.00,1200.00,0,1399.00,'',0,0,0,0,'N;',45,'2017092120493430154.jpg',0,10,1505998176,1685782923,0,0,0,0,0,0.00,0,1,'',5,0,0,0,0,0,0,0,0,0,NULL),(11,11,'1.5匹 变频 智能 二级能效极速侠 空调挂机','60秒暖房，wifi智控，18分贝静音，焕新家，就是这么简单！',6,4,6,0,0,2699.00,2699.00,0,2780.00,'9',0,0,0,0,'N;',700,'2017092120564717575.jpg',0,10,1505998723,1685782923,0,0,0,0,0,0.00,0,1,'',5,0,0,0,0,0,0,0,0,0,NULL),(12,12,'扬子(YAIR) 小2匹 冷暖 自动清洗 定频空调柜机','日立压缩机，全网比价，柜机中的战斗机',6,4,6,0,0,2999.00,2999.00,0,3200.00,'10',0,0,0,0,'N;',390,'2017092121050988491.jpg',0,10,1505999121,1685782923,0,0,0,0,0,0.00,0,1,'',5,0,0,0,0,0,0,0,0,0,NULL),(13,13,'变频风冷无霜 独立双循环 LED显示 对开门冰箱（白色)','   变频压缩机，双独立循环，满足对空气、温度、湿度要求，创造大容量保鲜奇迹！并联双循环+智能精准控温',7,4,7,0,0,5380.00,5380.00,0,5399.00,'11',0,3,0,0,'N;',180,'2017092121142556524.jpg',0,10,1505999668,1685782923,0,0,0,0,0,0.00,0,1,'',5,0,0,0,0,0,0,0,0,0,NULL),(14,14,'三门冰箱',' 家用节能 中门软冷冻 红色玻璃面板 静音低噪',7,4,7,0,0,1433.00,1433.00,0,1699.00,'12',0,4,0,0,'N;',69,'2017092121225164684.jpg',0,10,1506000181,1685786565,0,0,0,0,0,0.00,0,1,'',5,0,0,0,0,0,0,0,0,0,NULL),(15,15,'方太（FOTILE）云魔方欧式 烟灶套餐','18立方 天然气',20,8,20,0,0,4299.00,4299.00,0,4380.00,'13',0,2,0,0,'N;',58,'2017092121260662503.jpg',0,10,1506000371,1685782918,0,0,0,0,0,0.00,0,1,'',5,0,0,0,0,0,0,0,0,0,NULL),(16,16,'美的(Midea)台嵌两用燃气灶JZT-Q360B防爆钢化玻璃面板','4.2KW强劲火力；五档精控；时尚方灶，高端厨房品质之选！  ',20,8,20,0,0,1190.00,1190.00,0,1200.00,'14',0,0,0,0,'N;',140,'2017092121492327671.jpg',0,10,1506001770,1685782918,0,0,0,0,0,0.00,0,1,'',5,0,0,0,0,0,0,0,0,0,NULL),(17,17,'飞科(FLYCO) 电动剃须刀','全身水洗，USB充电系统，优雅充电底座，刀架可浮动，1小时快充',21,8,21,0,0,145.00,145.00,0,160.00,'15',0,0,0,0,'N;',456,'2017092121542617701.jpg',0,10,1506002071,1685782918,0,0,0,0,0,0.00,0,1,'',5,0,0,0,0,0,0,0,0,0,NULL),(18,18,'美的（Midea）电饭煲','不锈钢外壳 智能一键通 24小时预约3-4-5-6人电饭锅',21,8,21,0,0,199.00,199.00,0,210.00,'16',0,2,0,0,'N;',132,'2017092121564484910.jpg',0,10,1506002220,1685782918,0,0,0,0,0,0.00,0,1,'',5,0,0,0,0,0,0,0,0,0,NULL),(19,19,'孔雀尾 菜刀套装','刀具齐全 优质钢材 经久耐用 耐腐蚀高强度',22,8,22,0,0,368.00,368.00,0,400.00,'17',0,2,0,0,'N;',454,'2017092122005521920.jpg',0,10,1506002467,1685782918,0,0,0,0,0,0.00,0,1,'',5,0,0,0,0,0,0,0,0,0,NULL),(20,20,'苏泊尔（supor)家用真空保温壶·晶韵系列KC20AP1(摩卡金)','2L大容量 真空保温 304不锈钢 保冷保热  ',22,8,22,0,0,199.00,199.00,0,250.00,'',0,0,0,0,'N;',248,'2017092122035543274.jpg',0,10,1506002646,1685782918,0,0,0,0,0,0.00,0,1,'',5,0,0,0,0,0,0,0,0,0,NULL),(21,21,'联想(Lenovo)拯救者Y520 15.6英寸游戏笔记本电脑','R720同模具，加128SSD混合硬盘，GTX1050显卡，背光键盘',23,9,23,0,0,5400.00,5400.00,0,5499.00,'20',0,0,0,0,'N;',459,'2017092123585272874.jpg',0,10,1506009741,1685782918,0,0,0,0,0,0.00,0,1,'',5,0,0,0,0,0,0,0,0,0,NULL),(22,22,'华硕（ASUS）FH5900 顽石电竞版15.6英寸游戏笔记本电脑','1T 940MX-2G独显',23,9,23,0,0,4499.00,4499.00,0,4500.00,'20',0,0,0,0,'N;',168,'2017092200403659812.jpg',0,10,1506012042,1685782918,0,0,0,0,0,0.00,0,1,'',5,0,0,0,0,0,0,0,0,0,NULL),(23,23,'戴尔(DELL)灵越Ins15MR-7528SS 15.6英寸笔记本电脑','',23,9,23,0,0,3999.00,3999.00,0,4200.00,'21',0,4,0,0,'N;',230,'2017092201034951336.jpg',0,10,1506013470,1685782918,0,0,0,0,0,0.00,0,1,'',5,0,0,0,0,0,0,0,0,0,NULL),(24,24,'佳能(Canon) EOS M10 微单套机','时尚翻屏设计-超赞屏幕取景-WiFi随拍随秀',24,9,24,0,0,2290.00,2290.00,0,2999.00,'22',0,2,0,0,'N;',145,'2017092201084565859.jpg',0,10,1506013739,1685782918,0,0,0,0,0,0.00,0,1,'',5,0,0,0,0,0,0,0,0,0,NULL),(25,25,' 数码单反相机','下单赠送主图大礼包 内存卡 相机包 三脚架',24,9,24,0,0,4280.00,4280.00,0,4300.00,'23',0,2,0,0,'N;',128,'2017092201381015306.jpg',0,10,1506015501,1685782913,0,0,0,0,0,0.00,0,1,'',5,0,0,0,0,0,0,0,0,0,NULL),(26,26,'南极人(NanJiren) 加高蒙古包蚊帐','开门支架学生宿舍单人双人B',25,10,25,0,0,59.00,59.00,0,66.00,'10',0,0,0,0,'N;',78,'2017092201461861948.jpg',0,10,1506015989,1685782913,0,0,0,0,0,0.00,0,1,'',5,0,0,0,0,0,0,0,0,0,NULL),(27,27,'小狮子抱枕',' 带给你专宠的美好',25,10,25,0,0,39.00,39.00,0,45.00,'28',10,0,0,0,'N;',99,'2017092201523177266.jpg',0,10,1506016354,1685782913,0,0,0,0,0,0.00,0,1,'',5,0,0,0,0,0,0,0,0,0,NULL),(28,28,'南极人(NanJiren)纯棉床单四件套全棉床上用品婚庆被套4件套','夏日约“惠”南极人',26,10,26,0,0,109.00,109.00,0,120.00,'',0,0,0,0,'N;',147,'2017092202022516767.jpg',0,10,1506016948,1685782913,0,0,0,0,0,0.00,0,1,'',5,0,0,0,0,0,0,0,0,0,NULL),(29,29,'欧式美式实木雕花沙发 高档大户型客厅真皮沙发头层牛皮沙发组合','头层牛皮+全实木',26,10,26,0,0,1320.00,1320.00,0,1400.00,'26',0,0,0,0,'N;',99,'2017092202082283957.jpg',0,10,1506017336,1685782913,0,0,0,0,0,0.00,0,1,'',5,0,0,0,0,0,0,0,0,0,NULL),(30,30,'北欧简约现代日式可拆洗布艺床','小户型实木婚床软床',26,10,26,0,0,1980.00,1980.00,0,2100.00,'',0,1,0,0,'N;',49,'2017092202112937358.jpg',0,10,1506017493,1685782913,0,0,0,0,0,0.00,0,1,'',5,0,0,0,0,0,0,0,0,0,NULL),(31,31,'宜莱芙 吸盘挂壁式牙刷架漱口杯套装（4口之家）','',27,10,27,0,0,49.00,49.00,0,55.00,'27',0,0,0,0,'N;',78,'2017092202162519571.jpg',0,10,1506017804,1685782913,0,0,0,0,0,0.00,0,1,'',5,0,0,0,0,0,0,0,0,0,NULL),(32,32,'日用浴室用品现代时尚家居家用浴帘','宽150*高180+环 一个装',27,10,27,0,0,22.50,22.50,0,25.00,'28',0,1,0,0,'N;',59,'2017092202215519250.jpg',0,10,1506018119,1685782913,0,0,0,0,0,0.00,0,1,'',5,0,0,0,0,0,0,0,0,0,NULL),(33,33,'益达 木糖醇清爽西瓜味40粒瓶装56g','关爱牙齿，更关心您',28,11,28,0,0,12.80,12.80,0,13.00,'10',0,0,0,0,'N;',998,'2017092202310929808.jpg',0,10,1506018671,1685782913,0,0,0,0,0,0.00,0,1,'',5,0,0,0,0,0,0,0,0,0,NULL),(34,34,'三只松鼠_小贱串烧味拉面丸子85g','闲膨化零食拉面丸子休闲丸子串烧味',28,11,28,0,0,13.80,13.80,0,14.00,'',0,0,0,0,'N;',546,'2017092202323192694.jpg',0,10,1506018762,1685782913,0,0,0,0,0,0.00,0,1,'',5,0,0,0,0,0,0,0,0,0,NULL),(36,36,'洋河 梦之蓝M3-52度500ml','',29,11,29,0,0,528.00,528.00,0,570.00,'',0,0,0,0,'N;',85,'2017092202350299027.jpg',0,10,1506018905,1685782907,0,0,0,0,0,0.00,0,1,'',5,0,0,0,0,0,0,0,0,0,NULL),(37,37,'五粮液 红 52度','孝敬长辈，推荐用酒',29,11,29,0,0,695.00,695.00,0,820.00,'31',0,0,0,0,'a:2:{i:1;s:3:\"红\";i:37;s:5:\"52度\";}',450,'2017092202382291274.jpg',0,10,1506019112,1685782907,0,0,0,1,0,0.00,0,1,'',5,0,0,0,0,0,0,0,0,0,NULL),(39,39,'自然堂 水润保湿两件套 补水保湿套装','',30,12,30,0,0,69.40,69.40,0,70.00,'',0,0,0,0,'N;',148,'2017092202443553519.jpg',0,10,1506019477,1685782907,0,0,0,0,0,0.00,0,1,'',5,0,0,0,0,0,0,0,0,0,NULL),(40,40,'百雀羚水能量焕耀套装补水保湿护肤套装 两件套 翠绿 200ml','补水修复 宛若新生  ',30,12,30,0,0,369.00,369.00,0,400.00,'34',0,1,0,0,'a:3:{i:42;s:9:\"两件套\";i:45;s:6:\"翠绿\";i:46;s:5:\"200ml\";}',25,'2017092202461115940.jpg',0,10,1506019573,1685782907,0,0,0,42,0,0.00,0,1,'',5,0,0,0,0,0,0,0,0,0,NULL),(41,41,' 小黑裙香水洗发水+沐浴露 500ml',' 风魔欧美 持久留香 洗护套装',31,12,31,0,0,45.90,45.90,0,40.00,'38',0,0,0,0,'a:1:{i:1;s:5:\"500ml\";}',58,'2017092202492958131.jpg',0,10,1506019782,1685782907,0,0,0,1,0,0.00,0,1,'',5,0,0,0,0,0,0,0,0,0,NULL),(42,42,'滋源无硅油洗发水氨基酸生姜535洗护发套装 两件套 紫 500ml','',31,12,31,0,0,179.00,179.00,0,189.00,'39',0,0,0,0,'a:3:{i:49;s:9:\"两件套\";i:1;s:3:\"紫\";i:47;s:5:\"500ml\";}',45,'2017092202514891485.jpg',0,10,1506019911,1685782907,0,0,0,49,0,0.00,0,1,'',5,0,0,0,0,0,0,0,0,0,NULL),(43,43,'宠物用品出行牵引带','',32,12,32,0,0,14.90,14.90,0,25.00,'39',0,0,0,0,'N;',126,'2017092202553367071.jpg',0,10,1506020205,1685782907,0,0,0,0,0,0.00,0,1,'',5,0,0,0,0,0,0,0,0,0,NULL),(44,44,'家用宠物日用品饮水器喝水瓶','',32,12,32,0,0,14.90,14.90,0,15.00,'35',10,0,0,0,'N;',120,'2017092202585843151.jpg',0,10,1506020341,1685782907,0,0,0,0,0,0.00,0,1,'',5,0,0,0,0,0,0,0,0,0,NULL),(45,45,'与牧2017韩版短款 针织 黑 M','',39,15,39,0,0,39.00,39.00,0,42.00,'',0,1,0,0,'a:3:{i:1;s:6:\"针织\";i:3;s:3:\"黑\";i:8;s:1:\"M\";}',100,'2017092203045216863.jpg',0,10,1506020705,1685782907,0,0,0,1,0,0.00,0,1,'',5,0,0,0,0,0,0,0,0,0,NULL),(46,45,'与牧2017韩版短款 针织 黑 L','',39,15,39,0,0,39.00,39.00,0,42.00,'',0,0,0,0,'a:3:{i:1;s:6:\"针织\";i:3;s:3:\"黑\";i:9;s:1:\"L\";}',100,'2017092203045216863.jpg',0,10,1506020705,1685782907,0,0,0,1,0,0.00,0,1,'',5,0,0,0,0,0,0,0,0,0,NULL),(47,45,'与牧2017韩版短款 针织 黑 XL','',39,15,39,0,0,39.00,39.00,0,42.00,'',0,0,0,0,'a:3:{i:1;s:6:\"针织\";i:3;s:3:\"黑\";i:10;s:2:\"XL\";}',100,'2017092203045216863.jpg',0,10,1506020705,1685782907,0,0,0,1,0,0.00,0,1,'',5,0,0,0,0,0,0,0,0,0,NULL),(48,45,'与牧2017韩版短款 针织 白 M','',39,15,39,0,0,39.00,39.00,0,42.00,'',0,0,0,0,'a:3:{i:1;s:6:\"针织\";i:4;s:3:\"白\";i:8;s:1:\"M\";}',140,'2017092203045216863.jpg',0,10,1506020705,1685782907,0,0,0,1,0,0.00,0,1,'',5,0,0,0,0,0,0,0,0,0,NULL),(49,45,'与牧2017韩版短款 针织 白 L','',39,15,39,0,0,39.00,39.00,0,42.00,'',0,0,0,0,'a:3:{i:1;s:6:\"针织\";i:4;s:3:\"白\";i:9;s:1:\"L\";}',100,'2017092203045216863.jpg',0,10,1506020705,1685782907,0,0,0,1,0,0.00,0,1,'',5,0,0,0,0,0,0,0,0,0,NULL),(50,45,'与牧2017韩版短款 针织 白 XL','',39,15,39,0,0,39.00,39.00,0,42.00,'',0,0,0,0,'a:3:{i:1;s:6:\"针织\";i:4;s:3:\"白\";i:10;s:2:\"XL\";}',100,'2017092203045216863.jpg',0,10,1506020705,1685782907,0,0,0,1,0,0.00,0,1,'',5,0,0,0,0,0,0,0,0,0,NULL),(51,46,'蔚缇2017夏季小花网纱+吊带+喇叭裤三件套女','限时促销',39,15,39,0,0,139.50,139.50,0,145.00,'1610',0,3,0,0,'N;',169,'2017092203062937149.jpg',0,10,1506020790,1685782907,0,0,0,0,0,0.00,0,1,'',5,0,0,0,0,0,0,0,0,0,NULL),(52,47,'2017夏季百搭吊带背心女新款修身纯棉吊带衫蕾丝打底背心','宽松小吊带 白色',39,15,39,0,0,39.90,39.90,0,45.00,'1620',0,3,0,0,'N;',466,'2017092203083967214.jpg',0,10,1506020928,1685782901,0,0,0,0,0,0.00,0,1,'',5,0,0,0,0,0,0,0,0,0,NULL),(53,48,'2017秋季新款男士外套休闲潮牛仔夹克衫帅气棒球服学生韩版','秋季新款',41,15,41,0,0,159.00,159.00,0,169.00,'1630',10,3,0,0,'N;',258,'2017092203123417256.jpg',0,10,1506021154,1685782901,0,0,0,0,0,0.00,0,1,'',5,0,0,0,0,0,0,0,0,0,NULL),(54,49,'丹杰仕 夏季男女情侣防晒衣潮男时尚韩版修身连帽薄款印花夹克上衣','',41,15,41,0,0,59.00,59.00,0,69.00,'1640',0,2,0,0,'N;',540,'2017092203151752294.jpg',0,10,1506021320,1685782901,0,0,0,0,0,0.00,0,1,'',5,0,0,0,0,0,0,0,0,0,NULL),(55,50,'轻颦双黛 男士内裤透气吸汗男内裤','　男士舒适透气内裤 柔软舒适不易变形  ',44,15,44,0,0,29.80,29.80,0,36.00,'1650',10,0,0,0,'N;',128,'2017092203175020843.jpg',0,10,1506021473,1685782901,0,0,0,0,0,0.00,0,1,'',5,0,0,0,0,0,0,0,0,0,NULL),(56,51,'北极绒女士内裤','性感轻薄中低腰透气女内裤',44,15,44,0,0,49.00,49.00,0,58.00,'1660',0,0,0,0,'N;',999,'2017092203201884569.jpg',0,10,1506021621,1685782901,0,0,0,0,0,0.00,0,1,'',5,0,0,0,0,0,0,0,0,0,NULL),(57,52,'尖头粗跟高跟鞋一字扣单鞋 性感窜珠脚链高跟浅口凉鞋女鞋','',45,16,45,0,0,49.00,49.00,0,52.00,'1068',10,3,0,0,'N;',586,'2017092203242754461.jpg',0,10,1506021871,1685782901,0,0,0,0,0,0.00,0,1,'',5,0,0,0,0,0,0,0,0,0,NULL),(58,53,'品点新款平底轻便蛋卷鞋防滑牛筋底舒适女鞋','防滑舒适，轻便时尚，标准尺码！',45,16,45,0,0,78.00,78.00,0,82.00,'2017',10,2,0,0,'N;',410,'2017092203261873185.jpg',0,10,1506021982,1685782901,0,0,0,0,0,0.00,0,1,'',5,0,0,0,0,0,0,0,0,0,NULL),(59,54,'贝美芬 925银心心相印女士项链 女生饰品 时尚流行','时尚简约',46,16,46,0,0,88.00,88.00,0,98.00,'',0,0,0,0,'N;',140,'2017092203275599920.jpg',0,10,1506022081,1685782901,0,0,0,0,0,0.00,0,1,'',5,0,0,0,0,0,0,0,0,0,NULL),(60,55,'幸运四叶草纯银吊坠','',46,16,46,0,0,75.00,75.00,0,89.00,'2016',10,0,0,0,'N;',45,'2017092203294765362.jpg',0,10,1506022193,1685782901,0,0,0,0,0,0.00,0,1,'',5,0,0,0,0,0,0,0,0,0,NULL),(61,56,'施诺绮心梦爱心型925纯银水晶项链采用施华洛世奇元素水晶吊坠','',46,16,46,0,0,108.00,108.00,0,120.00,'2018',10,0,0,0,'N;',186,'2017092203321969628.jpg',0,10,1506022343,1685782901,0,0,0,0,0,0.00,0,1,'',5,0,0,0,0,0,0,0,0,0,NULL),(62,57,'封后皮皮虾韩国单肩包女韩版帆布手提袋','简约帆布袋',47,16,47,0,0,39.00,39.00,0,49.00,'2049',10,0,0,0,'N;',99,'2017092203335981358.jpg',0,10,1506022442,1685782897,0,0,0,0,0,0.00,0,1,'',5,0,0,0,0,0,0,0,0,0,NULL),(63,58,'迈克.科尔斯(Michael Kors/MK)小号女包手提单肩斜跨包','海外采购',47,16,47,0,0,1096.00,1096.00,0,1200.00,'1068',0,10,0,0,'N;',58,'2017092203371485168.jpg',0,10,1506022638,1685782897,0,0,0,0,0,0.00,0,1,'',5,0,0,0,0,0,0,0,0,0,NULL),(64,59,'蜂苹果6s数据线iphone6二合一拖安卓通用手机8P充电线器快充线','闪电快充 提速40% 一年换新',48,1,48,0,0,19.90,19.90,0,21.00,'10123',0,0,0,0,'N;',99,'2017092821352360295.jpg',0,10,1506605735,1685782897,0,0,0,0,0,0.00,0,1,'',5,0,0,0,0,0,0,0,0,0,NULL),(65,60,'手机散热器华为苹果通用充电宝式架子桌面游戏手柄支驾冷却降温器','双风扇快速降温 可供电持久续航',48,1,48,0,0,58.00,58.00,0,66.00,'',0,0,0,0,'N;',99,'2017092821383373641.jpg',0,10,1506605915,1685782897,0,0,0,0,0,0.00,0,1,'',5,0,0,0,0,0,0,0,0,0,NULL),(66,61,'手机充电宝带蓝牙音响三合一多功能平坂支架1毫安5移动电源20000M','二合一 [支架+充电宝] 三合一 [支架+充电宝+蓝牙音响]',48,1,48,0,0,55.00,55.00,0,80.00,'',0,0,0,0,'N;',99,'2017092821403589442.jpg',0,10,1506606045,1685782897,0,0,0,0,0,0.00,0,1,'',5,0,0,0,0,0,0,0,0,0,NULL),(67,62,'苹果无线HDMI同屏器airplay推送宝高清安卓手机电视投影视频传输','无需软件不需要安装app即可实现无线同屏',49,1,49,0,0,158.00,158.00,0,158.00,'',0,0,0,0,'N;',99,'2017092821431519588.jpg',0,10,1506606198,1685782897,0,0,0,0,0,0.00,0,1,'',5,0,0,0,0,0,0,0,0,0,NULL),(68,63,'唐麦 F3耳机入耳式 重低音炮手机电脑音乐有线耳塞式金属通用带麦','15天无理由退换货一年质保换新',49,1,49,0,0,55.00,55.00,0,59.00,'',0,0,0,0,'N;',99,'2017092821510935694.jpg',0,10,1506606673,1685782897,0,0,0,0,0,0.00,0,1,'',5,0,0,0,0,0,0,0,0,0,NULL),(69,64,'森狗SimDog sim2.0手机k歌耳机入耳式通用男女生耳塞式耳麦重低音','专利产品 支持语音 支持接听电话',49,1,49,0,0,19.80,19.80,0,20.00,'',0,2,0,0,'N;',999,'2017092821530372212.jpg',0,10,1506606785,1685782897,0,0,0,0,0,0.00,0,1,'',5,0,0,0,0,0,0,0,0,0,NULL),(70,65,'达尔优 进化者D3带麦克风震动电脑游戏耳机头戴式耳麦绝地求生lol','头戴式震动发光耳麦 电竞赛事耳机金属头梁',49,1,49,0,0,158.00,158.00,0,160.00,'',0,0,0,0,'N;',99,'2017092821544898610.jpg',0,10,1506606891,1685782897,0,0,0,0,0,0.00,0,1,'',5,0,0,0,0,0,0,0,0,0,NULL),(71,66,'uoluo特价21 22 24 32 40 42 50 55寸60智能wifi网络小液晶电视机 50','高清电视接口：闭路+AV+HDMI+电脑VGA+DVD+音频+USB多媒体【不含网络功能】； 智能电视接口：含高清电视所有的功能接口+有线网络+无线wifi。',5,4,5,0,0,2099.00,2099.00,0,2099.00,'',0,0,0,0,'a:1:{i:1;s:11:\"50寸高清\";}',99,'2017092821585013652.jpg',0,10,1506607133,1685782897,0,0,0,1,0,0.00,0,1,'',5,0,0,0,0,0,0,0,0,0,NULL),(72,67,'Hisense/海信 KFR-35GW/ER22N3(1L04) 大1.5p匹家用冷暖空调挂机','',6,4,6,0,0,1999.00,1999.00,0,1999.00,'',0,1,0,0,'N;',99,'2017092822032535526.jpg',0,10,1506607408,1685782890,0,0,0,0,0,0.00,0,1,'',5,0,0,0,0,0,0,0,0,0,NULL),(73,68,'先锋工业冷风扇 移动空调扇家用 冷风机商用小空调 加湿水冷气扇','先锋新品工业冷风扇',6,4,6,0,0,1199.00,1199.00,0,1200.00,'',0,1,0,0,'N;',999,'2017092822050083427.jpg',0,10,1506607504,1685782890,0,0,0,0,0,0.00,0,1,'',5,0,0,0,0,0,0,0,0,0,NULL),(75,70,'荣事达空调扇冷暖两用家用静音遥控冷风机制冷风扇加湿移动小空调','强劲制冷 触摸屏 智能遥控 净化加湿',6,4,6,0,0,358.00,358.00,0,358.00,'',0,1,0,0,'N;',99,'2017092823485490716.jpg',0,10,1506613743,1685782890,0,0,0,0,0,0.00,0,1,'',5,0,0,0,0,0,0,0,0,0,NULL),(76,71,'美菱可移动式空调一体机1.5匹1 P单冷型小制冷厨房窗式冷暖免安装','',6,4,6,0,0,1299.00,1299.00,0,1299.00,'',0,0,0,0,'N;',9,'2017092823501155931.jpg',0,10,1506613814,1685782890,0,0,0,0,0,0.00,0,1,'',5,0,0,0,0,0,0,0,0,0,NULL),(77,72,'乐创冷藏工作台冷冻冰箱平冷保鲜不锈钢商用厨房奶茶店操作台冰柜','优质商家热销2万无磁不锈钢加厚全发泡',7,4,7,0,0,1478.00,1478.00,0,1478.00,'',0,0,0,0,'N;',99,'2017092823531033711.jpg',0,10,1506613995,1685782890,0,0,0,0,0,0.00,0,1,'',5,0,0,0,0,0,0,0,0,0,NULL),(78,73,'Midea/美的 BCD-169CM(E)双门冰箱家用冷藏冷冻对开门小型冰箱','对开门小型冰箱',7,4,7,0,0,1099.00,1099.00,0,1100.00,'',0,0,0,0,'N;',99,'2017092900001256656.jpg',0,10,1506614415,1685782890,0,0,0,0,0,0.00,0,1,'',5,0,0,0,0,0,0,0,0,0,NULL),(79,74,'志高全自动洗衣机 家用 小型 5.5公斤波轮 静音宿舍 迷你风干预约','小家优选 节能静音 顺丰入户 预约童锁',51,4,51,0,0,498.00,498.00,0,500.00,'',0,0,0,0,'N;',999,'2017092900022214210.jpg',0,10,1506614544,1685782890,0,0,0,0,0,0.00,0,1,'',5,0,0,0,0,0,0,0,0,0,NULL),(80,75,'Chigo/志高全自动洗衣机 15KG宾馆酒店商用大容量不锈钢顺丰入户','顺丰入户 下单送荣事达电烤箱一个',51,4,51,0,0,2500.00,2500.00,0,2600.00,'',0,1,0,0,'N;',99,'2017092900033832502.jpg',0,10,1506614620,1685782890,0,0,0,0,0,0.00,0,1,'',5,0,0,0,0,0,0,0,0,0,NULL),(81,76,'集成灶自动清洗正品 侧吸下排式油烟机一体环保灶 双电磁炉威士伯','天然气5000火力！断电应急！烟机延时',20,8,20,0,0,3180.00,3180.00,0,3400.00,'',0,0,0,0,'N;',450,'2017092900052977159.jpg',0,10,1506614732,1685782890,0,0,0,0,0,0.00,0,1,'',5,0,0,0,0,0,0,0,0,0,NULL),(82,77,'威士伯J2集成灶 翻盖 一体 自动清洗烤箱蒸汽炉烟灶消套装 环保灶','上门安装 双电机 漏气保护',20,8,20,0,0,4590.00,4590.00,0,4700.00,'',0,0,0,0,'N;',99,'2017092900064438234.jpg',0,10,1506614807,1685782890,0,0,0,0,0,0.00,0,1,'',5,0,0,0,0,0,0,0,0,0,NULL),(83,78,'红心大蒸汽挂烫机家用熨斗手持挂烫机烫衣服熨烫机电熨斗正品包邮','2000W大功率 超强蒸汽 快速熨衣',21,8,21,0,0,139.00,139.00,0,145.00,'',0,0,0,0,'N;',99,'2017092900081355788.jpg',0,10,1506614894,1685782886,0,0,0,0,0,0.00,0,1,'',5,0,0,0,0,0,0,0,0,0,NULL),(84,79,'美的家用平烫挂烫双杆蒸汽挂烫机电熨斗熨YGD20D7','独创可卧可立 35秒出蒸汽 六档微电脑',21,8,21,0,0,389.00,389.00,0,400.00,'',0,0,0,0,'N;',99,'2017092900095941942.jpg',0,10,1506615002,1685782886,0,0,0,0,0,0.00,0,1,'',5,0,0,0,0,0,0,0,0,0,NULL),(85,80,'铨聚臭氧发生器果蔬解毒杀菌洗菜多功能负离子活氧净化消毒机家用','臭氧消毒杀菌 果蔬解毒机 家用',21,8,21,0,0,399.00,399.00,0,450.00,'',0,0,0,0,'N;',99,'2017092900115721538.jpg',0,10,1506615121,1685782886,0,0,0,0,0,0.00,0,1,'',5,0,0,0,0,0,0,0,0,0,NULL),(86,81,'拜格不锈钢锅具套装铁炒锅家用汤锅全套厨房厨具组合','',22,8,22,0,0,89.00,89.00,0,99.00,'',0,0,0,0,'N;',99,'2017092900132832208.jpg',0,10,1506615216,1685782886,0,0,0,0,0,0.00,0,1,'',5,0,0,0,0,0,0,0,0,0,NULL),(87,82,'朝暮之家厨房置物架落地多层收纳架放锅架子厨具用品转角架 锅架','火爆热卖 多款可选 多功能厨房落地置物架',22,8,22,0,0,55.00,55.00,0,69.00,'',0,0,0,0,'N;',89,'2017092900144267524.jpg',0,10,1506615285,1685782886,0,0,0,0,0,0.00,0,1,'',5,0,0,0,0,0,0,0,0,0,NULL),(88,83,'夏季薄网状透气型护腰带保健腰托腰围带钢板家用','秋冬薄网状透气护腰',55,8,55,0,0,9.90,9.90,0,15.90,'',0,0,0,0,'N;',99,'2017092900175249561.jpg',0,10,1506615475,1685782886,0,0,0,0,0,0.00,0,1,'',5,0,0,0,0,0,0,0,0,0,NULL),(89,84,'茗振海盐袋粗盐热敷包电加热理疗包袋家用颈椎腰部膝盖艾叶全身热敷袋','',55,8,55,0,0,139.00,139.00,0,145.00,'',0,0,0,0,'N;',98,'2017092900220838539.jpg',0,10,1506615733,1685782886,0,0,0,0,0,0.00,0,1,'',5,0,0,0,0,0,0,0,0,0,NULL),(90,85,'普立PL-603AC4刮痧机电脑版红光电动震动按摩机脂肪运动机','刮痧推脂机美体仪高频震动爆溶按摩仪强力碎脂机腰部电动震动刮痧机甩脂机  ',55,8,55,0,0,79.00,79.00,0,88.00,'',0,0,0,0,'N;',99,'2017092900242419538.jpg',0,10,1506615869,1685782886,0,0,0,0,0,0.00,0,1,'',5,0,0,0,0,0,0,0,0,0,NULL),(91,86,'南极人颈椎热敷护颈带护颈椎套保暖保护肩颈理疗自发热护颈椎脖套','热敷理疗 穴位磁石 托玛琳 自发热',55,8,55,0,0,39.00,39.00,0,59.00,'',0,0,0,0,'N;',120,'2017092900261952044.jpg',0,10,1506615983,1685782886,0,0,0,0,0,0.00,0,1,'',5,0,0,0,0,0,0,0,0,0,NULL),(92,87,'电脑非全新二手电脑主机台式整机i5i7游戏组装机27寸无边框显示器 4G 黑 硬盘500G','',23,9,23,0,0,2178.00,2178.00,0,2450.00,'',0,0,0,0,'a:3:{i:15;s:2:\"4G\";i:14;s:3:\"黑\";i:112;s:10:\"硬盘120G\";}',68,'2017092900363278117.jpg',0,10,1506616595,1685782886,0,0,0,15,0,0.00,0,1,'',5,0,0,0,0,0,0,0,0,0,NULL),(93,87,'电脑非全新二手电脑主机台式整机i5i7游戏组装机27寸无边框显示器 4G 硬盘500G','',23,9,23,0,0,2178.00,2178.00,0,2450.00,'',0,0,0,0,'a:3:{i:15;s:2:\"4G\";i:111;s:3:\"白\";i:112;s:10:\"硬盘120G\";}',89,'2017092900363278117.jpg',0,10,1506616595,1685782886,0,0,0,15,0,0.00,0,1,'',5,0,0,0,0,0,0,0,0,0,NULL),(94,87,'电脑非全新二手电脑主机台式整机i5i7游戏组装机27寸无边框显示器 3G 黑 硬盘500G','',23,9,23,0,0,2178.00,2178.00,0,2450.00,'',0,0,0,0,'a:3:{i:16;s:2:\"3G\";i:14;s:3:\"黑\";i:112;s:10:\"硬盘120G\";}',36,'2017092900363278117.jpg',0,10,1506616595,1685782886,0,0,0,16,0,0.00,0,1,'',5,0,0,0,0,0,0,0,0,0,NULL),(95,87,'电脑非全新二手电脑主机台式整机i5i7游戏组装机27寸无边框显示器 3G 硬盘500G','',23,9,23,0,0,2178.00,2178.00,0,2450.00,'',0,0,0,0,'a:3:{i:16;s:2:\"3G\";i:111;s:3:\"白\";i:112;s:10:\"硬盘120G\";}',69,'2017092900363278117.jpg',0,10,1506616595,1685782886,0,0,0,16,0,0.00,0,1,'',5,0,0,0,0,0,0,0,0,0,NULL),(96,88,'全新台式高配吃鸡电脑主机i7高端全套网吧游戏型八核组装家用整机 4G 白 硬盘500G','八核游戏竞电主机，配套GTX1050显卡',23,9,23,0,0,2688.00,2688.00,0,3450.00,'',0,0,0,0,'a:3:{i:15;s:2:\"4G\";i:111;s:3:\"白\";i:113;s:10:\"硬盘500G\";}',69,'2017092900412680293.jpg',0,10,1506616890,1685782881,0,0,0,15,0,0.00,0,1,'',5,0,0,0,0,0,0,0,0,0,NULL),(97,88,'全新台式高配吃鸡电脑主机i7高端全套网吧游戏型八核组装家用整机 3G 白 硬盘500G','八核游戏竞电主机，配套GTX1050显卡',23,9,23,0,0,2688.00,2688.00,0,3450.00,'',0,0,0,0,'a:3:{i:16;s:2:\"3G\";i:111;s:3:\"白\";i:113;s:10:\"硬盘500G\";}',89,'2017092900412680293.jpg',0,10,1506616890,1685782881,0,0,0,16,0,0.00,0,1,'',5,0,0,0,0,0,0,0,0,0,NULL),(98,89,'Seagate/希捷 ST1000DM010 1TB新酷鱼台式机械电脑硬盘','新酷鱼台盘-7200转',24,9,24,0,0,309.00,309.00,0,350.00,'',0,0,0,0,'N;',999,'2017092900450210134.jpg',0,10,1506617106,1685782881,0,0,0,0,0,0.00,0,1,'',5,0,0,0,0,0,0,0,0,0,NULL),(99,90,'Asus/华硕 X555YI 7110-554LXFA2X10轻薄手提游戏本笔记本电脑','',134,9,23,134,0,2599.00,2599.00,0,2780.00,'',0,0,0,0,'N;',99,'2017092900501117171.jpg',0,10,1506617415,1685782881,0,0,0,0,0,0.00,0,1,'',5,0,0,0,0,0,0,0,0,0,NULL),(100,91,'小米 红米NOTE 5A智能拍照手机16G/32G/64G','',75,1,2,75,0,799.00,799.00,0,899.00,'',0,0,0,0,'N;',998,'2017092900544928056.jpg',0,10,1506617760,1685782881,0,0,0,0,0,0.00,0,1,'',5,0,0,0,0,0,0,0,0,0,NULL),(101,92,'3期免息【高配2799】Xiaomi/小米 小米NOTE 3全网通小米手机新品 128G','',75,1,2,75,0,2890.00,2890.00,0,2999.00,'',0,0,0,0,'a:1:{i:1;s:4:\"128G\";}',99,'2017092901044975398.jpg',0,10,1506618294,1685782881,0,0,0,1,0,0.00,0,1,'',5,0,0,0,0,0,0,0,0,0,NULL),(102,93,'honor/荣耀 荣耀9 全网通4G手机双摄像头智能手机','后置双摄像头手机',76,1,2,76,0,2499.00,2499.00,0,2699.00,'',0,0,0,0,'N;',450,'2017092901063965472.jpg',0,10,1506618422,1685782881,0,0,0,0,0,0.00,0,1,'',5,0,0,0,0,0,0,0,0,0,NULL),(103,94,'honor/荣耀 荣耀V9 play全网通4G手机','',76,1,2,76,0,1099.00,1099.00,0,1200.00,'',0,0,0,0,'N;',983,'2017092901082884641.jpg',0,10,1506618514,1685782881,0,0,0,0,0,0.00,0,1,'',5,0,0,0,0,0,0,0,0,0,NULL),(104,95,'OnePlus/一加 一加手机5 一加五 1加5手机 一加5星辰黑','一加授权 官方直供 优惠低至官网',77,1,2,77,0,2068.00,2068.00,0,2100.00,'',0,4,0,0,'N;',98,'2017092901111615092.jpg',0,10,1506618679,1685784733,0,0,0,0,0,0.00,0,1,'',5,0,0,0,0,0,0,0,0,0,NULL),(105,96,'超薄5.5寸移动电信全网通4G双曲屏学生智能指纹一体一加手机','',77,1,2,77,0,748.00,748.00,0,820.00,'',0,0,0,0,'N;',422,'2017092901182073726.jpg',0,10,1506619103,1685782881,0,0,0,0,0,0.00,0,1,'',5,0,0,0,0,0,0,0,0,0,NULL),(106,97,'vivo y66超薄手机正品','送电话手表 送低音炮',78,1,2,78,0,1298.00,1298.00,0,1499.00,'',0,0,0,0,'N;',125,'2017092901201262580.jpg',0,10,1506619217,1685782881,0,0,0,0,0,0.00,0,1,'',5,0,0,0,0,0,0,0,0,0,NULL),(107,98,'vivo X20全面屏4G全网通智能手机vivox20 X20A','',78,1,2,78,0,2980.00,2980.00,0,3100.00,'',0,0,0,0,'N;',265,'2017092901242476412.jpg',0,10,1506619466,1685782876,0,0,0,0,0,0.00,0,1,'',5,0,0,0,0,0,0,0,0,0,NULL),(109,100,' OPPO A57 oppoa57 oppo手机a57','已降200',79,1,2,79,0,1399.00,1399.00,0,1599.00,'',0,0,0,0,'N;',142,'2017092901284880537.jpg',0,10,1506619757,1685782876,0,0,0,0,0,0.00,0,1,'',5,0,0,0,0,0,0,0,0,0,NULL),(110,101,'Ticwatch2智能手表蓝牙通话防水运动支持安卓苹果心率定位手环男','蓝牙通话 GPS记录运动轨迹',70,1,3,70,0,938.00,938.00,0,1060.00,'',0,0,0,0,'N;',433,'2017092901314252467.jpg',0,10,1506619910,1685782876,0,0,0,0,0,0.00,0,1,'',5,0,0,0,0,0,0,0,0,0,NULL),(111,102,'儿童智能手表成人电话手机学生男女定位防水蓝牙插卡运动安卓手环','学习APP 定位 防水 插卡电话',70,1,3,70,0,118.00,118.00,0,129.00,'',0,0,0,0,'N;',46,'2017092901331891773.jpg',0,10,1506620008,1685782876,0,0,0,0,0,0.00,0,1,'',5,0,0,0,0,0,0,0,0,0,NULL),(112,103,'高端Solgo松果老人定位手表手环 精准测血压心率心电图 家居养老','准确血压心率 触屏 抬手亮屏 语音播报',72,1,3,72,0,999.00,999.00,0,1080.00,'',0,0,0,0,'N;',780,'2017092901395681652.jpg',0,10,1506620400,1685782876,0,0,0,0,0,0.00,0,1,'',5,0,0,0,0,0,0,0,0,0,NULL),(113,104,'舒思盾经络按摩仪数码家用多功能针灸穴位电子理疗腰椎颈椎电疗仪','',72,1,3,72,0,168.00,168.00,0,199.00,'',0,0,0,0,'N;',165,'2017092901414663050.jpg',0,10,1506620509,1685782876,0,0,0,0,0,0.00,0,1,'',5,0,0,0,0,0,0,0,0,0,NULL),(114,105,'一米爱家具 现代简约鞋柜玄关门厅柜多功能简易翻斗鞋柜超薄鞋柜','庆国家年华 疯狂抢购中',73,1,3,73,0,999.00,999.00,0,1450.00,'',0,0,0,0,'N;',95,'2017092901444780977.jpg',0,10,1506620689,1685782876,0,0,0,0,0,0.00,0,1,'',5,0,0,0,0,0,0,0,0,0,NULL),(115,106,'上海名古智能家居别墅智能正品控制系统家庭影院装修设计上门安装','',73,1,3,73,0,500.00,500.00,0,600.00,'',0,5,0,0,'N;',126,'2017092901470136191.jpg',0,10,1506620831,1685782876,0,0,0,0,0,0.00,0,1,'',5,0,0,0,0,0,0,0,0,0,NULL),(116,107,'向往家庭背景音乐主机系统套装 wifi音响功放控制器 智能家居M8','安卓系统 APP控制 7寸大屏',73,1,3,73,0,1999.00,1999.00,0,2400.00,'',0,0,0,0,'N;',83,'2017092901492561069.jpg',0,10,1506620974,1685782876,0,0,0,0,0,0.00,0,1,'',5,0,0,0,0,0,0,0,0,0,NULL),(117,108,'亚太天能阿里智能指纹锁家用防盗门锁 电子锁密码锁大门防盗锁V9','家装焕新 阿里智能 全屋联网',74,1,3,74,0,2599.00,2599.00,0,2699.00,'',0,0,0,0,'N;',78,'2017092901531025952.jpg',0,10,1506621192,1685782876,0,0,0,0,0,0.00,0,1,'',5,0,0,0,0,0,0,0,0,0,NULL),(118,109,'mai小麦指纹锁家用防盗门智能门锁电子锁密码锁刷卡锁防盗锁正品','锁芯5★防盗性能',74,1,3,74,0,799.00,799.00,0,1200.00,'',0,0,0,0,'N;',66,'2017092901561798176.jpg',0,10,1506621381,1685782848,0,0,0,0,0,0.00,0,1,'',5,0,0,0,0,0,0,0,0,0,NULL),(119,110,'欧瑞特智能手环运动计步器测心率血压手表小米多功能健康防水男女','多模式血压手环！！',71,1,3,71,0,179.00,179.00,0,189.00,'',0,0,0,0,'N;',94,'2017092901584247144.jpg',0,10,1506621524,1685782848,0,0,0,0,0,0.00,0,1,'',5,0,0,0,0,0,0,0,0,0,NULL),(120,111,'君米运动智能手环防水测血压心跳心率跑步小米手表多功能苹果男女','深度防水游泳 超长待机180天 微信qq',71,1,3,71,0,258.00,258.00,0,269.00,'',0,0,0,0,'N;',95,'2017092902070476170.jpg',0,10,1506622029,1685782848,0,0,0,0,0,0.00,0,1,'',5,0,0,0,0,0,0,0,0,0,NULL),(121,112,'拜斯特台式放大镜带LED灯10倍20倍老人阅读电子检验钟表手机维修','台式 带LED灯 阅读维修',68,16,68,0,0,45.00,45.00,0,69.00,'',0,0,0,0,'N;',65,'2017092902123493954.jpg',0,10,1506622356,1685782848,0,0,0,0,0,0.00,0,1,'',5,0,0,0,0,0,0,0,0,0,NULL),(122,113,'商务tr90近视眼镜男款超轻眼镜框半框潮商务近视镜眼镜架黑镜框男','',68,16,68,0,0,75.00,75.00,0,120.00,'',0,0,0,0,'N;',62,'2017092902135876412.jpg',0,10,1506622587,1685782848,0,0,0,0,0,0.00,0,1,'',5,0,0,0,0,0,0,0,0,0,NULL),(123,114,'景德镇陶瓷花瓶摆件客厅装饰品摆设中式家居新房装饰品酒柜摆件','富贵吉祥蛋 向往美好 充满生活气息\r\n',69,16,69,0,0,36.00,36.00,0,54.00,'',0,0,0,0,'N;',66,'2017092902182426089.jpg',0,10,1506622742,1685782848,0,0,0,0,0,0.00,0,1,'',5,0,0,0,0,0,0,0,0,0,NULL),(124,115,'财富节节高电视柜酒柜客厅摆件装饰品竹子家居饰品工艺品招财摆设','财富节节高 四季长青 象征财运旺盛',69,16,69,0,0,79.00,79.00,0,109.00,'',0,0,0,0,'N;',72,'2017092902201298747.jpg',0,10,1506622814,1685782848,0,0,0,0,0,0.00,0,1,'',5,0,0,0,0,0,0,0,0,0,NULL),(125,116,'LAVER防脱育发液快速增发密发生新发液脂溢性脱发头发增长液男女','认准国妆特字 告别脱发轻松密发买3送1',64,12,64,0,0,128.00,128.00,0,144.00,'',0,1,0,0,'N;',88,'2017092902341762945.jpg',0,10,1506623660,1685782848,0,0,0,0,0,0.00,0,1,'',5,0,0,0,0,0,0,0,0,0,NULL),(126,117,'冲牙器便携式洗牙器家用电动口腔牙齿冲洗器牙龈牙缝清洁器洁牙器','洁牙器 洗牙机 冲牙 洗牙 口腔清洁器',63,12,63,0,0,178.00,178.00,0,210.00,'',0,4,0,0,'N;',84,'2017092902405679397.jpg',0,10,1506624060,1685782848,0,0,0,0,0,0.00,0,1,'',5,0,0,0,0,0,0,0,0,0,NULL),(127,118,'新西兰进口牛奶纽仕兰高钙低脂纯牛奶250ml*24盒*1箱','新西兰进口 牧场直供 100%生牛乳',231,11,60,231,0,89.00,89.00,0,120.00,'',0,1,0,0,'N;',74,'2017092902485560056.jpg',0,10,1506624539,1685782848,0,0,0,0,0,0.00,0,1,'',5,0,0,0,0,0,0,0,0,0,NULL),(128,119,'小米13 徕卡光学镜头 第二代骁龙8处理器 超窄边屏幕 120Hz高刷 67W快充 8G+128G 黑色','小米13 徕卡光学镜头 第二代骁龙8处理器 超窄边屏幕 120Hz高刷 67W快充',75,1,2,75,0,3600.00,4200.00,0,4399.00,'',0,13,0,0,'a:2:{i:1;s:7:\"8G+128G\";i:5;s:6:\"黑色\";}',999,'2023060615194450282.png',0,1,1686036180,1686566842,0,0,0,1,0,0.00,0,1,'',5,0,0,0,0,0,0,0,0,0,NULL),(129,119,'小米13 徕卡光学镜头 第二代骁龙8处理器 超窄边屏幕 120Hz高刷 67W快充 8G+128G 白色','小米13 徕卡光学镜头 第二代骁龙8处理器 超窄边屏幕 120Hz高刷 67W快充',75,1,2,75,0,3600.00,4200.00,0,4399.00,'',0,3,0,0,'a:2:{i:1;s:7:\"8G+128G\";i:6;s:6:\"白色\";}',999,'2023060615194450282.png',0,1,1686036180,1686951360,0,0,0,1,0,0.00,0,1,'',5,0,0,0,0,0,0,0,0,0,NULL),(130,119,'小米13 徕卡光学镜头 第二代骁龙8处理器 超窄边屏幕 120Hz高刷 67W快充 8G+128G 矿野绿','小米13 徕卡光学镜头 第二代骁龙8处理器 超窄边屏幕 120Hz高刷 67W快充',75,1,2,75,0,3600.00,4200.00,0,4399.00,'',0,2,0,0,'a:2:{i:1;s:7:\"8G+128G\";i:7;s:9:\"矿野绿\";}',999,'2023060615194450282.png',0,1,1686036180,1686708952,0,0,0,1,0,0.00,0,1,'',5,0,0,0,0,0,0,0,0,0,NULL),(131,119,'小米13 徕卡光学镜头 第二代骁龙8处理器 超窄边屏幕 120Hz高刷 67W快充 8G+128G 远山蓝','小米13 徕卡光学镜头 第二代骁龙8处理器 超窄边屏幕 120Hz高刷 67W快充',75,1,2,75,0,3600.00,4200.00,0,4399.00,'',0,1,0,0,'a:2:{i:1;s:7:\"8G+128G\";i:8;s:9:\"远山蓝\";}',999,'2023060615194450282.png',0,1,1686036180,1686698151,0,0,0,1,0,0.00,0,1,'',5,0,0,0,0,0,0,0,0,0,NULL),(132,119,'小米13 徕卡光学镜头 第二代骁龙8处理器 超窄边屏幕 120Hz高刷 67W快充 8G+256G 黑色','小米13 徕卡光学镜头 第二代骁龙8处理器 超窄边屏幕 120Hz高刷 67W快充',75,1,2,75,0,3900.00,4200.00,0,4399.00,'',0,1,0,0,'a:2:{i:2;s:7:\"8G+256G\";i:5;s:6:\"黑色\";}',999,'2023060615194450282.png',0,1,1686036180,1686040156,0,0,0,2,0,0.00,0,1,'',5,0,0,0,0,0,0,0,0,0,NULL),(133,119,'小米13 徕卡光学镜头 第二代骁龙8处理器 超窄边屏幕 120Hz高刷 67W快充 8G+256G 白色','小米13 徕卡光学镜头 第二代骁龙8处理器 超窄边屏幕 120Hz高刷 67W快充',75,1,2,75,0,3900.00,4200.00,0,4399.00,'',0,0,0,0,'a:2:{i:2;s:7:\"8G+256G\";i:6;s:6:\"白色\";}',999,'2023060615194450282.png',0,1,1686036180,1686036681,0,0,0,2,0,0.00,0,1,'',5,0,0,0,0,0,0,0,0,0,NULL),(134,119,'小米13 徕卡光学镜头 第二代骁龙8处理器 超窄边屏幕 120Hz高刷 67W快充 8G+256G 矿野绿','小米13 徕卡光学镜头 第二代骁龙8处理器 超窄边屏幕 120Hz高刷 67W快充',75,1,2,75,0,3900.00,4200.00,0,4399.00,'',0,1,0,0,'a:2:{i:2;s:7:\"8G+256G\";i:7;s:9:\"矿野绿\";}',999,'2023060615194450282.png',0,1,1686036180,1686036681,0,0,0,2,0,0.00,0,1,'',5,0,0,0,0,0,0,0,0,0,NULL),(135,119,'小米13 徕卡光学镜头 第二代骁龙8处理器 超窄边屏幕 120Hz高刷 67W快充 8G+256G 远山蓝','小米13 徕卡光学镜头 第二代骁龙8处理器 超窄边屏幕 120Hz高刷 67W快充',75,1,2,75,0,3900.00,4200.00,0,4399.00,'',0,0,0,0,'a:2:{i:2;s:7:\"8G+256G\";i:8;s:9:\"远山蓝\";}',999,'2023060615194450282.png',0,1,1686036180,1686036681,0,0,0,2,0,0.00,0,1,'',5,0,0,0,0,0,0,0,0,0,NULL),(136,119,'小米13 徕卡光学镜头 第二代骁龙8处理器 超窄边屏幕 120Hz高刷 67W快充 12G+256G 黑色','小米13 徕卡光学镜头 第二代骁龙8处理器 超窄边屏幕 120Hz高刷 67W快充',75,1,2,75,0,4299.00,4200.00,0,4399.00,'',0,1,0,0,'a:2:{i:4;s:8:\"12G+256G\";i:5;s:6:\"黑色\";}',999,'2023060615194450282.png',0,1,1686036180,1686040156,0,0,0,4,0,0.00,0,1,'',5,0,0,0,0,0,0,0,0,0,NULL),(137,119,'小米13 徕卡光学镜头 第二代骁龙8处理器 超窄边屏幕 120Hz高刷 67W快充 12G+256G 白色','小米13 徕卡光学镜头 第二代骁龙8处理器 超窄边屏幕 120Hz高刷 67W快充',75,1,2,75,0,4299.00,4200.00,0,4399.00,'',0,1,0,0,'a:2:{i:4;s:8:\"12G+256G\";i:6;s:6:\"白色\";}',999,'2023060615194450282.png',0,1,1686036180,1686040157,0,0,0,4,0,0.00,0,1,'',5,0,0,0,0,0,0,0,0,0,NULL),(138,119,'小米13 徕卡光学镜头 第二代骁龙8处理器 超窄边屏幕 120Hz高刷 67W快充 12G+256G 矿野绿','小米13 徕卡光学镜头 第二代骁龙8处理器 超窄边屏幕 120Hz高刷 67W快充',75,1,2,75,0,4299.00,4200.00,0,4399.00,'',0,1,0,0,'a:2:{i:4;s:8:\"12G+256G\";i:7;s:9:\"矿野绿\";}',999,'2023060615194450282.png',0,1,1686036180,1686040158,0,0,0,4,0,0.00,0,1,'',5,0,0,0,0,0,0,0,0,0,NULL),(139,119,'小米13 徕卡光学镜头 第二代骁龙8处理器 超窄边屏幕 120Hz高刷 67W快充 12G+256G 远山蓝','小米13 徕卡光学镜头 第二代骁龙8处理器 超窄边屏幕 120Hz高刷 67W快充',75,1,2,75,0,4299.00,4200.00,0,4399.00,'',0,1,0,0,'a:2:{i:4;s:8:\"12G+256G\";i:8;s:9:\"远山蓝\";}',999,'2023060615194450282.png',0,1,1686036180,1686040158,0,0,0,4,0,0.00,0,1,'',5,0,0,0,0,0,0,0,0,0,NULL),(140,120,'Redmi Note12Pro极速版 5G 骁龙高能芯一亿像素 旗舰影像 OLED柔性直屏 8G+256G 黑色','Redmi Note12Pro极速版 5G 骁龙高能芯一亿像素 旗舰影像 OLED柔性直屏',75,1,2,75,0,1599.00,1599.00,0,1650.00,'',0,3,0,0,'a:2:{i:2;s:7:\"8G+256G\";i:5;s:6:\"黑色\";}',999,'2023060615382779388.png',0,1,1686037149,1686310864,0,0,0,2,0,0.00,0,1,'',5,0,0,0,0,0,0,0,0,0,NULL),(141,120,'Redmi Note12Pro极速版 5G 骁龙高能芯一亿像素 旗舰影像 OLED柔性直屏 8G+256G 蓝色','Redmi Note12Pro极速版 5G 骁龙高能芯一亿像素 旗舰影像 OLED柔性直屏',75,1,2,75,0,1599.00,1599.00,0,1650.00,'',0,0,0,0,'a:2:{i:2;s:7:\"8G+256G\";i:10;s:6:\"蓝色\";}',999,'2023060615382779388.png',0,1,1686037149,1686037178,0,0,0,2,0,0.00,0,1,'',5,0,0,0,0,0,0,0,0,0,NULL),(142,120,'Redmi Note12Pro极速版 5G 骁龙高能芯一亿像素 旗舰影像 OLED柔性直屏 8G+256G 绿色','Redmi Note12Pro极速版 5G 骁龙高能芯一亿像素 旗舰影像 OLED柔性直屏',75,1,2,75,0,1599.00,1599.00,0,1650.00,'',0,0,0,0,'a:2:{i:2;s:7:\"8G+256G\";i:11;s:6:\"绿色\";}',999,'2023060615382779388.png',0,1,1686037149,1686037178,0,0,0,2,0,0.00,0,1,'',5,0,0,0,0,0,0,0,0,0,NULL),(143,120,'Redmi Note12Pro极速版 5G 骁龙高能芯一亿像素 旗舰影像 OLED柔性直屏 12G+256G 黑色','Redmi Note12Pro极速版 5G 骁龙高能芯一亿像素 旗舰影像 OLED柔性直屏',75,1,2,75,0,1799.00,1799.00,0,1799.00,'',0,0,0,0,'a:2:{i:4;s:8:\"12G+256G\";i:5;s:6:\"黑色\";}',999,'2023060615382779388.png',0,1,1686037149,1686037178,0,0,0,4,0,0.00,0,1,'',5,0,0,0,0,0,0,0,0,0,NULL),(144,120,'Redmi Note12Pro极速版 5G 骁龙高能芯一亿像素 旗舰影像 OLED柔性直屏 12G+256G 蓝色','Redmi Note12Pro极速版 5G 骁龙高能芯一亿像素 旗舰影像 OLED柔性直屏',75,1,2,75,0,1799.00,1799.00,0,1799.00,'',0,0,0,0,'a:2:{i:4;s:8:\"12G+256G\";i:10;s:6:\"蓝色\";}',999,'2023060615382779388.png',0,1,1686037149,1686037178,0,0,0,4,0,0.00,0,1,'',5,0,0,0,0,0,0,0,0,0,NULL),(145,120,'Redmi Note12Pro极速版 5G 骁龙高能芯一亿像素 旗舰影像 OLED柔性直屏 12G+256G 绿色','Redmi Note12Pro极速版 5G 骁龙高能芯一亿像素 旗舰影像 OLED柔性直屏',75,1,2,75,0,1799.00,1799.00,0,1799.00,'',0,0,0,0,'a:2:{i:4;s:8:\"12G+256G\";i:11;s:6:\"绿色\";}',999,'2023060615382779388.png',0,1,1686037149,1686037178,0,0,0,4,0,0.00,0,1,'',5,0,0,0,0,0,0,0,0,0,NULL),(146,120,'Redmi Note12Pro极速版 5G 骁龙高能芯一亿像素 旗舰影像 OLED柔性直屏 6G+128G 黑色','Redmi Note12Pro极速版 5G 骁龙高能芯一亿像素 旗舰影像 OLED柔性直屏',75,1,2,75,0,1499.00,1499.00,0,1499.00,'',0,0,0,0,'a:2:{i:9;s:7:\"6G+128G\";i:5;s:6:\"黑色\";}',999,'2023060615382779388.png',0,1,1686037149,1686037178,0,0,0,9,0,0.00,0,1,'',5,0,0,0,0,0,0,0,0,0,NULL),(147,120,'Redmi Note12Pro极速版 5G 骁龙高能芯一亿像素 旗舰影像 OLED柔性直屏 6G+128G 蓝色','Redmi Note12Pro极速版 5G 骁龙高能芯一亿像素 旗舰影像 OLED柔性直屏',75,1,2,75,0,1499.00,1499.00,0,1499.00,'',0,0,0,0,'a:2:{i:9;s:7:\"6G+128G\";i:10;s:6:\"蓝色\";}',999,'2023060615382779388.png',0,1,1686037149,1686037178,0,0,0,9,0,0.00,0,1,'',5,0,0,0,0,0,0,0,0,0,NULL),(148,120,'Redmi Note12Pro极速版 5G 骁龙高能芯一亿像素 旗舰影像 OLED柔性直屏 6G+128G 绿色','Redmi Note12Pro极速版 5G 骁龙高能芯一亿像素 旗舰影像 OLED柔性直屏',75,1,2,75,0,1499.00,1499.00,0,1499.00,'',0,0,0,0,'a:2:{i:9;s:7:\"6G+128G\";i:11;s:6:\"绿色\";}',999,'2023060615382779388.png',0,1,1686037149,1686037178,0,0,0,9,0,0.00,0,1,'',5,0,0,0,0,0,0,0,0,0,NULL),(149,121,'Redmi K60 骁龙8+处理器 2K高光屏 6400万超清相机 5500mAh长续航 8G+256G 墨羽','Redmi K60 骁龙8+处理器 2K高光屏 6400万超清相机 5500mAh长续航',75,1,2,75,0,2299.00,2299.00,0,2299.00,'',0,6,0,0,'a:2:{i:2;s:7:\"8G+256G\";i:12;s:6:\"墨羽\";}',999,'2023060615431574141.png',0,1,1686037659,1686949176,0,0,0,2,0,0.00,0,1,'',5,0,0,0,0,0,0,0,0,0,NULL),(150,121,'Redmi K60 骁龙8+处理器 2K高光屏 6400万超清相机 5500mAh长续航 8G+256G 晴雪','Redmi K60 骁龙8+处理器 2K高光屏 6400万超清相机 5500mAh长续航',75,1,2,75,0,2299.00,2299.00,0,2299.00,'',0,1,0,0,'a:2:{i:2;s:7:\"8G+256G\";i:13;s:6:\"晴雪\";}',999,'2023060615431574141.png',0,1,1686037659,1686037686,0,0,0,2,0,0.00,0,1,'',5,0,0,0,0,0,0,0,0,0,NULL),(151,121,'Redmi K60 骁龙8+处理器 2K高光屏 6400万超清相机 5500mAh长续航 8G+256G 青蓝','Redmi K60 骁龙8+处理器 2K高光屏 6400万超清相机 5500mAh长续航',75,1,2,75,0,2299.00,2299.00,0,2299.00,'',0,1,0,0,'a:2:{i:2;s:7:\"8G+256G\";i:14;s:6:\"青蓝\";}',999,'2023060615431574141.png',0,1,1686037659,1686037687,0,0,0,2,0,0.00,0,1,'',5,0,0,0,0,0,0,0,0,0,NULL),(152,121,'Redmi K60 骁龙8+处理器 2K高光屏 6400万超清相机 5500mAh长续航 8G+256G 幽芒','Redmi K60 骁龙8+处理器 2K高光屏 6400万超清相机 5500mAh长续航',75,1,2,75,0,2299.00,2299.00,0,2299.00,'',0,1,0,0,'a:2:{i:2;s:7:\"8G+256G\";i:15;s:6:\"幽芒\";}',999,'2023060615431574141.png',0,1,1686037659,1686037688,0,0,0,2,0,0.00,0,1,'',5,0,0,0,0,0,0,0,0,0,NULL),(153,121,'Redmi K60 骁龙8+处理器 2K高光屏 6400万超清相机 5500mAh长续航 12G+256G 墨羽','Redmi K60 骁龙8+处理器 2K高光屏 6400万超清相机 5500mAh长续航',75,1,2,75,0,2399.00,2399.00,0,2399.00,'',0,0,0,0,'a:2:{i:4;s:8:\"12G+256G\";i:12;s:6:\"墨羽\";}',999,'2023060615431574141.png',0,1,1686037659,1686037680,0,0,0,4,0,0.00,0,1,'',5,0,0,0,0,0,0,0,0,0,NULL),(154,121,'Redmi K60 骁龙8+处理器 2K高光屏 6400万超清相机 5500mAh长续航 12G+256G 晴雪','Redmi K60 骁龙8+处理器 2K高光屏 6400万超清相机 5500mAh长续航',75,1,2,75,0,2399.00,2399.00,0,2399.00,'',0,0,0,0,'a:2:{i:4;s:8:\"12G+256G\";i:13;s:6:\"晴雪\";}',999,'2023060615431574141.png',0,1,1686037659,1686037680,0,0,0,4,0,0.00,0,1,'',5,0,0,0,0,0,0,0,0,0,NULL),(155,121,'Redmi K60 骁龙8+处理器 2K高光屏 6400万超清相机 5500mAh长续航 12G+256G 青蓝','Redmi K60 骁龙8+处理器 2K高光屏 6400万超清相机 5500mAh长续航',75,1,2,75,0,2399.00,2399.00,0,2399.00,'',0,0,0,0,'a:2:{i:4;s:8:\"12G+256G\";i:14;s:6:\"青蓝\";}',999,'2023060615431574141.png',0,1,1686037659,1686037680,0,0,0,4,0,0.00,0,1,'',5,0,0,0,0,0,0,0,0,0,NULL),(156,121,'Redmi K60 骁龙8+处理器 2K高光屏 6400万超清相机 5500mAh长续航 12G+256G 幽芒','Redmi K60 骁龙8+处理器 2K高光屏 6400万超清相机 5500mAh长续航',75,1,2,75,0,2399.00,2399.00,0,2399.00,'',0,0,0,0,'a:2:{i:4;s:8:\"12G+256G\";i:15;s:6:\"幽芒\";}',999,'2023060615431574141.png',0,1,1686037659,1686037680,0,0,0,4,0,0.00,0,1,'',5,0,0,0,0,0,0,0,0,0,NULL),(157,121,'Redmi K60 骁龙8+处理器 2K高光屏 6400万超清相机 5500mAh长续航 12G+512G 墨羽','Redmi K60 骁龙8+处理器 2K高光屏 6400万超清相机 5500mAh长续航',75,1,2,75,0,2699.00,2699.00,0,3099.00,'',0,0,0,0,'a:2:{i:16;s:8:\"12G+512G\";i:12;s:6:\"墨羽\";}',999,'2023060615431574141.png',0,1,1686037659,1686037680,0,0,0,16,0,0.00,0,1,'',5,0,0,0,0,0,0,0,0,0,NULL),(158,121,'Redmi K60 骁龙8+处理器 2K高光屏 6400万超清相机 5500mAh长续航 12G+512G 晴雪','Redmi K60 骁龙8+处理器 2K高光屏 6400万超清相机 5500mAh长续航',75,1,2,75,0,2699.00,2699.00,0,3099.00,'',0,0,0,0,'a:2:{i:16;s:8:\"12G+512G\";i:13;s:6:\"晴雪\";}',999,'2023060615431574141.png',0,1,1686037659,1686037680,0,0,0,16,0,0.00,0,1,'',5,0,0,0,0,0,0,0,0,0,NULL),(159,121,'Redmi K60 骁龙8+处理器 2K高光屏 6400万超清相机 5500mAh长续航 12G+512G 青蓝','Redmi K60 骁龙8+处理器 2K高光屏 6400万超清相机 5500mAh长续航',75,1,2,75,0,2699.00,2699.00,0,3099.00,'',0,0,0,0,'a:2:{i:16;s:8:\"12G+512G\";i:14;s:6:\"青蓝\";}',999,'2023060615431574141.png',0,1,1686037659,1686037680,0,0,0,16,0,0.00,0,1,'',5,0,0,0,0,0,0,0,0,0,NULL),(160,121,'Redmi K60 骁龙8+处理器 2K高光屏 6400万超清相机 5500mAh长续航 12G+512G 幽芒','Redmi K60 骁龙8+处理器 2K高光屏 6400万超清相机 5500mAh长续航',75,1,2,75,0,2699.00,2699.00,0,3099.00,'',0,0,0,0,'a:2:{i:16;s:8:\"12G+512G\";i:15;s:6:\"幽芒\";}',999,'2023060615431574141.png',0,1,1686037659,1686037680,0,0,0,16,0,0.00,0,1,'',5,0,0,0,0,0,0,0,0,0,NULL),(161,122,'Redmi 12C Helio G85 性能芯 5000万高清双摄 5000mAh长续航 6G+128G 黑色','Redmi 12C Helio G85 性能芯 5000万高清双摄 5000mAh长续航',75,1,2,75,0,799.00,799.00,0,799.00,'',0,6,0,0,'a:2:{i:9;s:7:\"6G+128G\";i:5;s:6:\"黑色\";}',999,'2023060615523247075.png',0,1,1686037984,1686566843,0,0,0,9,0,0.00,0,1,'',5,0,0,0,0,0,0,0,0,0,NULL),(162,122,'Redmi 12C Helio G85 性能芯 5000万高清双摄 5000mAh长续航 6G+128G 蓝色','Redmi 12C Helio G85 性能芯 5000万高清双摄 5000mAh长续航',75,1,2,75,0,799.00,799.00,0,799.00,'',0,0,0,0,'a:2:{i:9;s:7:\"6G+128G\";i:10;s:6:\"蓝色\";}',999,'2023060615523247075.png',0,1,1686037984,1686038010,0,0,0,9,0,0.00,0,1,'',5,0,0,0,0,0,0,0,0,0,NULL),(163,122,'Redmi 12C Helio G85 性能芯 5000万高清双摄 5000mAh长续航 6G+128G 绿色','Redmi 12C Helio G85 性能芯 5000万高清双摄 5000mAh长续航',75,1,2,75,0,799.00,799.00,0,799.00,'',0,0,0,0,'a:2:{i:9;s:7:\"6G+128G\";i:11;s:6:\"绿色\";}',999,'2023060615523247075.png',0,1,1686037984,1686038010,0,0,0,9,0,0.00,0,1,'',5,0,0,0,0,0,0,0,0,0,NULL),(164,122,'Redmi 12C Helio G85 性能芯 5000万高清双摄 5000mAh长续航 6G+128G 紫色','Redmi 12C Helio G85 性能芯 5000万高清双摄 5000mAh长续航',75,1,2,75,0,799.00,799.00,0,799.00,'',0,0,0,0,'a:2:{i:9;s:7:\"6G+128G\";i:19;s:6:\"紫色\";}',999,'2023060615523247075.png',0,1,1686037984,1686038010,0,0,0,9,0,0.00,0,1,'',5,0,0,0,0,0,0,0,0,0,NULL),(165,122,'Redmi 12C Helio G85 性能芯 5000万高清双摄 5000mAh长续航 4G+64G 黑色','Redmi 12C Helio G85 性能芯 5000万高清双摄 5000mAh长续航',75,1,2,75,0,649.00,649.00,0,799.00,'',0,0,0,0,'a:2:{i:17;s:6:\"4G+64G\";i:5;s:6:\"黑色\";}',999,'2023060615523247075.png',0,1,1686037984,1686038010,0,0,0,17,0,0.00,0,1,'',5,0,0,0,0,0,0,0,0,0,NULL),(166,122,'Redmi 12C Helio G85 性能芯 5000万高清双摄 5000mAh长续航 4G+64G 蓝色','Redmi 12C Helio G85 性能芯 5000万高清双摄 5000mAh长续航',75,1,2,75,0,649.00,649.00,0,799.00,'',0,0,0,0,'a:2:{i:17;s:6:\"4G+64G\";i:10;s:6:\"蓝色\";}',999,'2023060615523247075.png',0,1,1686037984,1686038010,0,0,0,17,0,0.00,0,1,'',5,0,0,0,0,0,0,0,0,0,NULL),(167,122,'Redmi 12C Helio G85 性能芯 5000万高清双摄 5000mAh长续航 4G+64G 绿色','Redmi 12C Helio G85 性能芯 5000万高清双摄 5000mAh长续航',75,1,2,75,0,649.00,649.00,0,799.00,'',0,0,0,0,'a:2:{i:17;s:6:\"4G+64G\";i:11;s:6:\"绿色\";}',999,'2023060615523247075.png',0,1,1686037984,1686038010,0,0,0,17,0,0.00,0,1,'',5,0,0,0,0,0,0,0,0,0,NULL),(168,122,'Redmi 12C Helio G85 性能芯 5000万高清双摄 5000mAh长续航 4G+64G 紫色','Redmi 12C Helio G85 性能芯 5000万高清双摄 5000mAh长续航',75,1,2,75,0,649.00,649.00,0,799.00,'',0,0,0,0,'a:2:{i:17;s:6:\"4G+64G\";i:19;s:6:\"紫色\";}',999,'2023060615523247075.png',0,1,1686037984,1686038010,0,0,0,17,0,0.00,0,1,'',5,0,0,0,0,0,0,0,0,0,NULL),(169,122,'Redmi 12C Helio G85 性能芯 5000万高清双摄 5000mAh长续航 4G+128G 黑色','Redmi 12C Helio G85 性能芯 5000万高清双摄 5000mAh长续航',75,1,2,75,0,699.00,699.00,0,799.00,'',0,0,0,0,'a:2:{i:18;s:7:\"4G+128G\";i:5;s:6:\"黑色\";}',999,'2023060615523247075.png',0,1,1686037984,1686038010,0,0,0,18,0,0.00,0,1,'',5,0,0,0,0,0,0,0,0,0,NULL),(170,122,'Redmi 12C Helio G85 性能芯 5000万高清双摄 5000mAh长续航 4G+128G 蓝色','Redmi 12C Helio G85 性能芯 5000万高清双摄 5000mAh长续航',75,1,2,75,0,649.00,649.00,0,799.00,'',0,0,0,0,'a:2:{i:18;s:7:\"4G+128G\";i:10;s:6:\"蓝色\";}',999,'2023060615523247075.png',0,1,1686037984,1686038010,0,0,0,18,0,0.00,0,1,'',5,0,0,0,0,0,0,0,0,0,NULL),(171,122,'Redmi 12C Helio G85 性能芯 5000万高清双摄 5000mAh长续航 4G+128G 绿色','Redmi 12C Helio G85 性能芯 5000万高清双摄 5000mAh长续航',75,1,2,75,0,649.00,649.00,0,799.00,'',0,0,0,0,'a:2:{i:18;s:7:\"4G+128G\";i:11;s:6:\"绿色\";}',999,'2023060615523247075.png',0,1,1686037984,1686038010,0,0,0,18,0,0.00,0,1,'',5,0,0,0,0,0,0,0,0,0,NULL),(172,122,'Redmi 12C Helio G85 性能芯 5000万高清双摄 5000mAh长续航 4G+128G 紫色','Redmi 12C Helio G85 性能芯 5000万高清双摄 5000mAh长续航',75,1,2,75,0,649.00,649.00,0,799.00,'',0,0,0,0,'a:2:{i:18;s:7:\"4G+128G\";i:19;s:6:\"紫色\";}',999,'2023060615523247075.png',0,1,1686037984,1686038010,0,0,0,18,0,0.00,0,1,'',5,0,0,0,0,0,0,0,0,0,NULL),(173,123,'Redmi Note12 5G 120Hz OLED屏幕 骁龙4移动平台 8G+128G 子夜黑','Redmi Note12 5G 120Hz OLED屏幕 骁龙4移动平台',75,1,2,75,0,1169.00,1169.00,0,1269.00,'',0,5,2,0,'a:2:{i:1;s:7:\"8G+128G\";i:20;s:9:\"子夜黑\";}',997,'2023060615581113919.png',0,1,1686038321,1686562842,0,0,0,1,0,0.00,0,1,'',5,0,0,0,0,0,0,0,0,0,NULL),(174,123,'Redmi Note12 5G 120Hz OLED屏幕 骁龙4移动平台 8G+128G 时光蓝','Redmi Note12 5G 120Hz OLED屏幕 骁龙4移动平台',75,1,2,75,0,1169.00,1169.00,0,1269.00,'',0,0,0,0,'a:2:{i:1;s:7:\"8G+128G\";i:21;s:9:\"时光蓝\";}',999,'2023060615581113919.png',0,1,1686038321,1686038345,0,0,0,1,0,0.00,0,1,'',5,0,0,0,0,0,0,0,0,0,NULL),(175,123,'Redmi Note12 5G 120Hz OLED屏幕 骁龙4移动平台 8G+128G 镜瓷白','Redmi Note12 5G 120Hz OLED屏幕 骁龙4移动平台',75,1,2,75,0,1169.00,1169.00,0,1269.00,'',0,0,0,0,'a:2:{i:1;s:7:\"8G+128G\";i:22;s:9:\"镜瓷白\";}',999,'2023060615581113919.png',0,1,1686038321,1686038345,0,0,0,1,0,0.00,0,1,'',5,0,0,0,0,0,0,0,0,0,NULL),(176,123,'Redmi Note12 5G 120Hz OLED屏幕 骁龙4移动平台 6G+128G 子夜黑','Redmi Note12 5G 120Hz OLED屏幕 骁龙4移动平台',75,1,2,75,0,1099.00,1099.00,0,1269.00,'',0,0,0,0,'a:2:{i:9;s:7:\"6G+128G\";i:20;s:9:\"子夜黑\";}',999,'2023060615581113919.png',0,1,1686038321,1686038345,0,0,0,9,0,0.00,0,1,'',5,0,0,0,0,0,0,0,0,0,NULL),(177,123,'Redmi Note12 5G 120Hz OLED屏幕 骁龙4移动平台 6G+128G 时光蓝','Redmi Note12 5G 120Hz OLED屏幕 骁龙4移动平台',75,1,2,75,0,1099.00,1099.00,0,1269.00,'',0,0,0,0,'a:2:{i:9;s:7:\"6G+128G\";i:21;s:9:\"时光蓝\";}',999,'2023060615581113919.png',0,1,1686038321,1686038345,0,0,0,9,0,0.00,0,1,'',5,0,0,0,0,0,0,0,0,0,NULL),(178,123,'Redmi Note12 5G 120Hz OLED屏幕 骁龙4移动平台 6G+128G 镜瓷白','Redmi Note12 5G 120Hz OLED屏幕 骁龙4移动平台',75,1,2,75,0,1099.00,1099.00,0,1269.00,'',0,0,0,0,'a:2:{i:9;s:7:\"6G+128G\";i:22;s:9:\"镜瓷白\";}',999,'2023060615581113919.png',0,1,1686038321,1686038345,0,0,0,9,0,0.00,0,1,'',5,0,0,0,0,0,0,0,0,0,NULL),(179,123,'Redmi Note12 5G 120Hz OLED屏幕 骁龙4移动平台 4G+128G 子夜黑','Redmi Note12 5G 120Hz OLED屏幕 骁龙4移动平台',75,1,2,75,0,1199.00,1199.00,0,1269.00,'',0,0,0,0,'a:2:{i:18;s:7:\"4G+128G\";i:20;s:9:\"子夜黑\";}',0,'2023060615581113919.png',0,1,1686038321,1686038345,0,0,0,18,0,0.00,0,1,'',5,0,0,0,0,0,0,0,0,0,NULL),(180,123,'Redmi Note12 5G 120Hz OLED屏幕 骁龙4移动平台 4G+128G 时光蓝','Redmi Note12 5G 120Hz OLED屏幕 骁龙4移动平台',75,1,2,75,0,1199.00,1199.00,0,1269.00,'',0,0,0,0,'a:2:{i:18;s:7:\"4G+128G\";i:21;s:9:\"时光蓝\";}',0,'2023060615581113919.png',0,1,1686038321,1686038345,0,0,0,18,0,0.00,0,1,'',5,0,0,0,0,0,0,0,0,0,NULL),(181,123,'Redmi Note12 5G 120Hz OLED屏幕 骁龙4移动平台 4G+128G 镜瓷白','Redmi Note12 5G 120Hz OLED屏幕 骁龙4移动平台',75,1,2,75,0,1199.00,1199.00,0,1269.00,'',0,0,0,0,'a:2:{i:18;s:7:\"4G+128G\";i:22;s:9:\"镜瓷白\";}',0,'2023060615581113919.png',0,1,1686038321,1686038345,0,0,0,18,0,0.00,0,1,'',5,0,0,0,0,0,0,0,0,0,NULL),(182,124,'Redmi K60E 天玑8200处理器 2K旗舰直屏 OIS光学防抖相机 5500mAh长续航 8G+128G 墨羽','Redmi K60E 天玑8200处理器 2K旗舰直屏 OIS光学防抖相机 5500mAh长续航',75,1,2,75,0,1599.00,1599.00,0,2099.00,'',0,2,0,0,'a:2:{i:1;s:7:\"8G+128G\";i:23;s:6:\"墨羽\";}',0,'2023060616024995458.png',0,1,1686038645,1686107848,0,0,0,1,0,0.00,0,1,'',5,0,0,0,0,0,0,0,0,0,NULL),(183,124,'Redmi K60E 天玑8200处理器 2K旗舰直屏 OIS光学防抖相机 5500mAh长续航 8G+128G 晴雪','Redmi K60E 天玑8200处理器 2K旗舰直屏 OIS光学防抖相机 5500mAh长续航',75,1,2,75,0,1599.00,1599.00,0,2099.00,'',0,0,0,0,'a:2:{i:1;s:7:\"8G+128G\";i:24;s:6:\"晴雪\";}',0,'2023060616024995458.png',0,1,1686038645,1686038676,0,0,0,1,0,0.00,0,1,'',5,0,0,0,0,0,0,0,0,0,NULL),(184,124,'Redmi K60E 天玑8200处理器 2K旗舰直屏 OIS光学防抖相机 5500mAh长续航 8G+128G 幽芒','Redmi K60E 天玑8200处理器 2K旗舰直屏 OIS光学防抖相机 5500mAh长续航',75,1,2,75,0,1599.00,1599.00,0,2099.00,'',0,0,0,0,'a:2:{i:1;s:7:\"8G+128G\";i:25;s:6:\"幽芒\";}',0,'2023060616024995458.png',0,1,1686038645,1686038676,0,0,0,1,0,0.00,0,1,'',5,0,0,0,0,0,0,0,0,0,NULL),(185,124,'Redmi K60E 天玑8200处理器 2K旗舰直屏 OIS光学防抖相机 5500mAh长续航 8G+256G 墨羽','Redmi K60E 天玑8200处理器 2K旗舰直屏 OIS光学防抖相机 5500mAh长续航',75,1,2,75,0,1699.00,1699.00,0,2099.00,'',0,5,0,0,'a:2:{i:2;s:7:\"8G+256G\";i:23;s:6:\"墨羽\";}',999,'2023060616024995458.png',0,1,1686038645,1687079218,0,0,0,2,0,0.00,0,1,'',5,0,0,0,0,0,0,0,0,0,NULL),(186,124,'Redmi K60E 天玑8200处理器 2K旗舰直屏 OIS光学防抖相机 5500mAh长续航 8G+256G 晴雪','Redmi K60E 天玑8200处理器 2K旗舰直屏 OIS光学防抖相机 5500mAh长续航',75,1,2,75,0,1699.00,1699.00,0,2099.00,'',0,1,0,0,'a:2:{i:2;s:7:\"8G+256G\";i:24;s:6:\"晴雪\";}',999,'2023060616024995458.png',0,1,1686038645,1686107856,0,0,0,2,0,0.00,0,1,'',5,0,0,0,0,0,0,0,0,0,NULL),(187,124,'Redmi K60E 天玑8200处理器 2K旗舰直屏 OIS光学防抖相机 5500mAh长续航 8G+256G 幽芒','Redmi K60E 天玑8200处理器 2K旗舰直屏 OIS光学防抖相机 5500mAh长续航',75,1,2,75,0,1699.00,1699.00,0,2099.00,'',0,0,0,0,'a:2:{i:2;s:7:\"8G+256G\";i:25;s:6:\"幽芒\";}',999,'2023060616024995458.png',0,1,1686038645,1686038676,0,0,0,2,0,0.00,0,1,'',5,0,0,0,0,0,0,0,0,0,NULL),(188,124,'Redmi K60E 天玑8200处理器 2K旗舰直屏 OIS光学防抖相机 5500mAh长续航 12G+256G 墨羽','Redmi K60E 天玑8200处理器 2K旗舰直屏 OIS光学防抖相机 5500mAh长续航',75,1,2,75,0,1899.00,1899.00,0,2099.00,'',0,2,0,0,'a:2:{i:4;s:8:\"12G+256G\";i:23;s:6:\"墨羽\";}',999,'2023060616024995458.png',0,1,1686038645,1686281014,0,0,0,4,0,0.00,0,1,'',5,0,0,0,0,0,0,0,0,0,NULL),(189,124,'Redmi K60E 天玑8200处理器 2K旗舰直屏 OIS光学防抖相机 5500mAh长续航 12G+256G 晴雪','Redmi K60E 天玑8200处理器 2K旗舰直屏 OIS光学防抖相机 5500mAh长续航',75,1,2,75,0,1899.00,1899.00,0,2099.00,'',0,0,0,0,'a:2:{i:4;s:8:\"12G+256G\";i:24;s:6:\"晴雪\";}',999,'2023060616024995458.png',0,1,1686038645,1686038676,0,0,0,4,0,0.00,0,1,'',5,0,0,0,0,0,0,0,0,0,NULL),(190,124,'Redmi K60E 天玑8200处理器 2K旗舰直屏 OIS光学防抖相机 5500mAh长续航 12G+256G 幽芒','Redmi K60E 天玑8200处理器 2K旗舰直屏 OIS光学防抖相机 5500mAh长续航',75,1,2,75,0,1899.00,1899.00,0,2099.00,'',0,0,0,0,'a:2:{i:4;s:8:\"12G+256G\";i:25;s:6:\"幽芒\";}',999,'2023060616024995458.png',0,1,1686038645,1686038676,0,0,0,4,0,0.00,0,1,'',5,0,0,0,0,0,0,0,0,0,NULL),(191,124,'Redmi K60E 天玑8200处理器 2K旗舰直屏 OIS光学防抖相机 5500mAh长续航 12G+512G 墨羽','Redmi K60E 天玑8200处理器 2K旗舰直屏 OIS光学防抖相机 5500mAh长续航',75,1,2,75,0,2099.00,2099.00,0,2099.00,'',0,0,0,0,'a:2:{i:16;s:8:\"12G+512G\";i:23;s:6:\"墨羽\";}',999,'2023060616024995458.png',0,1,1686038645,1686038676,0,0,0,16,0,0.00,0,1,'',5,0,0,0,0,0,0,0,0,0,NULL),(192,124,'Redmi K60E 天玑8200处理器 2K旗舰直屏 OIS光学防抖相机 5500mAh长续航 12G+512G 晴雪','Redmi K60E 天玑8200处理器 2K旗舰直屏 OIS光学防抖相机 5500mAh长续航',75,1,2,75,0,2099.00,2099.00,0,2099.00,'',0,0,0,0,'a:2:{i:16;s:8:\"12G+512G\";i:24;s:6:\"晴雪\";}',999,'2023060616024995458.png',0,1,1686038645,1686038676,0,0,0,16,0,0.00,0,1,'',5,0,0,0,0,0,0,0,0,0,NULL),(193,124,'Redmi K60E 天玑8200处理器 2K旗舰直屏 OIS光学防抖相机 5500mAh长续航 12G+512G 幽芒','Redmi K60E 天玑8200处理器 2K旗舰直屏 OIS光学防抖相机 5500mAh长续航',75,1,2,75,0,2099.00,2099.00,0,2099.00,'',0,0,0,0,'a:2:{i:16;s:8:\"12G+512G\";i:25;s:6:\"幽芒\";}',999,'2023060616024995458.png',0,1,1686038645,1686038676,0,0,0,16,0,0.00,0,1,'',5,0,0,0,0,0,0,0,0,0,NULL),(195,125,'荣耀80 GT 骁龙8+旗舰芯 超帧独显芯片 120Hz原画超帧屏 IMX800主摄 12G+256G 光羽流星','荣耀80 GT 骁龙8+旗舰芯 超帧独显芯片 120Hz原画超帧屏 IMX800主摄',76,1,2,76,0,2499.00,2499.00,0,2799.00,'',0,2,0,0,'a:2:{i:28;s:8:\"12G+256G\";i:31;s:12:\"光羽流星\";}',999,'2023060616081399238.png',0,1,1686059173,1686224163,0,0,0,28,0,0.00,0,1,'',5,0,0,0,0,0,0,0,0,0,NULL),(196,125,'荣耀80 GT 骁龙8+旗舰芯 超帧独显芯片 120Hz原画超帧屏 IMX800主摄 12G+256G 星际黑','荣耀80 GT 骁龙8+旗舰芯 超帧独显芯片 120Hz原画超帧屏 IMX800主摄',76,1,2,76,0,2499.00,2499.00,0,2799.00,'',0,0,0,0,'a:2:{i:28;s:8:\"12G+256G\";i:32;s:9:\"星际黑\";}',999,'2023060616081399238.png',0,1,1686059173,1686059173,0,0,0,28,0,0.00,0,1,'',5,0,0,0,0,0,0,0,0,0,NULL),(197,125,'荣耀80 GT 骁龙8+旗舰芯 超帧独显芯片 120Hz原画超帧屏 IMX800主摄 12G+256G 流光幻境','荣耀80 GT 骁龙8+旗舰芯 超帧独显芯片 120Hz原画超帧屏 IMX800主摄',76,1,2,76,0,2499.00,2499.00,0,2799.00,'',0,0,0,0,'a:2:{i:28;s:8:\"12G+256G\";i:33;s:12:\"流光幻境\";}',999,'2023060616081399238.png',0,1,1686059173,1686059173,0,0,0,28,0,0.00,0,1,'',5,0,0,0,0,0,0,0,0,0,NULL),(198,125,'荣耀80 GT 骁龙8+旗舰芯 超帧独显芯片 120Hz原画超帧屏 IMX800主摄 16G+256G 光羽流星','荣耀80 GT 骁龙8+旗舰芯 超帧独显芯片 120Hz原画超帧屏 IMX800主摄',76,1,2,76,0,3199.00,3199.00,0,3199.00,'',0,0,0,0,'a:2:{i:29;s:8:\"16G+256G\";i:31;s:12:\"光羽流星\";}',999,'2023060616081399238.png',0,1,1686059173,1686059173,0,0,0,29,0,0.00,0,1,'',5,0,0,0,0,0,0,0,0,0,NULL),(199,125,'荣耀80 GT 骁龙8+旗舰芯 超帧独显芯片 120Hz原画超帧屏 IMX800主摄 16G+256G 星际黑','荣耀80 GT 骁龙8+旗舰芯 超帧独显芯片 120Hz原画超帧屏 IMX800主摄',76,1,2,76,0,3199.00,3199.00,0,3199.00,'',0,0,0,0,'a:2:{i:29;s:8:\"16G+256G\";i:32;s:9:\"星际黑\";}',999,'2023060616081399238.png',0,1,1686059173,1686059173,0,0,0,29,0,0.00,0,1,'',5,0,0,0,0,0,0,0,0,0,NULL),(200,125,'荣耀80 GT 骁龙8+旗舰芯 超帧独显芯片 120Hz原画超帧屏 IMX800主摄 16G+256G 流光幻境','荣耀80 GT 骁龙8+旗舰芯 超帧独显芯片 120Hz原画超帧屏 IMX800主摄',76,1,2,76,0,3199.00,3199.00,0,3199.00,'',0,0,0,0,'a:2:{i:29;s:8:\"16G+256G\";i:33;s:12:\"流光幻境\";}',999,'2023060616081399238.png',0,1,1686059173,1686059173,0,0,0,29,0,0.00,0,1,'',5,0,0,0,0,0,0,0,0,0,NULL),(201,125,'荣耀80 GT 骁龙8+旗舰芯 超帧独显芯片 120Hz原画超帧屏 IMX800主摄 12G+512G 光羽流星','荣耀80 GT 骁龙8+旗舰芯 超帧独显芯片 120Hz原画超帧屏 IMX800主摄',76,1,2,76,0,2799.00,2799.00,0,2799.00,'',0,0,0,0,'a:2:{i:30;s:8:\"12G+512G\";i:31;s:12:\"光羽流星\";}',999,'2023060616081399238.png',0,1,1686059173,1686059173,0,0,0,30,0,0.00,0,1,'',5,0,0,0,0,0,0,0,0,0,NULL),(202,125,'荣耀80 GT 骁龙8+旗舰芯 超帧独显芯片 120Hz原画超帧屏 IMX800主摄 12G+512G 星际黑','荣耀80 GT 骁龙8+旗舰芯 超帧独显芯片 120Hz原画超帧屏 IMX800主摄',76,1,2,76,0,2799.00,2799.00,0,2799.00,'',0,0,0,0,'a:2:{i:30;s:8:\"12G+512G\";i:32;s:9:\"星际黑\";}',999,'2023060616081399238.png',0,1,1686059173,1686059173,0,0,0,30,0,0.00,0,1,'',5,0,0,0,0,0,0,0,0,0,NULL),(203,125,'荣耀80 GT 骁龙8+旗舰芯 超帧独显芯片 120Hz原画超帧屏 IMX800主摄 12G+512G 流光幻境','荣耀80 GT 骁龙8+旗舰芯 超帧独显芯片 120Hz原画超帧屏 IMX800主摄',76,1,2,76,0,2799.00,2799.00,0,2799.00,'',0,0,0,0,'a:2:{i:30;s:8:\"12G+512G\";i:33;s:12:\"流光幻境\";}',999,'2023060616081399238.png',0,1,1686059173,1686059173,0,0,0,30,0,0.00,0,1,'',5,0,0,0,0,0,0,0,0,0,NULL),(204,126,'荣耀60 Pro 流光四曲屏设计 1亿像素多主摄影像系统 66W超级快充 12G+256G 亮黑色','荣耀60 Pro 流光四曲屏设计 1亿像素多主摄影像系统 66W超级快充',76,1,2,76,0,2499.00,2499.00,0,2499.00,'',0,4,0,0,'a:2:{i:28;s:8:\"12G+256G\";i:34;s:9:\"亮黑色\";}',999,'2023060621564155445.png',0,1,1686060030,1686310735,0,0,0,28,0,0.00,0,1,'',5,0,0,0,0,0,0,0,0,0,NULL),(205,126,'荣耀60 Pro 流光四曲屏设计 1亿像素多主摄影像系统 66W超级快充 12G+256G 墨玉绿','荣耀60 Pro 流光四曲屏设计 1亿像素多主摄影像系统 66W超级快充',76,1,2,76,0,2499.00,2499.00,0,2499.00,'',0,0,0,0,'a:2:{i:28;s:8:\"12G+256G\";i:35;s:9:\"墨玉绿\";}',999,'2023060621564155445.png',0,1,1686060030,1686060073,0,0,0,28,0,0.00,0,1,'',5,0,0,0,0,0,0,0,0,0,NULL),(206,126,'荣耀60 Pro 流光四曲屏设计 1亿像素多主摄影像系统 66W超级快充 12G+256G 朱丽叶','荣耀60 Pro 流光四曲屏设计 1亿像素多主摄影像系统 66W超级快充',76,1,2,76,0,2499.00,2499.00,0,2499.00,'',0,0,0,0,'a:2:{i:28;s:8:\"12G+256G\";i:36;s:9:\"朱丽叶\";}',999,'2023060621564155445.png',0,1,1686060030,1686060073,0,0,0,28,0,0.00,0,1,'',5,0,0,0,0,0,0,0,0,0,NULL),(207,126,'荣耀60 Pro 流光四曲屏设计 1亿像素多主摄影像系统 66W超级快充 8G+256G 亮黑色','荣耀60 Pro 流光四曲屏设计 1亿像素多主摄影像系统 66W超级快充',76,1,2,76,0,1999.00,1999.00,0,1999.00,'',0,0,0,0,'a:2:{i:37;s:7:\"8G+256G\";i:34;s:9:\"亮黑色\";}',999,'2023060621564155445.png',0,1,1686060030,1686060073,0,0,0,37,0,0.00,0,1,'',5,0,0,0,0,0,0,0,0,0,NULL),(208,126,'荣耀60 Pro 流光四曲屏设计 1亿像素多主摄影像系统 66W超级快充 8G+256G 墨玉绿','荣耀60 Pro 流光四曲屏设计 1亿像素多主摄影像系统 66W超级快充',76,1,2,76,0,1999.00,1999.00,0,1999.00,'',0,0,0,0,'a:2:{i:37;s:7:\"8G+256G\";i:35;s:9:\"墨玉绿\";}',999,'2023060621564155445.png',0,1,1686060030,1686060073,0,0,0,37,0,0.00,0,1,'',5,0,0,0,0,0,0,0,0,0,NULL),(209,126,'荣耀60 Pro 流光四曲屏设计 1亿像素多主摄影像系统 66W超级快充 8G+256G 朱丽叶','荣耀60 Pro 流光四曲屏设计 1亿像素多主摄影像系统 66W超级快充',76,1,2,76,0,1999.00,1999.00,0,1999.00,'',0,0,0,0,'a:2:{i:37;s:7:\"8G+256G\";i:36;s:9:\"朱丽叶\";}',999,'2023060621564155445.png',0,1,1686060030,1686060073,0,0,0,37,0,0.00,0,1,'',5,0,0,0,0,0,0,0,0,0,NULL),(210,127,'荣耀 Magic3 Pro 骁龙888Plus 6.76英寸超曲屏 多主摄计算摄影  MAGIC3 亮黑色','荣耀 Magic3 Pro 骁龙888Plus 6.76英寸超曲屏 多主摄计算摄影 ',76,1,2,76,0,2699.00,2699.00,0,2699.00,'',0,1,0,0,'a:2:{i:38;s:6:\"MAGIC3\";i:34;s:9:\"亮黑色\";}',999,'2023060622041473681.png',0,1,1686060301,1686683575,0,0,0,38,0,0.00,0,1,'',5,0,0,0,0,0,0,0,0,0,NULL),(211,127,'荣耀 Magic3 Pro 骁龙888Plus 6.76英寸超曲屏 多主摄计算摄影  MAGIC3 PRO 亮黑色','荣耀 Magic3 Pro 骁龙888Plus 6.76英寸超曲屏 多主摄计算摄影 ',76,1,2,76,0,2899.00,2899.00,0,2899.00,'',0,0,0,0,'a:2:{i:39;s:10:\"MAGIC3 PRO\";i:34;s:9:\"亮黑色\";}',999,'2023060622041473681.png',0,1,1686060301,1686060317,0,0,0,39,0,0.00,0,1,'',5,0,0,0,0,0,0,0,0,0,NULL),(212,128,'荣耀X30 骁龙6nm疾速5G芯 66W超级快充 120Hz全视屏 12G+256G 魅海蓝','荣耀X30 骁龙6nm疾速5G芯 66W超级快充 120Hz全视屏',76,1,2,76,0,1899.00,1899.00,0,1899.00,'',0,2,0,0,'a:2:{i:28;s:8:\"12G+256G\";i:41;s:9:\"魅海蓝\";}',999,'2023060622082521208.png',0,1,1686060525,1686682421,0,0,0,28,0,0.00,0,1,'',5,0,0,0,0,0,0,0,0,0,NULL),(213,128,'荣耀X30 骁龙6nm疾速5G芯 66W超级快充 120Hz全视屏 12G+256G 太空银','荣耀X30 骁龙6nm疾速5G芯 66W超级快充 120Hz全视屏',76,1,2,76,0,1899.00,1899.00,0,1899.00,'',0,0,0,0,'a:2:{i:28;s:8:\"12G+256G\";i:42;s:9:\"太空银\";}',999,'2023060622082521208.png',0,1,1686060525,1686060544,0,0,0,28,0,0.00,0,1,'',5,0,0,0,0,0,0,0,0,0,NULL),(214,128,'荣耀X30 骁龙6nm疾速5G芯 66W超级快充 120Hz全视屏 12G+256G 晨曦金','荣耀X30 骁龙6nm疾速5G芯 66W超级快充 120Hz全视屏',76,1,2,76,0,1899.00,1899.00,0,1899.00,'',0,0,0,0,'a:2:{i:28;s:8:\"12G+256G\";i:43;s:9:\"晨曦金\";}',999,'2023060622082521208.png',0,1,1686060525,1686060544,0,0,0,28,0,0.00,0,1,'',5,0,0,0,0,0,0,0,0,0,NULL),(215,128,'荣耀X30 骁龙6nm疾速5G芯 66W超级快充 120Hz全视屏 8G+256G 魅海蓝','荣耀X30 骁龙6nm疾速5G芯 66W超级快充 120Hz全视屏',76,1,2,76,0,1699.00,1699.00,0,1699.00,'',0,0,0,0,'a:2:{i:37;s:7:\"8G+256G\";i:41;s:9:\"魅海蓝\";}',999,'2023060622082521208.png',0,1,1686060525,1686060544,0,0,0,37,0,0.00,0,1,'',5,0,0,0,0,0,0,0,0,0,NULL),(216,128,'荣耀X30 骁龙6nm疾速5G芯 66W超级快充 120Hz全视屏 8G+256G 太空银','荣耀X30 骁龙6nm疾速5G芯 66W超级快充 120Hz全视屏',76,1,2,76,0,1699.00,1699.00,0,1699.00,'',0,0,0,0,'a:2:{i:37;s:7:\"8G+256G\";i:42;s:9:\"太空银\";}',999,'2023060622082521208.png',0,1,1686060525,1686060544,0,0,0,37,0,0.00,0,1,'',5,0,0,0,0,0,0,0,0,0,NULL),(217,128,'荣耀X30 骁龙6nm疾速5G芯 66W超级快充 120Hz全视屏 8G+256G 晨曦金','荣耀X30 骁龙6nm疾速5G芯 66W超级快充 120Hz全视屏',76,1,2,76,0,1699.00,1699.00,0,1699.00,'',0,0,0,0,'a:2:{i:37;s:7:\"8G+256G\";i:43;s:9:\"晨曦金\";}',999,'2023060622082521208.png',0,1,1686060525,1686060544,0,0,0,37,0,0.00,0,1,'',5,0,0,0,0,0,0,0,0,0,NULL),(218,128,'荣耀X30 骁龙6nm疾速5G芯 66W超级快充 120Hz全视屏 6G+256G 魅海蓝','荣耀X30 骁龙6nm疾速5G芯 66W超级快充 120Hz全视屏',76,1,2,76,0,1499.00,1499.00,0,1499.00,'',0,0,0,0,'a:2:{i:40;s:7:\"6G+256G\";i:41;s:9:\"魅海蓝\";}',999,'2023060622082521208.png',0,1,1686060525,1686060544,0,0,0,40,0,0.00,0,1,'',5,0,0,0,0,0,0,0,0,0,NULL),(219,128,'荣耀X30 骁龙6nm疾速5G芯 66W超级快充 120Hz全视屏 6G+256G 太空银','荣耀X30 骁龙6nm疾速5G芯 66W超级快充 120Hz全视屏',76,1,2,76,0,1499.00,1499.00,0,1499.00,'',0,0,0,0,'a:2:{i:40;s:7:\"6G+256G\";i:42;s:9:\"太空银\";}',999,'2023060622082521208.png',0,1,1686060525,1686060544,0,0,0,40,0,0.00,0,1,'',5,0,0,0,0,0,0,0,0,0,NULL),(220,128,'荣耀X30 骁龙6nm疾速5G芯 66W超级快充 120Hz全视屏 6G+256G 晨曦金','荣耀X30 骁龙6nm疾速5G芯 66W超级快充 120Hz全视屏',76,1,2,76,0,1499.00,1499.00,0,1499.00,'',0,0,0,0,'a:2:{i:40;s:7:\"6G+256G\";i:43;s:9:\"晨曦金\";}',999,'2023060622082521208.png',0,1,1686060525,1686060544,0,0,0,40,0,0.00,0,1,'',5,0,0,0,0,0,0,0,0,0,NULL),(221,129,'荣耀Play7T Pro 7.43mm 超薄设计 40W超级快充 6.7英寸超窄边护眼全视屏 16G+256G 亮黑色','荣耀Play7T Pro 7.43mm 超薄设计 40W超级快充 6.7英寸超窄边护眼全视屏',76,1,2,76,0,1349.00,1349.00,0,1349.00,'',0,1,0,0,'a:2:{i:29;s:8:\"16G+256G\";i:34;s:9:\"亮黑色\";}',999,'2023060622115126471.png',0,1,1686060752,1686686422,0,0,0,29,0,0.00,0,1,'',5,0,0,0,0,0,0,0,0,0,NULL),(222,129,'荣耀Play7T Pro 7.43mm 超薄设计 40W超级快充 6.7英寸超窄边护眼全视屏 16G+256G 墨玉绿','荣耀Play7T Pro 7.43mm 超薄设计 40W超级快充 6.7英寸超窄边护眼全视屏',76,1,2,76,0,1349.00,1349.00,0,1349.00,'',0,0,0,0,'a:2:{i:29;s:8:\"16G+256G\";i:35;s:9:\"墨玉绿\";}',999,'2023060622115126471.png',0,1,1686060752,1686060849,0,0,0,29,0,0.00,0,1,'',5,0,0,0,0,0,0,0,0,0,NULL),(223,129,'荣耀Play7T Pro 7.43mm 超薄设计 40W超级快充 6.7英寸超窄边护眼全视屏 16G+256G 太空银','荣耀Play7T Pro 7.43mm 超薄设计 40W超级快充 6.7英寸超窄边护眼全视屏',76,1,2,76,0,1349.00,1349.00,0,1349.00,'',0,0,0,0,'a:2:{i:29;s:8:\"16G+256G\";i:42;s:9:\"太空银\";}',999,'2023060622115126471.png',0,1,1686060752,1686060849,0,0,0,29,0,0.00,0,1,'',5,0,0,0,0,0,0,0,0,0,NULL),(224,129,'荣耀Play7T Pro 7.43mm 超薄设计 40W超级快充 6.7英寸超窄边护眼全视屏 8G+256G 亮黑色','荣耀Play7T Pro 7.43mm 超薄设计 40W超级快充 6.7英寸超窄边护眼全视屏',76,1,2,76,0,1299.00,1299.00,0,1299.00,'',0,0,0,0,'a:2:{i:37;s:7:\"8G+256G\";i:34;s:9:\"亮黑色\";}',999,'2023060622115126471.png',0,1,1686060752,1686060849,0,0,0,37,0,0.00,0,1,'',5,0,0,0,0,0,0,0,0,0,NULL),(225,129,'荣耀Play7T Pro 7.43mm 超薄设计 40W超级快充 6.7英寸超窄边护眼全视屏 8G+256G 墨玉绿','荣耀Play7T Pro 7.43mm 超薄设计 40W超级快充 6.7英寸超窄边护眼全视屏',76,1,2,76,0,1299.00,1299.00,0,1299.00,'',0,0,0,0,'a:2:{i:37;s:7:\"8G+256G\";i:35;s:9:\"墨玉绿\";}',999,'2023060622115126471.png',0,1,1686060752,1686060849,0,0,0,37,0,0.00,0,1,'',5,0,0,0,0,0,0,0,0,0,NULL),(226,129,'荣耀Play7T Pro 7.43mm 超薄设计 40W超级快充 6.7英寸超窄边护眼全视屏 8G+256G 太空银','荣耀Play7T Pro 7.43mm 超薄设计 40W超级快充 6.7英寸超窄边护眼全视屏',76,1,2,76,0,1299.00,1299.00,0,1299.00,'',0,0,0,0,'a:2:{i:37;s:7:\"8G+256G\";i:42;s:9:\"太空银\";}',999,'2023060622115126471.png',0,1,1686060752,1686060849,0,0,0,37,0,0.00,0,1,'',5,0,0,0,0,0,0,0,0,0,NULL),(227,130,'vivo X Flip 12GB+256GB 菱紫 轻巧优雅设计 魔镜大外屏 悬停蔡司影像 12G+256G 鎏金','vivo X Flip 12GB+256GB 菱紫 轻巧优雅设计 魔镜大外屏 悬停蔡司影像',78,1,2,78,0,5599.00,5599.00,0,5599.00,'',0,3,0,0,'a:2:{i:44;s:8:\"12G+256G\";i:47;s:6:\"鎏金\";}',999,'2023060622171448962.png',0,1,1686061062,1686686421,0,0,0,44,0,0.00,0,1,'',5,0,0,0,0,0,0,0,0,0,NULL),(228,130,'vivo X Flip 12GB+256GB 菱紫 轻巧优雅设计 魔镜大外屏 悬停蔡司影像 12G+256G 钻黑','vivo X Flip 12GB+256GB 菱紫 轻巧优雅设计 魔镜大外屏 悬停蔡司影像',78,1,2,78,0,5599.00,5599.00,0,5599.00,'',0,0,0,0,'a:2:{i:44;s:8:\"12G+256G\";i:48;s:6:\"钻黑\";}',999,'2023060622171448962.png',0,1,1686061062,1686061076,0,0,0,44,0,0.00,0,1,'',5,0,0,0,0,0,0,0,0,0,NULL),(229,130,'vivo X Flip 12GB+256GB 菱紫 轻巧优雅设计 魔镜大外屏 悬停蔡司影像 12G+256G 菱紫','vivo X Flip 12GB+256GB 菱紫 轻巧优雅设计 魔镜大外屏 悬停蔡司影像',78,1,2,78,0,5599.00,5599.00,0,5599.00,'',0,0,0,0,'a:2:{i:44;s:8:\"12G+256G\";i:49;s:6:\"菱紫\";}',999,'2023060622171448962.png',0,1,1686061062,1686061076,0,0,0,44,0,0.00,0,1,'',5,0,0,0,0,0,0,0,0,0,NULL),(230,130,'vivo X Flip 12GB+256GB 菱紫 轻巧优雅设计 魔镜大外屏 悬停蔡司影像 12G+512G 鎏金','vivo X Flip 12GB+256GB 菱紫 轻巧优雅设计 魔镜大外屏 悬停蔡司影像',78,1,2,78,0,6699.00,6699.00,0,6699.00,'',0,0,0,0,'a:2:{i:45;s:8:\"12G+512G\";i:47;s:6:\"鎏金\";}',999,'2023060622171448962.png',0,1,1686061062,1686061076,0,0,0,45,0,0.00,0,1,'',5,0,0,0,0,0,0,0,0,0,NULL),(231,130,'vivo X Flip 12GB+256GB 菱紫 轻巧优雅设计 魔镜大外屏 悬停蔡司影像 12G+512G 钻黑','vivo X Flip 12GB+256GB 菱紫 轻巧优雅设计 魔镜大外屏 悬停蔡司影像',78,1,2,78,0,6699.00,6699.00,0,6699.00,'',0,0,0,0,'a:2:{i:45;s:8:\"12G+512G\";i:48;s:6:\"钻黑\";}',999,'2023060622171448962.png',0,1,1686061062,1686061076,0,0,0,45,0,0.00,0,1,'',5,0,0,0,0,0,0,0,0,0,NULL),(232,130,'vivo X Flip 12GB+256GB 菱紫 轻巧优雅设计 魔镜大外屏 悬停蔡司影像 12G+512G 菱紫','vivo X Flip 12GB+256GB 菱紫 轻巧优雅设计 魔镜大外屏 悬停蔡司影像',78,1,2,78,0,6699.00,6699.00,0,6699.00,'',0,0,0,0,'a:2:{i:45;s:8:\"12G+512G\";i:49;s:6:\"菱紫\";}',999,'2023060622171448962.png',0,1,1686061062,1686061076,0,0,0,45,0,0.00,0,1,'',5,0,0,0,0,0,0,0,0,0,NULL),(233,131,'vivo S16e 12GB+256GB 风信紫 5000万柔光人像 原彩柔光环 OIS超稳光学防抖 8G+128G 风信紫','vivo S16e 12GB+256GB 风信紫 5000万柔光人像 原彩柔光环 OIS超稳光学防抖',78,1,2,78,0,1899.00,1899.00,0,1899.00,'',0,2,0,0,'a:2:{i:50;s:7:\"8G+128G\";i:53;s:9:\"风信紫\";}',999,'2023060622220085771.png',0,1,1686061341,1686686421,0,0,0,50,0,0.00,0,1,'',5,0,0,0,0,0,0,0,0,0,NULL),(234,131,'vivo S16e 12GB+256GB 风信紫 5000万柔光人像 原彩柔光环 OIS超稳光学防抖 8G+128G 海墨绿','vivo S16e 12GB+256GB 风信紫 5000万柔光人像 原彩柔光环 OIS超稳光学防抖',78,1,2,78,0,1899.00,1899.00,0,1899.00,'',0,0,0,0,'a:2:{i:50;s:7:\"8G+128G\";i:54;s:9:\"海墨绿\";}',999,'2023060622220085771.png',0,1,1686061341,1686061366,0,0,0,50,0,0.00,0,1,'',5,0,0,0,0,0,0,0,0,0,NULL),(235,131,'vivo S16e 12GB+256GB 风信紫 5000万柔光人像 原彩柔光环 OIS超稳光学防抖 8G+128G 昼夜黑','vivo S16e 12GB+256GB 风信紫 5000万柔光人像 原彩柔光环 OIS超稳光学防抖',78,1,2,78,0,1899.00,1899.00,0,1899.00,'',0,0,0,0,'a:2:{i:50;s:7:\"8G+128G\";i:55;s:9:\"昼夜黑\";}',999,'2023060622220085771.png',0,1,1686061341,1686061366,0,0,0,50,0,0.00,0,1,'',5,0,0,0,0,0,0,0,0,0,NULL),(236,131,'vivo S16e 12GB+256GB 风信紫 5000万柔光人像 原彩柔光环 OIS超稳光学防抖 8G+256G 风信紫','vivo S16e 12GB+256GB 风信紫 5000万柔光人像 原彩柔光环 OIS超稳光学防抖',78,1,2,78,0,2099.00,2099.00,0,2099.00,'',0,0,0,0,'a:2:{i:51;s:7:\"8G+256G\";i:53;s:9:\"风信紫\";}',999,'2023060622220085771.png',0,1,1686061341,1686061366,0,0,0,51,0,0.00,0,1,'',5,0,0,0,0,0,0,0,0,0,NULL),(237,131,'vivo S16e 12GB+256GB 风信紫 5000万柔光人像 原彩柔光环 OIS超稳光学防抖 8G+256G 海墨绿','vivo S16e 12GB+256GB 风信紫 5000万柔光人像 原彩柔光环 OIS超稳光学防抖',78,1,2,78,0,2099.00,2099.00,0,2099.00,'',0,0,0,0,'a:2:{i:51;s:7:\"8G+256G\";i:54;s:9:\"海墨绿\";}',999,'2023060622220085771.png',0,1,1686061341,1686061366,0,0,0,51,0,0.00,0,1,'',5,0,0,0,0,0,0,0,0,0,NULL),(238,131,'vivo S16e 12GB+256GB 风信紫 5000万柔光人像 原彩柔光环 OIS超稳光学防抖 8G+256G 昼夜黑','vivo S16e 12GB+256GB 风信紫 5000万柔光人像 原彩柔光环 OIS超稳光学防抖',78,1,2,78,0,2099.00,2099.00,0,2099.00,'',0,0,0,0,'a:2:{i:51;s:7:\"8G+256G\";i:55;s:9:\"昼夜黑\";}',999,'2023060622220085771.png',0,1,1686061341,1686061366,0,0,0,51,0,0.00,0,1,'',5,0,0,0,0,0,0,0,0,0,NULL),(239,131,'vivo S16e 12GB+256GB 风信紫 5000万柔光人像 原彩柔光环 OIS超稳光学防抖 12GG+256G 风信紫','vivo S16e 12GB+256GB 风信紫 5000万柔光人像 原彩柔光环 OIS超稳光学防抖',78,1,2,78,0,2299.00,2299.00,0,2299.00,'',0,0,0,0,'a:2:{i:52;s:9:\"12GG+256G\";i:53;s:9:\"风信紫\";}',999,'2023060622220085771.png',0,1,1686061341,1686061366,0,0,0,52,0,0.00,0,1,'',5,0,0,0,0,0,0,0,0,0,NULL),(240,131,'vivo S16e 12GB+256GB 风信紫 5000万柔光人像 原彩柔光环 OIS超稳光学防抖 12GG+256G 海墨绿','vivo S16e 12GB+256GB 风信紫 5000万柔光人像 原彩柔光环 OIS超稳光学防抖',78,1,2,78,0,2299.00,2299.00,0,2299.00,'',0,0,0,0,'a:2:{i:52;s:9:\"12GG+256G\";i:54;s:9:\"海墨绿\";}',999,'2023060622220085771.png',0,1,1686061341,1686061366,0,0,0,52,0,0.00,0,1,'',5,0,0,0,0,0,0,0,0,0,NULL),(241,131,'vivo S16e 12GB+256GB 风信紫 5000万柔光人像 原彩柔光环 OIS超稳光学防抖 12GG+256G 昼夜黑','vivo S16e 12GB+256GB 风信紫 5000万柔光人像 原彩柔光环 OIS超稳光学防抖',78,1,2,78,0,2299.00,2299.00,0,2299.00,'',0,0,0,0,'a:2:{i:52;s:9:\"12GG+256G\";i:55;s:9:\"昼夜黑\";}',999,'2023060622220085771.png',0,1,1686061341,1686061366,0,0,0,52,0,0.00,0,1,'',5,0,0,0,0,0,0,0,0,0,NULL),(242,132,'vivo iQOO Neo8 16GB+512GB44Hz高刷 5G游戏电竞性能手机 12G+256G 夜岩','vivo iQOO Neo8 16GB+512GB44Hz高刷 5G游戏电竞性能手机',78,1,2,78,0,2299.00,2299.00,0,2299.00,'',0,17,0,0,'a:2:{i:52;s:8:\"12G+256G\";i:56;s:6:\"夜岩\";}',999,'2023060622264441112.png',0,1,1686061635,1687533614,0,0,0,52,0,0.00,0,1,'',5,0,0,0,0,0,0,0,0,0,NULL),(243,132,'vivo iQOO Neo8 16GB+512GB44Hz高刷 5G游戏电竞性能手机 12G+256G 冲浪','vivo iQOO Neo8 16GB+512GB44Hz高刷 5G游戏电竞性能手机',78,1,2,78,0,2299.00,2299.00,0,2299.00,'',0,0,0,0,'a:2:{i:52;s:8:\"12G+256G\";i:57;s:6:\"冲浪\";}',999,'2023060622264441112.png',0,1,1686061635,1686061664,0,0,0,52,0,0.00,0,1,'',5,0,0,0,0,0,0,0,0,0,NULL),(244,132,'vivo iQOO Neo8 16GB+512GB44Hz高刷 5G游戏电竞性能手机 12G+256G 赛点','vivo iQOO Neo8 16GB+512GB44Hz高刷 5G游戏电竞性能手机',78,1,2,78,0,2299.00,2299.00,0,2299.00,'',0,0,0,0,'a:2:{i:52;s:8:\"12G+256G\";i:58;s:6:\"赛点\";}',999,'2023060622264441112.png',0,1,1686061635,1686061664,0,0,0,52,0,0.00,0,1,'',5,0,0,0,0,0,0,0,0,0,NULL),(245,132,'vivo iQOO Neo8 16GB+512GB44Hz高刷 5G游戏电竞性能手机 12G+512G 夜岩','vivo iQOO Neo8 16GB+512GB44Hz高刷 5G游戏电竞性能手机',78,1,2,78,0,2699.00,2699.00,0,2899.00,'',0,0,0,0,'a:2:{i:59;s:8:\"12G+512G\";i:56;s:6:\"夜岩\";}',999,'2023060622264441112.png',0,1,1686061635,1686061664,0,0,0,59,0,0.00,0,1,'',5,0,0,0,0,0,0,0,0,0,NULL),(246,132,'vivo iQOO Neo8 16GB+512GB44Hz高刷 5G游戏电竞性能手机 12G+512G 冲浪','vivo iQOO Neo8 16GB+512GB44Hz高刷 5G游戏电竞性能手机',78,1,2,78,0,2699.00,2699.00,0,2899.00,'',0,0,0,0,'a:2:{i:59;s:8:\"12G+512G\";i:57;s:6:\"冲浪\";}',999,'2023060622264441112.png',0,1,1686061635,1686061664,0,0,0,59,0,0.00,0,1,'',5,0,0,0,0,0,0,0,0,0,NULL),(247,132,'vivo iQOO Neo8 16GB+512GB44Hz高刷 5G游戏电竞性能手机 12G+512G 赛点','vivo iQOO Neo8 16GB+512GB44Hz高刷 5G游戏电竞性能手机',78,1,2,78,0,2699.00,2699.00,0,2899.00,'',0,0,0,0,'a:2:{i:59;s:8:\"12G+512G\";i:58;s:6:\"赛点\";}',999,'2023060622264441112.png',0,1,1686061635,1686061664,0,0,0,59,0,0.00,0,1,'',5,0,0,0,0,0,0,0,0,0,NULL),(248,132,'vivo iQOO Neo8 16GB+512GB44Hz高刷 5G游戏电竞性能手机 16G+512G 夜岩','vivo iQOO Neo8 16GB+512GB44Hz高刷 5G游戏电竞性能手机',78,1,2,78,0,2899.00,2899.00,0,2899.00,'',0,0,0,0,'a:2:{i:60;s:8:\"16G+512G\";i:56;s:6:\"夜岩\";}',999,'2023060622264441112.png',0,1,1686061635,1686061664,0,0,0,60,0,0.00,0,1,'',5,0,0,0,0,0,0,0,0,0,NULL),(249,132,'vivo iQOO Neo8 16GB+512GB44Hz高刷 5G游戏电竞性能手机 16G+512G 冲浪','vivo iQOO Neo8 16GB+512GB44Hz高刷 5G游戏电竞性能手机',78,1,2,78,0,2899.00,2899.00,0,2899.00,'',0,0,0,0,'a:2:{i:60;s:8:\"16G+512G\";i:57;s:6:\"冲浪\";}',999,'2023060622264441112.png',0,1,1686061635,1686061664,0,0,0,60,0,0.00,0,1,'',5,0,0,0,0,0,0,0,0,0,NULL),(250,132,'vivo iQOO Neo8 16GB+512GB44Hz高刷 5G游戏电竞性能手机 16G+512G 赛点','vivo iQOO Neo8 16GB+512GB44Hz高刷 5G游戏电竞性能手机',78,1,2,78,0,2899.00,2899.00,0,2899.00,'',0,0,0,0,'a:2:{i:60;s:8:\"16G+512G\";i:58;s:6:\"赛点\";}',999,'2023060622264441112.png',0,1,1686061635,1686061664,0,0,0,60,0,0.00,0,1,'',5,0,0,0,0,0,0,0,0,0,NULL),(251,133,' vivo Y78+ 8GB+128GB 天青色 旗舰级120Hz OLED曲面屏 8G+128G 鎏金',' vivo Y78+ 8GB+128GB 天青色 旗舰级120Hz OLED曲面屏',78,1,2,78,0,1799.00,1799.00,0,1799.00,'',0,1,0,0,'a:2:{i:50;s:7:\"8G+128G\";i:47;s:6:\"鎏金\";}',999,'2023060622305676465.png',0,1,1686061876,1686244650,0,0,0,50,0,0.00,0,1,'',5,0,0,0,0,0,0,0,0,0,NULL),(252,133,' vivo Y78+ 8GB+128GB 天青色 旗舰级120Hz OLED曲面屏 8G+128G 钻黑',' vivo Y78+ 8GB+128GB 天青色 旗舰级120Hz OLED曲面屏',78,1,2,78,0,1799.00,1799.00,0,1799.00,'',0,0,0,0,'a:2:{i:50;s:7:\"8G+128G\";i:48;s:6:\"钻黑\";}',999,'2023060622305676465.png',0,1,1686061876,1686061886,0,0,0,50,0,0.00,0,1,'',5,0,0,0,0,0,0,0,0,0,NULL),(253,133,' vivo Y78+ 8GB+128GB 天青色 旗舰级120Hz OLED曲面屏 8G+128G 天青',' vivo Y78+ 8GB+128GB 天青色 旗舰级120Hz OLED曲面屏',78,1,2,78,0,1799.00,1799.00,0,1799.00,'',0,0,0,0,'a:2:{i:50;s:7:\"8G+128G\";i:63;s:6:\"天青\";}',999,'2023060622305676465.png',0,1,1686061876,1686061886,0,0,0,50,0,0.00,0,1,'',5,0,0,0,0,0,0,0,0,0,NULL),(254,133,' vivo Y78+ 8GB+128GB 天青色 旗舰级120Hz OLED曲面屏 6G+128G 鎏金',' vivo Y78+ 8GB+128GB 天青色 旗舰级120Hz OLED曲面屏',78,1,2,78,0,1599.00,1599.00,0,1599.00,'',0,0,0,0,'a:2:{i:61;s:7:\"6G+128G\";i:47;s:6:\"鎏金\";}',999,'2023060622305676465.png',0,1,1686061876,1686061886,0,0,0,61,0,0.00,0,1,'',5,0,0,0,0,0,0,0,0,0,NULL),(255,133,' vivo Y78+ 8GB+128GB 天青色 旗舰级120Hz OLED曲面屏 6G+128G 钻黑',' vivo Y78+ 8GB+128GB 天青色 旗舰级120Hz OLED曲面屏',78,1,2,78,0,1599.00,1599.00,0,1599.00,'',0,0,0,0,'a:2:{i:61;s:7:\"6G+128G\";i:48;s:6:\"钻黑\";}',999,'2023060622305676465.png',0,1,1686061876,1686061886,0,0,0,61,0,0.00,0,1,'',5,0,0,0,0,0,0,0,0,0,NULL),(256,133,' vivo Y78+ 8GB+128GB 天青色 旗舰级120Hz OLED曲面屏 6G+128G 天青',' vivo Y78+ 8GB+128GB 天青色 旗舰级120Hz OLED曲面屏',78,1,2,78,0,1599.00,1599.00,0,1599.00,'',0,5,0,0,'a:2:{i:61;s:7:\"6G+128G\";i:63;s:6:\"天青\";}',999,'2023060622305676465.png',0,1,1686061876,1686564843,0,0,0,61,0,0.00,0,1,'',5,0,0,0,0,0,0,0,0,0,NULL),(257,133,' vivo Y78+ 8GB+128GB 天青色 旗舰级120Hz OLED曲面屏 12G+128G 鎏金',' vivo Y78+ 8GB+128GB 天青色 旗舰级120Hz OLED曲面屏',78,1,2,78,0,1999.00,1999.00,0,1999.00,'',0,2,0,0,'a:2:{i:62;s:8:\"12G+128G\";i:47;s:6:\"鎏金\";}',999,'2023060622305676465.png',0,1,1686061876,1686564843,0,0,0,62,0,0.00,0,1,'',5,0,0,0,0,0,0,0,0,0,NULL),(258,133,' vivo Y78+ 8GB+128GB 天青色 旗舰级120Hz OLED曲面屏 12G+128G 钻黑',' vivo Y78+ 8GB+128GB 天青色 旗舰级120Hz OLED曲面屏',78,1,2,78,0,1999.00,1999.00,0,1999.00,'',0,5,0,0,'a:2:{i:62;s:8:\"12G+128G\";i:48;s:6:\"钻黑\";}',999,'2023060622305676465.png',0,1,1686061876,1686945176,0,0,0,62,0,0.00,0,1,'',5,0,0,0,0,0,0,0,0,0,NULL),(259,133,' vivo Y78+ 8GB+128GB 天青色 旗舰级120Hz OLED曲面屏 12G+128G 天青',' vivo Y78+ 8GB+128GB 天青色 旗舰级120Hz OLED曲面屏',78,1,2,78,0,1999.00,1999.00,0,1999.00,'',0,2,0,0,'a:2:{i:62;s:8:\"12G+128G\";i:63;s:6:\"天青\";}',999,'2023060622305676465.png',0,1,1686061876,1686564843,0,0,0,62,0,0.00,0,1,'',5,0,0,0,0,0,0,0,0,0,NULL),(260,134,'OPPO Find N2 Flip 12GB+256GB 流金 任意窗 5000万超清自拍  8G+256G 鎏金','OPPO Find N2 Flip 12GB+256GB 流金 任意窗 5000万超清自拍 ',79,1,2,79,0,6399.00,6399.00,0,6399.00,'',0,3,1,0,'a:2:{i:64;s:7:\"8G+256G\";i:67;s:6:\"鎏金\";}',998,'2023060622361028398.png',0,1,1686062189,1686564842,0,0,0,64,0,0.00,0,1,'',5,0,0,0,0,0,0,0,0,0,NULL),(261,134,'OPPO Find N2 Flip 12GB+256GB 流金 任意窗 5000万超清自拍  8G+256G 雅黑','OPPO Find N2 Flip 12GB+256GB 流金 任意窗 5000万超清自拍 ',79,1,2,79,0,6399.00,6399.00,0,6399.00,'',0,1,0,0,'a:2:{i:64;s:7:\"8G+256G\";i:68;s:6:\"雅黑\";}',999,'2023060622361028398.png',0,1,1686062189,1686288831,0,0,0,64,0,0.00,0,1,'',5,0,0,0,0,0,0,0,0,0,NULL),(262,134,'OPPO Find N2 Flip 12GB+256GB 流金 任意窗 5000万超清自拍  8G+256G 慕紫','OPPO Find N2 Flip 12GB+256GB 流金 任意窗 5000万超清自拍 ',79,1,2,79,0,6399.00,6399.00,0,6399.00,'',0,2,0,0,'a:2:{i:64;s:7:\"8G+256G\";i:69;s:6:\"慕紫\";}',999,'2023060622361028398.png',0,1,1686062189,1686951759,0,0,0,64,0,0.00,0,1,'',5,0,0,0,0,0,0,0,0,0,NULL),(263,134,'OPPO Find N2 Flip 12GB+256GB 流金 任意窗 5000万超清自拍  12G+256G 鎏金','OPPO Find N2 Flip 12GB+256GB 流金 任意窗 5000万超清自拍 ',79,1,2,79,0,6699.00,6699.00,0,6699.00,'',0,3,0,0,'a:2:{i:65;s:8:\"12G+256G\";i:67;s:6:\"鎏金\";}',999,'2023060622361028398.png',0,1,1686062189,1686568843,0,0,0,65,0,0.00,0,1,'',5,0,0,0,0,0,0,0,0,0,NULL),(264,134,'OPPO Find N2 Flip 12GB+256GB 流金 任意窗 5000万超清自拍  12G+256G 雅黑','OPPO Find N2 Flip 12GB+256GB 流金 任意窗 5000万超清自拍 ',79,1,2,79,0,6699.00,6699.00,0,6699.00,'',0,0,0,0,'a:2:{i:65;s:8:\"12G+256G\";i:68;s:6:\"雅黑\";}',999,'2023060622361028398.png',0,1,1686062189,1686062207,0,0,0,65,0,0.00,0,1,'',5,0,0,0,0,0,0,0,0,0,NULL),(265,134,'OPPO Find N2 Flip 12GB+256GB 流金 任意窗 5000万超清自拍  12G+256G 慕紫','OPPO Find N2 Flip 12GB+256GB 流金 任意窗 5000万超清自拍 ',79,1,2,79,0,6699.00,6699.00,0,6699.00,'',0,0,0,0,'a:2:{i:65;s:8:\"12G+256G\";i:69;s:6:\"慕紫\";}',999,'2023060622361028398.png',0,1,1686062189,1686062207,0,0,0,65,0,0.00,0,1,'',5,0,0,0,0,0,0,0,0,0,NULL),(266,134,'OPPO Find N2 Flip 12GB+256GB 流金 任意窗 5000万超清自拍  16G+512G 鎏金','OPPO Find N2 Flip 12GB+256GB 流金 任意窗 5000万超清自拍 ',79,1,2,79,0,6999.00,6999.00,0,6999.00,'',0,0,0,0,'a:2:{i:66;s:8:\"16G+512G\";i:67;s:6:\"鎏金\";}',999,'2023060622361028398.png',0,1,1686062189,1686062207,0,0,0,66,0,0.00,0,1,'',5,0,0,0,0,0,0,0,0,0,NULL),(267,134,'OPPO Find N2 Flip 12GB+256GB 流金 任意窗 5000万超清自拍  16G+512G 雅黑','OPPO Find N2 Flip 12GB+256GB 流金 任意窗 5000万超清自拍 ',79,1,2,79,0,6999.00,6999.00,0,6999.00,'',0,0,0,0,'a:2:{i:66;s:8:\"16G+512G\";i:68;s:6:\"雅黑\";}',999,'2023060622361028398.png',0,1,1686062189,1686062207,0,0,0,66,0,0.00,0,1,'',5,0,0,0,0,0,0,0,0,0,NULL),(268,134,'OPPO Find N2 Flip 12GB+256GB 流金 任意窗 5000万超清自拍  16G+512G 慕紫','OPPO Find N2 Flip 12GB+256GB 流金 任意窗 5000万超清自拍 ',79,1,2,79,0,6999.00,6999.00,0,6999.00,'',0,0,0,0,'a:2:{i:66;s:8:\"16G+512G\";i:69;s:6:\"慕紫\";}',999,'2023060622361028398.png',0,1,1686062189,1686062207,0,0,0,66,0,0.00,0,1,'',5,0,0,0,0,0,0,0,0,0,NULL),(269,135,'OPPO Find X6 Pro 16GB+512GB 大漠银月 超光影三主摄 哈苏影像 12G+256G 银月','OPPO Find X6 Pro 16GB+512GB 大漠银月 超光影三主摄 哈苏影像',79,1,2,79,0,6399.00,6399.00,0,6399.00,'',0,3,0,0,'a:2:{i:70;s:8:\"12G+256G\";i:73;s:6:\"银月\";}',999,'2023060622410679398.png',0,1,1686062484,1686208163,0,0,0,70,0,0.00,0,1,'',5,0,0,0,0,0,0,0,0,0,NULL),(270,135,'OPPO Find X6 Pro 16GB+512GB 大漠银月 超光影三主摄 哈苏影像 12G+256G 墨黑','OPPO Find X6 Pro 16GB+512GB 大漠银月 超光影三主摄 哈苏影像',79,1,2,79,0,6399.00,6399.00,0,6399.00,'',0,0,0,0,'a:2:{i:70;s:8:\"12G+256G\";i:74;s:6:\"墨黑\";}',999,'2023060622410679398.png',0,1,1686062484,1686062498,0,0,0,70,0,0.00,0,1,'',5,0,0,0,0,0,0,0,0,0,NULL),(271,135,'OPPO Find X6 Pro 16GB+512GB 大漠银月 超光影三主摄 哈苏影像 12G+256G 飞泉绿','OPPO Find X6 Pro 16GB+512GB 大漠银月 超光影三主摄 哈苏影像',79,1,2,79,0,6399.00,6399.00,0,6399.00,'',0,0,0,0,'a:2:{i:70;s:8:\"12G+256G\";i:75;s:9:\"飞泉绿\";}',999,'2023060622410679398.png',0,1,1686062484,1686062498,0,0,0,70,0,0.00,0,1,'',5,0,0,0,0,0,0,0,0,0,NULL),(272,135,'OPPO Find X6 Pro 16GB+512GB 大漠银月 超光影三主摄 哈苏影像 16G+256G 银月','OPPO Find X6 Pro 16GB+512GB 大漠银月 超光影三主摄 哈苏影像',79,1,2,79,0,6699.00,6699.00,0,6699.00,'',0,0,0,0,'a:2:{i:71;s:8:\"16G+256G\";i:73;s:6:\"银月\";}',999,'2023060622410679398.png',0,1,1686062484,1686062498,0,0,0,71,0,0.00,0,1,'',5,0,0,0,0,0,0,0,0,0,NULL),(273,135,'OPPO Find X6 Pro 16GB+512GB 大漠银月 超光影三主摄 哈苏影像 16G+256G 墨黑','OPPO Find X6 Pro 16GB+512GB 大漠银月 超光影三主摄 哈苏影像',79,1,2,79,0,6699.00,6699.00,0,6699.00,'',0,0,0,0,'a:2:{i:71;s:8:\"16G+256G\";i:74;s:6:\"墨黑\";}',999,'2023060622410679398.png',0,1,1686062484,1686062498,0,0,0,71,0,0.00,0,1,'',5,0,0,0,0,0,0,0,0,0,NULL),(274,135,'OPPO Find X6 Pro 16GB+512GB 大漠银月 超光影三主摄 哈苏影像 16G+256G 飞泉绿','OPPO Find X6 Pro 16GB+512GB 大漠银月 超光影三主摄 哈苏影像',79,1,2,79,0,6699.00,6699.00,0,6699.00,'',0,0,0,0,'a:2:{i:71;s:8:\"16G+256G\";i:75;s:9:\"飞泉绿\";}',999,'2023060622410679398.png',0,1,1686062484,1686062498,0,0,0,71,0,0.00,0,1,'',5,0,0,0,0,0,0,0,0,0,NULL),(275,135,'OPPO Find X6 Pro 16GB+512GB 大漠银月 超光影三主摄 哈苏影像 16G+512G 银月','OPPO Find X6 Pro 16GB+512GB 大漠银月 超光影三主摄 哈苏影像',79,1,2,79,0,6999.00,6999.00,0,6999.00,'',0,0,0,0,'a:2:{i:72;s:8:\"16G+512G\";i:73;s:6:\"银月\";}',999,'2023060622410679398.png',0,1,1686062484,1686062498,0,0,0,72,0,0.00,0,1,'',5,0,0,0,0,0,0,0,0,0,NULL),(276,135,'OPPO Find X6 Pro 16GB+512GB 大漠银月 超光影三主摄 哈苏影像 16G+512G 墨黑','OPPO Find X6 Pro 16GB+512GB 大漠银月 超光影三主摄 哈苏影像',79,1,2,79,0,6999.00,6999.00,0,6999.00,'',0,0,0,0,'a:2:{i:72;s:8:\"16G+512G\";i:74;s:6:\"墨黑\";}',999,'2023060622410679398.png',0,1,1686062484,1686062498,0,0,0,72,0,0.00,0,1,'',5,0,0,0,0,0,0,0,0,0,NULL),(277,135,'OPPO Find X6 Pro 16GB+512GB 大漠银月 超光影三主摄 哈苏影像 16G+512G 飞泉绿','OPPO Find X6 Pro 16GB+512GB 大漠银月 超光影三主摄 哈苏影像',79,1,2,79,0,6999.00,6999.00,0,6999.00,'',0,0,0,0,'a:2:{i:72;s:8:\"16G+512G\";i:75;s:9:\"飞泉绿\";}',999,'2023060622410679398.png',0,1,1686062484,1686062498,0,0,0,72,0,0.00,0,1,'',5,0,0,0,0,0,0,0,0,0,NULL),(278,136,'OPPO Pad 2平板 11.61英寸2.8K超高清大屏 144Hz超高刷 天玑9000 12G+256G 光羽金','OPPO Pad 2平板 11.61英寸2.8K超高清大屏 144Hz超高刷 天玑9000',79,1,2,79,0,3299.00,3299.00,0,3299.00,'',0,1,0,0,'a:2:{i:70;s:8:\"12G+256G\";i:76;s:9:\"光羽金\";}',999,'2023060622445963518.png',0,1,1686062720,1686280831,0,0,0,70,0,0.00,0,1,'',5,0,0,0,0,0,0,0,0,0,NULL),(279,136,'OPPO Pad 2平板 11.61英寸2.8K超高清大屏 144Hz超高刷 天玑9000 12G+256G 星云灰','OPPO Pad 2平板 11.61英寸2.8K超高清大屏 144Hz超高刷 天玑9000',79,1,2,79,0,3299.00,3299.00,0,3299.00,'',0,0,0,0,'a:2:{i:70;s:8:\"12G+256G\";i:77;s:9:\"星云灰\";}',999,'2023060622445963518.png',0,1,1686062720,1686062734,0,0,0,70,0,0.00,0,1,'',5,0,0,0,0,0,0,0,0,0,NULL),(280,136,'OPPO Pad 2平板 11.61英寸2.8K超高清大屏 144Hz超高刷 天玑9000 16G+256G 光羽金','OPPO Pad 2平板 11.61英寸2.8K超高清大屏 144Hz超高刷 天玑9000',79,1,2,79,0,2899.00,2899.00,0,2899.00,'',0,0,0,0,'a:2:{i:71;s:8:\"16G+256G\";i:76;s:9:\"光羽金\";}',999,'2023060622445963518.png',0,1,1686062720,1686062734,0,0,0,71,0,0.00,0,1,'',5,0,0,0,0,0,0,0,0,0,NULL),(281,136,'OPPO Pad 2平板 11.61英寸2.8K超高清大屏 144Hz超高刷 天玑9000 16G+256G 星云灰','OPPO Pad 2平板 11.61英寸2.8K超高清大屏 144Hz超高刷 天玑9000',79,1,2,79,0,2899.00,2899.00,0,2899.00,'',0,0,0,0,'a:2:{i:71;s:8:\"16G+256G\";i:77;s:9:\"星云灰\";}',999,'2023060622445963518.png',0,1,1686062720,1686062734,0,0,0,71,0,0.00,0,1,'',5,0,0,0,0,0,0,0,0,0,NULL),(282,136,'OPPO Pad 2平板 11.61英寸2.8K超高清大屏 144Hz超高刷 天玑9000 8G+256G 光羽金','OPPO Pad 2平板 11.61英寸2.8K超高清大屏 144Hz超高刷 天玑9000',79,1,2,79,0,2599.00,2599.00,0,2599.00,'',0,0,0,0,'a:2:{i:78;s:7:\"8G+256G\";i:76;s:9:\"光羽金\";}',999,'2023060622445963518.png',0,1,1686062720,1686062734,0,0,0,78,0,0.00,0,1,'',5,0,0,0,0,0,0,0,0,0,NULL),(283,136,'OPPO Pad 2平板 11.61英寸2.8K超高清大屏 144Hz超高刷 天玑9000 8G+256G 星云灰','OPPO Pad 2平板 11.61英寸2.8K超高清大屏 144Hz超高刷 天玑9000',79,1,2,79,0,2599.00,2599.00,0,2599.00,'',0,0,0,0,'a:2:{i:78;s:7:\"8G+256G\";i:77;s:9:\"星云灰\";}',999,'2023060622445963518.png',0,1,1686062720,1686062734,0,0,0,78,0,0.00,0,1,'',5,0,0,0,0,0,0,0,0,0,NULL),(284,137,'OPPO K11x 8GB+256GB 墨玉 1亿超清影像 超大内存 长寿版 12G+256G 珠光','OPPO K11x 8GB+256GB 墨玉 1亿超清影像 超大内存 长寿版',79,1,2,79,0,1899.00,1899.00,0,1899.00,'',0,3,0,0,'a:2:{i:70;s:8:\"12G+256G\";i:79;s:6:\"珠光\";}',999,'2023060622481473822.png',0,1,1686062912,1686471362,0,0,0,70,0,0.00,0,1,'',5,0,0,0,0,0,0,0,0,0,NULL),(285,137,'OPPO K11x 8GB+256GB 墨玉 1亿超清影像 超大内存 长寿版 12G+256G 墨玉','OPPO K11x 8GB+256GB 墨玉 1亿超清影像 超大内存 长寿版',79,1,2,79,0,1899.00,1899.00,0,1899.00,'',0,0,0,0,'a:2:{i:70;s:8:\"12G+256G\";i:80;s:6:\"墨玉\";}',999,'2023060622481473822.png',0,1,1686062912,1686062931,0,0,0,70,0,0.00,0,1,'',5,0,0,0,0,0,0,0,0,0,NULL),(286,137,'OPPO K11x 8GB+256GB 墨玉 1亿超清影像 超大内存 长寿版 16G+256G 珠光','OPPO K11x 8GB+256GB 墨玉 1亿超清影像 超大内存 长寿版',79,1,2,79,0,1699.00,1699.00,0,1699.00,'',0,0,0,0,'a:2:{i:71;s:8:\"16G+256G\";i:79;s:6:\"珠光\";}',999,'2023060622481473822.png',0,1,1686062912,1686062931,0,0,0,71,0,0.00,0,1,'',5,0,0,0,0,0,0,0,0,0,NULL),(287,137,'OPPO K11x 8GB+256GB 墨玉 1亿超清影像 超大内存 长寿版 16G+256G 墨玉','OPPO K11x 8GB+256GB 墨玉 1亿超清影像 超大内存 长寿版',79,1,2,79,0,1699.00,1699.00,0,1699.00,'',0,0,0,0,'a:2:{i:71;s:8:\"16G+256G\";i:80;s:6:\"墨玉\";}',999,'2023060622481473822.png',0,1,1686062912,1686062931,0,0,0,71,0,0.00,0,1,'',5,0,0,0,0,0,0,0,0,0,NULL),(288,137,'OPPO K11x 8GB+256GB 墨玉 1亿超清影像 超大内存 长寿版 8G+256G 珠光','OPPO K11x 8GB+256GB 墨玉 1亿超清影像 超大内存 长寿版',79,1,2,79,0,1499.00,1499.00,0,1499.00,'',0,0,0,0,'a:2:{i:78;s:7:\"8G+256G\";i:79;s:6:\"珠光\";}',999,'2023060622481473822.png',0,1,1686062912,1686062931,0,0,0,78,0,0.00,0,1,'',5,0,0,0,0,0,0,0,0,0,NULL),(289,137,'OPPO K11x 8GB+256GB 墨玉 1亿超清影像 超大内存 长寿版 8G+256G 墨玉','OPPO K11x 8GB+256GB 墨玉 1亿超清影像 超大内存 长寿版',79,1,2,79,0,1499.00,1499.00,0,1499.00,'',0,0,0,0,'a:2:{i:78;s:7:\"8G+256G\";i:80;s:6:\"墨玉\";}',999,'2023060622481473822.png',0,1,1686062912,1686062931,0,0,0,78,0,0.00,0,1,'',5,0,0,0,0,0,0,0,0,0,NULL),(290,138,'OPPO Reno10 Pro+ 16GB+512GB 暮光紫 骁龙 8+ 旗舰芯片 16G+256G 灿烂金','OPPO Reno10 Pro+ 16GB+512GB 暮光紫 骁龙 8+ 旗舰芯片',79,1,2,79,0,3899.00,3899.00,0,3899.00,'',0,8,0,0,'a:2:{i:71;s:8:\"16G+256G\";i:67;s:9:\"灿烂金\";}',0,'2023060622512233793.png',0,1,1686063161,1686947176,0,0,0,71,0,0.00,0,1,'',5,0,0,0,0,0,0,0,0,0,NULL),(291,138,'OPPO Reno10 Pro+ 16GB+512GB 暮光紫 骁龙 8+ 旗舰芯片 16G+256G 月海黑','OPPO Reno10 Pro+ 16GB+512GB 暮光紫 骁龙 8+ 旗舰芯片',79,1,2,79,0,3899.00,3899.00,0,3899.00,'',0,0,0,0,'a:2:{i:71;s:8:\"16G+256G\";i:68;s:9:\"月海黑\";}',0,'2023060622512233793.png',0,1,1686063161,1686063179,0,0,0,71,0,0.00,0,1,'',5,0,0,0,0,0,0,0,0,0,NULL),(292,138,'OPPO Reno10 Pro+ 16GB+512GB 暮光紫 骁龙 8+ 旗舰芯片 16G+256G 慕光紫','OPPO Reno10 Pro+ 16GB+512GB 暮光紫 骁龙 8+ 旗舰芯片',79,1,2,79,0,3899.00,3899.00,0,3899.00,'',0,0,0,0,'a:2:{i:71;s:8:\"16G+256G\";i:69;s:9:\"慕光紫\";}',0,'2023060622512233793.png',0,1,1686063161,1686063179,0,0,0,71,0,0.00,0,1,'',5,0,0,0,0,0,0,0,0,0,NULL),(293,138,'OPPO Reno10 Pro+ 16GB+512GB 暮光紫 骁龙 8+ 旗舰芯片 16G+512G 灿烂金','OPPO Reno10 Pro+ 16GB+512GB 暮光紫 骁龙 8+ 旗舰芯片',79,1,2,79,0,4299.00,4299.00,0,4299.00,'',0,0,0,0,'a:2:{i:72;s:8:\"16G+512G\";i:67;s:9:\"灿烂金\";}',0,'2023060622512233793.png',0,1,1686063161,1686063179,0,0,0,72,0,0.00,0,1,'',5,0,0,0,0,0,0,0,0,0,NULL),(294,138,'OPPO Reno10 Pro+ 16GB+512GB 暮光紫 骁龙 8+ 旗舰芯片 16G+512G 月海黑','OPPO Reno10 Pro+ 16GB+512GB 暮光紫 骁龙 8+ 旗舰芯片',79,1,2,79,0,4299.00,4299.00,0,4299.00,'',0,0,0,0,'a:2:{i:72;s:8:\"16G+512G\";i:68;s:9:\"月海黑\";}',0,'2023060622512233793.png',0,1,1686063161,1686063179,0,0,0,72,0,0.00,0,1,'',5,0,0,0,0,0,0,0,0,0,NULL),(295,138,'OPPO Reno10 Pro+ 16GB+512GB 暮光紫 骁龙 8+ 旗舰芯片 16G+512G 慕光紫','OPPO Reno10 Pro+ 16GB+512GB 暮光紫 骁龙 8+ 旗舰芯片',79,1,2,79,0,4299.00,4299.00,0,4299.00,'',0,0,0,0,'a:2:{i:72;s:8:\"16G+512G\";i:69;s:9:\"慕光紫\";}',0,'2023060622512233793.png',0,1,1686063161,1686063179,0,0,0,72,0,0.00,0,1,'',5,0,0,0,0,0,0,0,0,0,NULL),(296,139,'三星 SAMSUNG Galaxy A53 5G手机 120Hz超顺滑全视屏 IP67级防尘防水 8G+128G 宇宙黑','三星 SAMSUNG Galaxy A53 5G手机 120Hz超顺滑全视屏 IP67级防尘防水',282,1,2,282,0,1769.00,1769.00,0,1769.00,'',0,5,0,0,'a:2:{i:81;s:7:\"8G+128G\";i:83;s:9:\"宇宙黑\";}',999,'2023060622565212841.png',0,1,1686063448,1686955176,0,0,0,81,0,0.00,0,1,'',5,0,0,0,0,0,0,0,0,0,NULL),(297,139,'三星 SAMSUNG Galaxy A53 5G手机 120Hz超顺滑全视屏 IP67级防尘防水 8G+128G 晴天蓝','三星 SAMSUNG Galaxy A53 5G手机 120Hz超顺滑全视屏 IP67级防尘防水',282,1,2,282,0,1769.00,1769.00,0,1769.00,'',0,2,0,0,'a:2:{i:81;s:7:\"8G+128G\";i:84;s:9:\"晴天蓝\";}',999,'2023060622565212841.png',0,1,1686063448,1686282842,0,0,0,81,0,0.00,0,1,'',5,0,0,0,0,0,0,0,0,0,NULL),(298,139,'三星 SAMSUNG Galaxy A53 5G手机 120Hz超顺滑全视屏 IP67级防尘防水 8G+128G 水蜜桃','三星 SAMSUNG Galaxy A53 5G手机 120Hz超顺滑全视屏 IP67级防尘防水',282,1,2,282,0,1769.00,1769.00,0,1769.00,'',0,1,0,0,'a:2:{i:81;s:7:\"8G+128G\";i:85;s:9:\"水蜜桃\";}',999,'2023060622565212841.png',0,1,1686063448,1686282831,0,0,0,81,0,0.00,0,1,'',5,0,0,0,0,0,0,0,0,0,NULL),(299,139,'三星 SAMSUNG Galaxy A53 5G手机 120Hz超顺滑全视屏 IP67级防尘防水 8G+256G 宇宙黑','三星 SAMSUNG Galaxy A53 5G手机 120Hz超顺滑全视屏 IP67级防尘防水',282,1,2,282,0,2069.00,2069.00,0,2069.00,'',0,1,0,0,'a:2:{i:82;s:7:\"8G+256G\";i:83;s:9:\"宇宙黑\";}',999,'2023060622565212841.png',0,1,1686063448,1686282831,0,0,0,82,0,0.00,0,1,'',5,0,0,0,0,0,0,0,0,0,NULL),(300,139,'三星 SAMSUNG Galaxy A53 5G手机 120Hz超顺滑全视屏 IP67级防尘防水 8G+256G 晴天蓝','三星 SAMSUNG Galaxy A53 5G手机 120Hz超顺滑全视屏 IP67级防尘防水',282,1,2,282,0,2069.00,2069.00,0,2069.00,'',0,0,0,0,'a:2:{i:82;s:7:\"8G+256G\";i:84;s:9:\"晴天蓝\";}',999,'2023060622565212841.png',0,1,1686063448,1686063461,0,0,0,82,0,0.00,0,1,'',5,0,0,0,0,0,0,0,0,0,NULL),(301,139,'三星 SAMSUNG Galaxy A53 5G手机 120Hz超顺滑全视屏 IP67级防尘防水 8G+256G 水蜜桃','三星 SAMSUNG Galaxy A53 5G手机 120Hz超顺滑全视屏 IP67级防尘防水',282,1,2,282,0,2069.00,2069.00,0,2069.00,'',0,0,0,0,'a:2:{i:82;s:7:\"8G+256G\";i:85;s:9:\"水蜜桃\";}',999,'2023060622565212841.png',0,1,1686063448,1686063461,0,0,0,82,0,0.00,0,1,'',5,0,0,0,0,0,0,0,0,0,NULL),(302,140,'三星 S23 SM-S9110新品5G手机 超视觉夜拍可持续性设计s22新品Galaxy s23 8G+256G 悠雾紫','三星 S23 SM-S9110新品5G手机 超视觉夜拍可持续性设计s22新品Galaxy s23',282,1,2,282,0,4899.00,4899.00,0,4899.00,'',0,1,0,0,'a:2:{i:82;s:7:\"8G+256G\";i:86;s:9:\"悠雾紫\";}',999,'2023060623004440268.png',0,1,1686063662,1686220163,0,0,0,82,0,0.00,0,1,'',5,0,0,0,0,0,0,0,0,0,NULL),(303,140,'三星 S23 SM-S9110新品5G手机 超视觉夜拍可持续性设计s22新品Galaxy s23 8G+256G 悠柔白 ','三星 S23 SM-S9110新品5G手机 超视觉夜拍可持续性设计s22新品Galaxy s23',282,1,2,282,0,4899.00,4899.00,0,4899.00,'',0,0,0,0,'a:2:{i:82;s:7:\"8G+256G\";i:87;s:10:\"悠柔白 \";}',999,'2023060623004440268.png',0,1,1686063662,1686063674,0,0,0,82,0,0.00,0,1,'',5,0,0,0,0,0,0,0,0,0,NULL),(304,141,'三星 SAMSUNG Galaxy S22 超视觉夜拍系统超清夜景 超电影影像系统 超耐用精工设计 8G+256G 羽梦白','三星 SAMSUNG Galaxy S22 超视觉夜拍系统超清夜景 超电影影像系统 超耐用精工设计',282,1,2,282,0,3139.00,3139.00,0,3139.00,'',0,1,0,0,'a:2:{i:82;s:7:\"8G+256G\";i:88;s:9:\"羽梦白\";}',999,'2023060623040869798.png',0,1,1686063867,1686282831,0,0,0,82,0,0.00,0,1,'',5,0,0,0,0,0,0,0,0,0,NULL),(305,141,'三星 SAMSUNG Galaxy S22 超视觉夜拍系统超清夜景 超电影影像系统 超耐用精工设计 8G+256G 耀夜黑','三星 SAMSUNG Galaxy S22 超视觉夜拍系统超清夜景 超电影影像系统 超耐用精工设计',282,1,2,282,0,3139.00,3139.00,0,3139.00,'',0,0,0,0,'a:2:{i:82;s:7:\"8G+256G\";i:89;s:9:\"耀夜黑\";}',999,'2023060623040869798.png',0,1,1686063867,1686063877,0,0,0,82,0,0.00,0,1,'',5,0,0,0,0,0,0,0,0,0,NULL),(306,141,'三星 SAMSUNG Galaxy S22 超视觉夜拍系统超清夜景 超电影影像系统 超耐用精工设计 8G+256G 雾凇绿','三星 SAMSUNG Galaxy S22 超视觉夜拍系统超清夜景 超电影影像系统 超耐用精工设计',282,1,2,282,0,3139.00,3139.00,0,3139.00,'',0,0,0,0,'a:2:{i:82;s:7:\"8G+256G\";i:90;s:9:\"雾凇绿\";}',999,'2023060623040869798.png',0,1,1686063867,1686063877,0,0,0,82,0,0.00,0,1,'',5,0,0,0,0,0,0,0,0,0,NULL),(307,141,'三星 SAMSUNG Galaxy S22 超视觉夜拍系统超清夜景 超电影影像系统 超耐用精工设计 8G+256G 浮光粉','三星 SAMSUNG Galaxy S22 超视觉夜拍系统超清夜景 超电影影像系统 超耐用精工设计',282,1,2,282,0,3139.00,3139.00,0,3139.00,'',0,0,0,0,'a:2:{i:82;s:7:\"8G+256G\";i:91;s:9:\"浮光粉\";}',999,'2023060623040869798.png',0,1,1686063867,1686063877,0,0,0,82,0,0.00,0,1,'',5,0,0,0,0,0,0,0,0,0,NULL),(308,142,'三星 SAMSUNG Galaxy Z Flip4 掌心折叠设计 立式自由拍摄系统 8G+256G 哥特太空','三星 SAMSUNG Galaxy Z Flip4 掌心折叠设计 立式自由拍摄系统',282,1,2,282,0,6299.00,6299.00,0,6299.00,'',0,5,0,0,'a:2:{i:82;s:7:\"8G+256G\";i:92;s:12:\"哥特太空\";}',999,'2023060623072531144.png',0,1,1686064063,1686951559,0,0,0,82,0,0.00,0,1,'',5,0,0,0,0,0,0,0,0,0,NULL),(309,142,'三星 SAMSUNG Galaxy Z Flip4 掌心折叠设计 立式自由拍摄系统 8G+256G 蓝海假日','三星 SAMSUNG Galaxy Z Flip4 掌心折叠设计 立式自由拍摄系统',282,1,2,282,0,6299.00,6299.00,0,6299.00,'',0,0,0,0,'a:2:{i:82;s:7:\"8G+256G\";i:93;s:12:\"蓝海假日\";}',999,'2023060623072531144.png',0,1,1686064063,1686064073,0,0,0,82,0,0.00,0,1,'',5,0,0,0,0,0,0,0,0,0,NULL),(310,143,'Apple Watch Series 8 智能手表GPS款41毫米星光色铝金属表壳星光色运动型表带 铝金属GPS款41毫米 WATCH8星光色','Apple Watch Series 8 智能手表GPS款41毫米星光色铝金属表壳星光色运动型表带MNP63CH/A',70,1,3,70,0,2999.00,2999.00,0,2999.00,'',0,2,0,0,'a:2:{i:97;s:23:\"铝金属GPS款41毫米\";i:94;s:15:\"WATCH8星光色\";}',999,'2023060623145921844.png',0,1,1686064516,1686210163,0,0,0,97,0,0.00,0,1,'',5,0,0,0,0,0,0,0,0,0,NULL),(311,143,'Apple Watch Series 8 智能手表GPS款41毫米星光色铝金属表壳星光色运动型表带 铝金属GPS款41毫米 WATCH8午夜色','Apple Watch Series 8 智能手表GPS款41毫米星光色铝金属表壳星光色运动型表带MNP63CH/A',70,1,3,70,0,2999.00,2999.00,0,2999.00,'',0,1,0,0,'a:2:{i:97;s:23:\"铝金属GPS款41毫米\";i:95;s:15:\"WATCH8午夜色\";}',999,'2023060623145921844.png',0,1,1686064516,1686280830,0,0,0,97,0,0.00,0,1,'',5,0,0,0,0,0,0,0,0,0,NULL),(312,143,'Apple Watch Series 8 智能手表GPS款41毫米星光色铝金属表壳星光色运动型表带 铝金属GPS款41毫米 WATCH8红色','Apple Watch Series 8 智能手表GPS款41毫米星光色铝金属表壳星光色运动型表带MNP63CH/A',70,1,3,70,0,2999.00,2999.00,0,2999.00,'',0,1,0,0,'a:2:{i:97;s:23:\"铝金属GPS款41毫米\";i:96;s:12:\"WATCH8红色\";}',999,'2023060623145921844.png',0,1,1686064516,1686279962,0,0,0,97,0,0.00,0,1,'',5,0,0,0,0,0,0,0,0,0,NULL),(313,143,'Apple Watch Series 8 智能手表GPS款41毫米星光色铝金属表壳星光色运动型表带 铝金属GPS款45毫米 WATCH8星光色','Apple Watch Series 8 智能手表GPS款41毫米星光色铝金属表壳星光色运动型表带MNP63CH/A',70,1,3,70,0,3199.00,3199.00,0,3199.00,'',0,1,0,0,'a:2:{i:98;s:23:\"铝金属GPS款45毫米\";i:94;s:15:\"WATCH8星光色\";}',999,'2023060623145921844.png',0,1,1686064516,1686280830,0,0,0,98,0,0.00,0,1,'',5,0,0,0,0,0,0,0,0,0,NULL),(314,143,'Apple Watch Series 8 智能手表GPS款41毫米星光色铝金属表壳星光色运动型表带 铝金属GPS款45毫米 WATCH8午夜色','Apple Watch Series 8 智能手表GPS款41毫米星光色铝金属表壳星光色运动型表带MNP63CH/A',70,1,3,70,0,3199.00,3199.00,0,3199.00,'',0,0,0,0,'a:2:{i:98;s:23:\"铝金属GPS款45毫米\";i:95;s:15:\"WATCH8午夜色\";}',999,'2023060623145921844.png',0,1,1686064516,1686064531,0,0,0,98,0,0.00,0,1,'',5,0,0,0,0,0,0,0,0,0,NULL),(315,143,'Apple Watch Series 8 智能手表GPS款41毫米星光色铝金属表壳星光色运动型表带 铝金属GPS款45毫米 WATCH8红色','Apple Watch Series 8 智能手表GPS款41毫米星光色铝金属表壳星光色运动型表带MNP63CH/A',70,1,3,70,0,3199.00,3199.00,0,3199.00,'',0,0,0,0,'a:2:{i:98;s:23:\"铝金属GPS款45毫米\";i:96;s:12:\"WATCH8红色\";}',999,'2023060623145921844.png',0,1,1686064516,1686064531,0,0,0,98,0,0.00,0,1,'',5,0,0,0,0,0,0,0,0,0,NULL),(316,144,'维蒂索华强北S8Ultra运动智能手表Watch8ProMax 49MM表壳 【钛合金】','维蒂索华强北S8Ultra运动智能手表Watch8ProMax',70,1,3,70,0,398.00,398.00,0,398.00,'',0,1,0,0,'a:2:{i:99;s:10:\"49MM表壳\";i:100;s:15:\"【钛合金】\";}',999,'2023060623190228449.png',0,1,1686064767,1686683592,0,0,0,99,0,0.00,0,1,'',5,0,0,0,0,0,0,0,0,0,NULL),(317,145,'小米（MI）Redmi watch3 红米智能手表 Redmi watch3 典雅黑','小米（MI）Redmi watch3 红米智能手表 典雅黑 血氧检测 蓝牙通话 高清大屏 NFC运动手表 小米手表 红米手表',70,1,3,70,0,469.00,469.00,0,469.00,'',0,1,0,0,'a:2:{i:103;s:12:\"Redmi watch3\";i:101;s:9:\"典雅黑\";}',999,'2023060623215972533.png',0,1,1686064937,1686279089,0,0,0,103,0,0.00,0,1,'',5,0,0,0,0,0,0,0,0,0,NULL),(318,145,'小米（MI）Redmi watch3 红米智能手表 Redmi watch3 象牙白','小米（MI）Redmi watch3 红米智能手表 典雅黑 血氧检测 蓝牙通话 高清大屏 NFC运动手表 小米手表 红米手表',70,1,3,70,0,469.00,469.00,0,469.00,'',0,0,0,0,'a:2:{i:103;s:12:\"Redmi watch3\";i:102;s:9:\"象牙白\";}',999,'2023060623215972533.png',0,1,1686064937,1686064951,0,0,0,103,0,0.00,0,1,'',5,0,0,0,0,0,0,0,0,0,NULL),(319,146,'【5G卡通用全网通】电话智能手表儿童成人华强北顶配插卡5G4G卡通 高配 白色','【5G卡通用全网通】电话智能手表儿童成人华强北顶配插卡5G4G卡通用小学初高中生天才wifi维蒂索 推荐【高配黑色】安卓-GPS定位-支付微信抖音QQ',70,1,3,70,0,298.00,298.00,0,298.00,'',0,4,0,0,'a:2:{i:107;s:6:\"高配\";i:104;s:6:\"白色\";}',999,'2023060623254485753.png',0,1,1686065167,1686951176,0,0,0,107,0,0.00,0,1,'',5,0,0,0,0,0,0,0,0,0,NULL),(320,146,'【5G卡通用全网通】电话智能手表儿童成人华强北顶配插卡5G4G卡通 高配 粉色','【5G卡通用全网通】电话智能手表儿童成人华强北顶配插卡5G4G卡通用小学初高中生天才wifi维蒂索 推荐【高配黑色】安卓-GPS定位-支付微信抖音QQ',70,1,3,70,0,298.00,298.00,0,298.00,'',0,0,0,0,'a:2:{i:107;s:6:\"高配\";i:105;s:6:\"粉色\";}',999,'2023060623254485753.png',0,1,1686065167,1686065188,0,0,0,107,0,0.00,0,1,'',5,0,0,0,0,0,0,0,0,0,NULL),(321,146,'【5G卡通用全网通】电话智能手表儿童成人华强北顶配插卡5G4G卡通 高配 黑色','【5G卡通用全网通】电话智能手表儿童成人华强北顶配插卡5G4G卡通用小学初高中生天才wifi维蒂索 推荐【高配黑色】安卓-GPS定位-支付微信抖音QQ',70,1,3,70,0,298.00,298.00,0,298.00,'',0,0,0,0,'a:2:{i:107;s:6:\"高配\";i:106;s:6:\"黑色\";}',999,'2023060623254485753.png',0,1,1686065167,1686065188,0,0,0,107,0,0.00,0,1,'',5,0,0,0,0,0,0,0,0,0,NULL),(322,146,'【5G卡通用全网通】电话智能手表儿童成人华强北顶配插卡5G4G卡通 顶配 白色','【5G卡通用全网通】电话智能手表儿童成人华强北顶配插卡5G4G卡通用小学初高中生天才wifi维蒂索 推荐【高配黑色】安卓-GPS定位-支付微信抖音QQ',70,1,3,70,0,398.00,398.00,0,398.00,'',0,0,0,0,'a:2:{i:108;s:6:\"顶配\";i:104;s:6:\"白色\";}',999,'2023060623254485753.png',0,1,1686065167,1686065188,0,0,0,108,0,0.00,0,1,'',5,0,0,0,0,0,0,0,0,0,NULL),(323,146,'【5G卡通用全网通】电话智能手表儿童成人华强北顶配插卡5G4G卡通 顶配 粉色','【5G卡通用全网通】电话智能手表儿童成人华强北顶配插卡5G4G卡通用小学初高中生天才wifi维蒂索 推荐【高配黑色】安卓-GPS定位-支付微信抖音QQ',70,1,3,70,0,398.00,398.00,0,398.00,'',0,0,0,0,'a:2:{i:108;s:6:\"顶配\";i:105;s:6:\"粉色\";}',999,'2023060623254485753.png',0,1,1686065167,1686065188,0,0,0,108,0,0.00,0,1,'',5,0,0,0,0,0,0,0,0,0,NULL),(324,146,'【5G卡通用全网通】电话智能手表儿童成人华强北顶配插卡5G4G卡通 顶配 黑色','【5G卡通用全网通】电话智能手表儿童成人华强北顶配插卡5G4G卡通用小学初高中生天才wifi维蒂索 推荐【高配黑色】安卓-GPS定位-支付微信抖音QQ',70,1,3,70,0,398.00,398.00,0,398.00,'',0,0,0,0,'a:2:{i:108;s:6:\"顶配\";i:106;s:6:\"黑色\";}',999,'2023060623254485753.png',0,1,1686065167,1686065188,0,0,0,108,0,0.00,0,1,'',5,0,0,0,0,0,0,0,0,0,NULL),(325,147,'华为（HUAWEI） 华为平板电脑MatePad Pro 10.8英寸 夜阑灰  8G+256G WIFI版','华为（HUAWEI） 华为平板电脑MatePad Pro 10.8英寸影音娱乐办公全面屏学习平板电脑 8G+128G WiFi版 夜阑灰 官方标配',769,765,767,769,0,3099.00,3099.00,0,3099.00,'',0,2,0,0,'a:2:{i:109;s:10:\"夜阑灰 \";i:110;s:15:\"8G+256G WIFI版\";}',999,'2023060710003642811.png',0,1,1686103363,1686684421,0,0,0,0,0,0.00,0,1,'',5,0,0,0,0,0,0,0,0,0,NULL),(326,147,'华为（HUAWEI） 华为平板电脑MatePad Pro 10.8英寸 夜阑灰  8G+128G WIFI版','华为（HUAWEI） 华为平板电脑MatePad Pro 10.8英寸影音娱乐办公全面屏学习平板电脑 8G+128G WiFi版 夜阑灰 官方标配',769,765,767,769,0,2699.00,2699.00,0,2699.00,'',0,2,0,0,'a:2:{i:109;s:10:\"夜阑灰 \";i:111;s:15:\"8G+128G WIFI版\";}',999,'2023060710003642811.png',0,1,1686103363,1686103406,0,0,0,0,0,0.00,0,1,'',5,0,0,0,0,0,0,0,0,0,NULL),(327,148,'HUAV平板电脑超清全面屏十核全网通5GWiFi版 星河蓝 12G+128G','HUAV平板电脑超清全面屏十核全网通5GWiFi商务办公影音游戏娱乐学习上网课二合一平板 星河蓝 新Pro性能版16G+256G原装键盘鼠标\r\n',769,765,767,769,0,1288.00,1288.00,0,1288.00,'',0,1,0,0,'a:2:{i:112;s:9:\"星河蓝\";i:115;s:8:\"12G+128G\";}',999,'2023060710075790018.png',0,1,1686103811,1686686421,0,0,0,0,0,0.00,0,1,'',5,0,0,0,0,0,0,0,0,0,NULL),(328,148,'HUAV平板电脑超清全面屏十核全网通5GWiFi版 星河蓝 12G+512G','HUAV平板电脑超清全面屏十核全网通5GWiFi商务办公影音游戏娱乐学习上网课二合一平板 星河蓝 新Pro性能版16G+256G原装键盘鼠标\r\n',769,765,767,769,0,1588.00,1588.00,0,1588.00,'',0,0,0,0,'a:2:{i:112;s:9:\"星河蓝\";i:116;s:8:\"12G+512G\";}',999,'2023060710075790018.png',0,1,1686103811,1686103822,0,0,0,0,0,0.00,0,1,'',5,0,0,0,0,0,0,0,0,0,NULL),(329,148,'HUAV平板电脑超清全面屏十核全网通5GWiFi版 冰霜银 12G+128G','HUAV平板电脑超清全面屏十核全网通5GWiFi商务办公影音游戏娱乐学习上网课二合一平板 星河蓝 新Pro性能版16G+256G原装键盘鼠标\r\n',769,765,767,769,0,1288.00,1288.00,0,1288.00,'',0,0,0,0,'a:2:{i:113;s:9:\"冰霜银\";i:115;s:8:\"12G+128G\";}',999,'2023060710075790018.png',0,1,1686103811,1686103822,0,0,0,0,0,0.00,0,1,'',5,0,0,0,0,0,0,0,0,0,NULL),(330,148,'HUAV平板电脑超清全面屏十核全网通5GWiFi版 冰霜银 12G+512G','HUAV平板电脑超清全面屏十核全网通5GWiFi商务办公影音游戏娱乐学习上网课二合一平板 星河蓝 新Pro性能版16G+256G原装键盘鼠标\r\n',769,765,767,769,0,1588.00,1588.00,0,1588.00,'',0,0,0,0,'a:2:{i:113;s:9:\"冰霜银\";i:116;s:8:\"12G+512G\";}',999,'2023060710075790018.png',0,1,1686103811,1686103822,0,0,0,0,0,0.00,0,1,'',5,0,0,0,0,0,0,0,0,0,NULL),(331,148,'HUAV平板电脑超清全面屏十核全网通5GWiFi版 黑曜石 12G+128G','HUAV平板电脑超清全面屏十核全网通5GWiFi商务办公影音游戏娱乐学习上网课二合一平板 星河蓝 新Pro性能版16G+256G原装键盘鼠标\r\n',769,765,767,769,0,1288.00,1288.00,0,1288.00,'',0,0,0,0,'a:2:{i:114;s:9:\"黑曜石\";i:115;s:8:\"12G+128G\";}',999,'2023060710075790018.png',0,1,1686103811,1686103822,0,0,0,0,0,0.00,0,1,'',5,0,0,0,0,0,0,0,0,0,NULL),(332,148,'HUAV平板电脑超清全面屏十核全网通5GWiFi版 黑曜石 12G+512G','HUAV平板电脑超清全面屏十核全网通5GWiFi商务办公影音游戏娱乐学习上网课二合一平板 星河蓝 新Pro性能版16G+256G原装键盘鼠标\r\n',769,765,767,769,0,1588.00,1588.00,0,1588.00,'',0,0,0,0,'a:2:{i:114;s:9:\"黑曜石\";i:116;s:8:\"12G+512G\";}',999,'2023060710075790018.png',0,1,1686103811,1686103822,0,0,0,0,0,0.00,0,1,'',5,0,0,0,0,0,0,0,0,0,NULL),(333,149,'Apple iPad Pro 11英寸平板电脑 2022年款 灰色 11英寸 WLAN 128G','Apple iPad Pro 11英寸平板电脑 2022年款(128G WLAN版/M2芯片Liquid视网膜屏/MNXD3CH/A) 深空灰色\r\n',769,765,767,769,0,6799.00,6799.00,0,6799.00,'',0,2,0,0,'a:2:{i:117;s:6:\"灰色\";i:119;s:18:\"11英寸 WLAN 128G\";}',999,'2023060710132985229.png',0,1,1686104030,1686683319,0,0,0,0,0,0.00,0,1,'',5,0,0,0,0,0,0,0,0,0,NULL),(334,149,'Apple iPad Pro 11英寸平板电脑 2022年款 灰色 13英寸 WLAN 128G','Apple iPad Pro 11英寸平板电脑 2022年款(128G WLAN版/M2芯片Liquid视网膜屏/MNXD3CH/A) 深空灰色\r\n',769,765,767,769,0,9299.00,9299.00,0,9299.00,'',0,0,0,0,'a:2:{i:117;s:6:\"灰色\";i:120;s:18:\"13英寸 WLAN 128G\";}',999,'2023060710132985229.png',0,1,1686104030,1686104039,0,0,0,0,0,0.00,0,1,'',5,0,0,0,0,0,0,0,0,0,NULL),(335,149,'Apple iPad Pro 11英寸平板电脑 2022年款 银色 11英寸 WLAN 128G','Apple iPad Pro 11英寸平板电脑 2022年款(128G WLAN版/M2芯片Liquid视网膜屏/MNXD3CH/A) 深空灰色\r\n',769,765,767,769,0,6799.00,6799.00,0,6799.00,'',0,0,0,0,'a:2:{i:118;s:6:\"银色\";i:119;s:18:\"11英寸 WLAN 128G\";}',999,'2023060710132985229.png',0,1,1686104030,1686104039,0,0,0,0,0,0.00,0,1,'',5,0,0,0,0,0,0,0,0,0,NULL),(336,149,'Apple iPad Pro 11英寸平板电脑 2022年款 银色 13英寸 WLAN 128G','Apple iPad Pro 11英寸平板电脑 2022年款(128G WLAN版/M2芯片Liquid视网膜屏/MNXD3CH/A) 深空灰色\r\n',769,765,767,769,0,9299.00,9299.00,0,9299.00,'',0,0,0,0,'a:2:{i:118;s:6:\"银色\";i:120;s:18:\"13英寸 WLAN 128G\";}',999,'2023060710132985229.png',0,1,1686104030,1686104039,0,0,0,0,0,0.00,0,1,'',5,0,0,0,0,0,0,0,0,0,NULL),(337,150,'iQOO Pad 平板电脑 8GB+128GB 星际灰 12.1英寸超大屏幕 8G+128G WIFI版','当季新品 iQOO Pad 平板电脑 8GB+128GB 星际灰 12.1英寸超大屏幕 144Hz超感原色屏 天玑9000+旗舰芯 10000mAh电池\r\n',769,765,767,769,0,2399.00,2399.00,0,2399.00,'',0,4,1,0,'a:1:{i:111;s:15:\"8G+128G WIFI版\";}',998,'2023060710162443344.png',0,1,1686104200,1686555399,0,0,0,0,0,0.00,0,1,'',5,0,0,0,0,0,0,0,0,0,NULL),(338,150,'iQOO Pad 平板电脑 8GB+128GB 星际灰 12.1英寸超大屏幕 12G+256G WIFI版','当季新品 iQOO Pad 平板电脑 8GB+128GB 星际灰 12.1英寸超大屏幕 144Hz超感原色屏 天玑9000+旗舰芯 10000mAh电池\r\n',769,765,767,769,0,2999.00,2999.00,0,2999.00,'',0,0,0,0,'a:1:{i:121;s:16:\"12G+256G WIFI版\";}',999,'2023060710162443344.png',0,1,1686104200,1686104209,0,0,0,0,0,0.00,0,1,'',5,0,0,0,0,0,0,0,0,0,NULL),(339,151,'小米粽平板电脑2023新款大屏12英寸全面屏二合一 冰霜银 12G+256G WIFI版','小米粽平板电脑2023新款大屏12英寸全面屏二合一十核全网通5GWiFi游戏办公学习上网课 曜石灰 新Pro旗舰12G+256G原装键盘鼠标\r\n',769,765,767,769,0,1118.00,1118.00,0,1118.00,'',0,1,0,0,'a:2:{i:113;s:9:\"冰霜银\";i:121;s:16:\"12G+256G WIFI版\";}',999,'2023060710194542442.png',0,1,1686104402,1686686421,0,0,0,0,0,0.00,0,1,'',5,0,0,0,0,0,0,0,0,0,NULL),(340,151,'小米粽平板电脑2023新款大屏12英寸全面屏二合一 冰霜银 12G+1T WIFI版','小米粽平板电脑2023新款大屏12英寸全面屏二合一十核全网通5GWiFi游戏办公学习上网课 曜石灰 新Pro旗舰12G+256G原装键盘鼠标\r\n',769,765,767,769,0,1888.00,1888.00,0,1888.00,'',0,0,0,0,'a:2:{i:113;s:9:\"冰霜银\";i:124;s:14:\"12G+1T WIFI版\";}',999,'2023060710194542442.png',0,1,1686104402,1686104412,0,0,0,0,0,0.00,0,1,'',5,0,0,0,0,0,0,0,0,0,NULL),(341,151,'小米粽平板电脑2023新款大屏12英寸全面屏二合一 海岛蓝 12G+256G WIFI版','小米粽平板电脑2023新款大屏12英寸全面屏二合一十核全网通5GWiFi游戏办公学习上网课 曜石灰 新Pro旗舰12G+256G原装键盘鼠标\r\n',769,765,767,769,0,1118.00,1118.00,0,1118.00,'',0,0,0,0,'a:2:{i:123;s:9:\"海岛蓝\";i:121;s:16:\"12G+256G WIFI版\";}',999,'2023060710194542442.png',0,1,1686104402,1686104412,0,0,0,0,0,0.00,0,1,'',5,0,0,0,0,0,0,0,0,0,NULL),(342,151,'小米粽平板电脑2023新款大屏12英寸全面屏二合一 海岛蓝 12G+1T WIFI版','小米粽平板电脑2023新款大屏12英寸全面屏二合一十核全网通5GWiFi游戏办公学习上网课 曜石灰 新Pro旗舰12G+256G原装键盘鼠标\r\n',769,765,767,769,0,1888.00,1888.00,0,1888.00,'',0,0,0,0,'a:2:{i:123;s:9:\"海岛蓝\";i:124;s:14:\"12G+1T WIFI版\";}',999,'2023060710194542442.png',0,1,1686104402,1686104412,0,0,0,0,0,0.00,0,1,'',5,0,0,0,0,0,0,0,0,0,NULL),(343,152,'荣耀显通平板电脑通5GWiFi十核超清贴合屏网课学习游戏二合一 曜石灰 12G+256G WIFI版','荣耀显通平板电脑通5GWiFi十核超清贴合屏网课学习游戏二合一',769,765,767,769,0,1488.00,1488.00,0,1488.00,'',0,2,0,0,'a:2:{i:122;s:9:\"曜石灰\";i:121;s:16:\"12G+256G WIFI版\";}',999,'2023060710225910256.png',0,1,1686104593,1686682421,0,0,0,0,0,0.00,0,1,'',5,0,0,0,0,0,0,0,0,0,NULL),(344,152,'荣耀显通平板电脑通5GWiFi十核超清贴合屏网课学习游戏二合一 曜石灰 12G+1T WIFI版','荣耀显通平板电脑通5GWiFi十核超清贴合屏网课学习游戏二合一',769,765,767,769,0,1888.00,1888.00,0,1888.00,'',0,1,0,0,'a:2:{i:122;s:9:\"曜石灰\";i:124;s:14:\"12G+1T WIFI版\";}',999,'2023060710225910256.png',0,1,1686104593,1686104605,0,0,0,0,0,0.00,0,1,'',5,0,0,0,0,0,0,0,0,0,NULL),(345,152,'荣耀显通平板电脑通5GWiFi十核超清贴合屏网课学习游戏二合一 海岛蓝 12G+256G WIFI版','荣耀显通平板电脑通5GWiFi十核超清贴合屏网课学习游戏二合一',769,765,767,769,0,1488.00,1488.00,0,1488.00,'',0,0,0,0,'a:2:{i:123;s:9:\"海岛蓝\";i:121;s:16:\"12G+256G WIFI版\";}',999,'2023060710225910256.png',0,1,1686104593,1686104601,0,0,0,0,0,0.00,0,1,'',5,0,0,0,0,0,0,0,0,0,NULL),(346,152,'荣耀显通平板电脑通5GWiFi十核超清贴合屏网课学习游戏二合一 海岛蓝 12G+1T WIFI版','荣耀显通平板电脑通5GWiFi十核超清贴合屏网课学习游戏二合一',769,765,767,769,0,1888.00,1888.00,0,1888.00,'',0,1,0,0,'a:2:{i:123;s:9:\"海岛蓝\";i:124;s:14:\"12G+1T WIFI版\";}',999,'2023060710225910256.png',0,1,1686104593,1686104606,0,0,0,0,0,0.00,0,1,'',5,0,0,0,0,0,0,0,0,0,NULL),(347,153,'惠普（HP）暗影精灵9 16.1英寸游戏本 笔记本电脑 512G SSD','当季新品 惠普（HP）暗影精灵9 16.1英寸游戏本 笔记本电脑(R7-7840H RTX4060 16G 512GB 165Hz)\r\n',768,765,766,768,0,6799.00,6799.00,0,6799.00,'',0,4,0,0,'a:1:{i:125;s:8:\"512G SSD\";}',999,'2023060710350154843.png',0,1,1686105315,1686684421,0,0,0,0,0,0.00,0,1,'',5,0,0,0,0,0,0,0,0,0,NULL),(348,153,'惠普（HP）暗影精灵9 16.1英寸游戏本 笔记本电脑 1T SSD','当季新品 惠普（HP）暗影精灵9 16.1英寸游戏本 笔记本电脑(R7-7840H RTX4060 16G 512GB 165Hz)\r\n',768,765,766,768,0,8999.00,8999.00,0,8999.00,'',0,0,0,0,'a:1:{i:126;s:6:\"1T SSD\";}',999,'2023060710350154843.png',0,1,1686105315,1686105328,0,0,0,0,0,0.00,0,1,'',5,0,0,0,0,0,0,0,0,0,NULL),(349,154,'戴尔（DELL）游匣G15 15.6英寸游戏本 笔记本电脑 14核I7/3060/165HZ',' 戴尔（DELL）游匣G15 15.6英寸游戏本 笔记本电脑(14核i7 16G 512G RTX3060 165Hz高色域电竞屏)黑\r\n',768,765,766,768,0,5999.00,5999.00,0,5999.00,'',0,1,0,0,'a:1:{i:127;s:18:\"14核I7/3060/165HZ\";}',999,'2023060710385795033.png',0,1,1686105552,1686684421,0,0,0,0,0,0.00,0,1,'',5,0,0,0,0,0,0,0,0,0,NULL),(350,155,'小米笔记本电脑 红米 RedmiBookPro 14英寸 2.5K高清屏 14英寸2.5K屏','京品电脑 小米笔记本电脑 红米 RedmiBookPro 14英寸 2.5K高清屏 高性能轻薄本(R5 16G 512G 商务办公 长续航 全金属)\r\n',768,765,766,768,0,2899.00,2899.00,0,2899.00,'',0,1,0,0,'a:1:{i:128;s:15:\"14英寸2.5K屏\";}',999,'2023060710471463436.png',0,1,1686106053,1686684421,0,0,0,0,0,0.00,0,1,'',5,0,0,0,0,0,0,0,0,0,NULL),(351,156,'荣耀MagicBook 14 锐龙版 14英寸6核锐龙R5轻薄笔记本电脑 14英寸2.5K屏','荣耀MagicBook 14 锐龙版 14英寸6核锐龙R5轻薄笔记本电脑 16G大内存 512G 冰河银 多屏协同 高色域\r\n',768,765,766,768,0,2588.00,2588.00,0,2588.00,'',0,5,1,0,'a:1:{i:128;s:15:\"14英寸2.5K屏\";}',998,'2023060710493241439.png',0,1,1686106213,1686899913,1,36,0,0,0,0.00,0,1,'',5,0,0,0,0,0,0,0,0,0,NULL);
/*!40000 ALTER TABLE `ds_goods` ENABLE KEYS */;
UNLOCK TABLES;

--
-- Table structure for table `ds_goodsattrindex`
--

DROP TABLE IF EXISTS `ds_goodsattrindex`;
/*!40101 SET @saved_cs_client     = @@character_set_client */;
/*!40101 SET character_set_client = utf8 */;
CREATE TABLE `ds_goodsattrindex` (
  `goods_id` int(10) unsigned NOT NULL COMMENT '商品ID',
  `goods_commonid` int(10) unsigned NOT NULL COMMENT '商品公共表ID',
  `gc_id` int(10) unsigned NOT NULL COMMENT '商品分类ID',
  `type_id` int(10) unsigned NOT NULL COMMENT '类型ID',
  `attr_id` int(10) unsigned NOT NULL COMMENT '属性ID',
  `attrvalue_id` int(10) unsigned NOT NULL COMMENT '属性值ID',
  PRIMARY KEY (`goods_id`,`gc_id`,`attrvalue_id`),
  KEY `goods_id` (`goods_id`),
  KEY `attrvalue_id` (`attrvalue_id`)
) ENGINE=InnoDB DEFAULT CHARSET=utf8 COMMENT='商品与属性对应表';
/*!40101 SET character_set_client = @saved_cs_client */;

--
-- Dumping data for table `ds_goodsattrindex`
--

LOCK TABLES `ds_goodsattrindex` WRITE;
/*!40000 ALTER TABLE `ds_goodsattrindex` DISABLE KEYS */;
/*!40000 ALTER TABLE `ds_goodsattrindex` ENABLE KEYS */;
UNLOCK TABLES;

--
-- Table structure for table `ds_goodsbrowse`
--

DROP TABLE IF EXISTS `ds_goodsbrowse`;
/*!40101 SET @saved_cs_client     = @@character_set_client */;
/*!40101 SET character_set_client = utf8 */;
CREATE TABLE `ds_goodsbrowse` (
  `goodsbrowse_id` int(10) unsigned NOT NULL AUTO_INCREMENT COMMENT '自增ID',
  `goods_id` int(11) NOT NULL COMMENT '商品ID',
  `member_id` int(11) NOT NULL COMMENT '会员ID',
  `goodsbrowse_time` int(11) NOT NULL COMMENT '浏览时间',
  `gc_id` int(11) NOT NULL COMMENT '商品分类',
  `gc_id_1` int(11) NOT NULL COMMENT '商品一级分类',
  `gc_id_2` int(11) NOT NULL COMMENT '商品二级分类',
  `gc_id_3` int(11) NOT NULL COMMENT '商品三级分类',
  PRIMARY KEY (`goodsbrowse_id`),
  KEY `member_id` (`member_id`)
) ENGINE=InnoDB AUTO_INCREMENT=35 DEFAULT CHARSET=utf8 COMMENT='商品浏览历史表';
/*!40101 SET character_set_client = @saved_cs_client */;

--
-- Dumping data for table `ds_goodsbrowse`
--

LOCK TABLES `ds_goodsbrowse` WRITE;
/*!40000 ALTER TABLE `ds_goodsbrowse` DISABLE KEYS */;
INSERT INTO `ds_goodsbrowse` VALUES (1,32,1,1685701001,27,10,27,0),(2,128,2,1686036239,75,1,2,75),(3,129,2,1686036389,75,1,2,75),(4,130,2,1686036392,75,1,2,75),(5,134,2,1686036394,75,1,2,75),(6,140,2,1686037188,75,1,2,75),(7,149,2,1686037685,75,1,2,75),(8,150,2,1686037686,75,1,2,75),(9,151,2,1686037687,75,1,2,75),(10,152,2,1686037688,75,1,2,75),(11,161,2,1686038697,75,1,2,75),(13,173,2,1686039315,75,1,2,75),(14,182,2,1686039377,75,1,2,75),(15,128,3,1686053372,75,1,2,75),(16,242,3,1686100380,78,1,2,78),(17,182,2,1686107848,75,1,2,75),(18,185,2,1686107852,75,1,2,75),(19,186,2,1686107856,75,1,2,75),(20,188,2,1686107858,75,1,2,75),(21,333,3,1686123401,769,765,767,769),(22,233,4,1686210123,78,1,2,78),(23,128,5,1686275987,75,1,2,75),(24,188,2,1686281014,75,1,2,75),(25,351,2,1686281104,768,765,766,768),(26,351,5,1686297731,768,765,766,768),(27,290,3,1686310806,79,1,2,79),(28,296,3,1686310830,282,1,2,282),(29,140,3,1686310864,75,1,2,75),(30,173,6,1686364017,75,1,2,75),(31,351,2,1686375751,768,765,766,768),(32,290,7,1686549139,79,1,2,79),(33,260,7,1686549151,79,1,2,79),(34,337,5,1686555381,769,765,767,769);
/*!40000 ALTER TABLE `ds_goodsbrowse` ENABLE KEYS */;
UNLOCK TABLES;

--
-- Table structure for table `ds_goodsclass`
--

DROP TABLE IF EXISTS `ds_goodsclass`;
/*!40101 SET @saved_cs_client     = @@character_set_client */;
/*!40101 SET character_set_client = utf8 */;
CREATE TABLE `ds_goodsclass` (
  `gc_id` int(10) unsigned NOT NULL AUTO_INCREMENT COMMENT '商品分类自增ID',
  `gc_name` varchar(100) NOT NULL COMMENT '商品分类名称',
  `gc_image` varchar(100) DEFAULT '' COMMENT '商品分类图',
  `type_id` int(10) unsigned NOT NULL COMMENT '类型id',
  `type_name` varchar(100) NOT NULL COMMENT '类型名称',
  `gc_parent_id` int(10) unsigned NOT NULL DEFAULT '0' COMMENT '商品分类上级ID',
  `gc_sort` tinyint(3) unsigned NOT NULL DEFAULT '255' COMMENT '商品分类排序',
  `gc_virtual` tinyint(3) unsigned NOT NULL DEFAULT '0' COMMENT '是否允许发布虚拟商品 1:是 0:否',
  `gc_title` varchar(200) DEFAULT NULL COMMENT '商品分类名称',
  `gc_keywords` varchar(255) DEFAULT '' COMMENT '商品分类关键词',
  `gc_description` varchar(255) DEFAULT '' COMMENT '商品分类描述',
  `gc_show` tinyint(1) NOT NULL DEFAULT '1' COMMENT '商品分类前台显示 0:否 1:是',
  PRIMARY KEY (`gc_id`),
  KEY `gc_parent_id` (`gc_parent_id`)
) ENGINE=InnoDB AUTO_INCREMENT=770 DEFAULT CHARSET=utf8 COMMENT='商品分类表';
/*!40101 SET character_set_client = @saved_cs_client */;

--
-- Dumping data for table `ds_goodsclass`
--

LOCK TABLES `ds_goodsclass` WRITE;
/*!40000 ALTER TABLE `ds_goodsclass` DISABLE KEYS */;
INSERT INTO `ds_goodsclass` VALUES (1,'手机/ 智能数码','',1,'样式+颜色',0,0,1,NULL,'','',1),(2,'手机通讯','',1,'样式+颜色',1,0,1,NULL,'','',1),(3,'智能设备','',1,'样式+颜色',1,0,1,NULL,'','',1),(70,'智能手表','',1,'样式+颜色',3,0,1,NULL,'','',1),(75,'小米','',1,'样式+颜色',2,255,1,NULL,'','',1),(76,'荣耀','',1,'样式+颜色',2,255,1,NULL,'','',1),(78,'vivo','',1,'样式+颜色',2,255,1,NULL,'','',1),(79,'oppo','',1,'样式+颜色',2,255,1,NULL,'','',1),(282,'三星','',1,'样式+颜色',2,255,1,NULL,'','',1),(765,'笔记本/平板','',4,'样式+颜色',0,255,0,NULL,'','',1),(766,'笔记本','',4,'样式+颜色',765,255,0,NULL,'','',1),(767,'平板','',4,'样式+颜色',765,255,0,NULL,'','',1),(768,'笔记本','',4,'样式+颜色',766,255,0,NULL,'','',1),(769,'平板','',4,'样式+颜色',767,255,0,NULL,'','',1);
/*!40000 ALTER TABLE `ds_goodsclass` ENABLE KEYS */;
UNLOCK TABLES;

--
-- Table structure for table `ds_goodsclassnav`
--

DROP TABLE IF EXISTS `ds_goodsclassnav`;
/*!40101 SET @saved_cs_client     = @@character_set_client */;
/*!40101 SET character_set_client = utf8 */;
CREATE TABLE `ds_goodsclassnav` (
  `gc_id` int(10) unsigned NOT NULL COMMENT '商品分类ID',
  `goodscn_alias` varchar(100) DEFAULT '' COMMENT '商品分类别名',
  `goodscn_classids` varchar(100) DEFAULT '' COMMENT '推荐子级分类',
  `goodscn_brandids` varchar(100) DEFAULT '' COMMENT '推荐的品牌',
  `goodscn_pic` varchar(100) DEFAULT '' COMMENT '分类图片',
  `goodscn_adv1` varchar(100) DEFAULT '' COMMENT '广告图1',
  `goodscn_adv1_link` varchar(100) DEFAULT '' COMMENT '广告1链接',
  `goodscn_adv2` varchar(100) DEFAULT '' COMMENT '广告图2',
  `goodscn_adv2_link` varchar(100) NOT NULL COMMENT '广告2链接',
  PRIMARY KEY (`gc_id`)
) ENGINE=InnoDB DEFAULT CHARSET=utf8 COMMENT='分类导航表';
/*!40101 SET character_set_client = @saved_cs_client */;

--
-- Dumping data for table `ds_goodsclassnav`
--

LOCK TABLES `ds_goodsclassnav` WRITE;
/*!40000 ALTER TABLE `ds_goodsclassnav` DISABLE KEYS */;
INSERT INTO `ds_goodsclassnav` VALUES (1,'手机电子','75,76,78,79,282,70','','','','','',''),(765,'','768,769','','','','','','');
/*!40000 ALTER TABLE `ds_goodsclassnav` ENABLE KEYS */;
UNLOCK TABLES;

--
-- Table structure for table `ds_goodsclassstaple`
--

DROP TABLE IF EXISTS `ds_goodsclassstaple`;
/*!40101 SET @saved_cs_client     = @@character_set_client */;
/*!40101 SET character_set_client = utf8 */;
CREATE TABLE `ds_goodsclassstaple` (
  `staple_id` int(10) unsigned NOT NULL AUTO_INCREMENT COMMENT '常用分类id',
  `staple_counter` int(10) unsigned NOT NULL DEFAULT '1' COMMENT '计数器',
  `staple_name` varchar(255) NOT NULL COMMENT '常用分类名称',
  `gc_id_1` int(10) unsigned NOT NULL COMMENT '一级分类id',
  `gc_id_2` int(10) unsigned NOT NULL COMMENT '二级商品分类',
  `gc_id_3` int(10) unsigned NOT NULL COMMENT '三级商品分类',
  `type_id` int(10) unsigned NOT NULL COMMENT '类型id',
  PRIMARY KEY (`staple_id`)
) ENGINE=InnoDB AUTO_INCREMENT=13 DEFAULT CHARSET=utf8 COMMENT='店铺常用分类表';
/*!40101 SET character_set_client = @saved_cs_client */;

--
-- Dumping data for table `ds_goodsclassstaple`
--

LOCK TABLES `ds_goodsclassstaple` WRITE;
/*!40000 ALTER TABLE `ds_goodsclassstaple` DISABLE KEYS */;
INSERT INTO `ds_goodsclassstaple` VALUES (1,23,'手机/ 智能数码 >手机通讯 >小米',1,2,75,1),(2,41,'手机/ 智能数码 >手机通讯 >荣耀',1,2,76,0),(7,5,'手机/ 智能数码 >手机通讯 >vivo',1,2,78,1),(8,6,'手机/ 智能数码 >手机通讯 >oppo',1,2,79,1),(9,4,'手机/ 智能数码 >手机通讯 >三星',1,2,282,1),(10,4,'手机/ 智能数码 >智能设备 >智能手表',1,3,70,1),(11,6,'笔记本/平板 >笔记本 >笔记本',765,766,768,4),(12,8,'笔记本/平板 >平板 >平板',765,767,769,4);
/*!40000 ALTER TABLE `ds_goodsclassstaple` ENABLE KEYS */;
UNLOCK TABLES;

--
-- Table structure for table `ds_goodsclasstag`
--

DROP TABLE IF EXISTS `ds_goodsclasstag`;
/*!40101 SET @saved_cs_client     = @@character_set_client */;
/*!40101 SET character_set_client = utf8 */;
CREATE TABLE `ds_goodsclasstag` (
  `gctag_id` int(10) unsigned NOT NULL AUTO_INCREMENT COMMENT 'TAG自增ID',
  `gctag_name` varchar(255) NOT NULL COMMENT '分类TAG名称',
  `gctag_value` text NOT NULL COMMENT '分类TAG值',
  `type_id` int(10) unsigned NOT NULL COMMENT '类型ID',
  `gc_id` int(10) unsigned NOT NULL COMMENT '商品分类ID',
  `gc_id_1` int(10) unsigned NOT NULL COMMENT '一级分类ID',
  `gc_id_2` int(10) unsigned NOT NULL COMMENT '二级分类ID',
  `gc_id_3` int(10) unsigned NOT NULL COMMENT '三级分类ID',
  PRIMARY KEY (`gctag_id`),
  KEY `gc_id` (`gc_id`),
  KEY `type_id` (`type_id`),
  KEY `gc_id_1` (`gc_id_1`),
  KEY `gc_id_2` (`gc_id_2`),
  KEY `gc_id_3` (`gc_id_3`)
) ENGINE=InnoDB DEFAULT CHARSET=utf8 COMMENT='商品分类TAG表';
/*!40101 SET character_set_client = @saved_cs_client */;

--
-- Dumping data for table `ds_goodsclasstag`
--

LOCK TABLES `ds_goodsclasstag` WRITE;
/*!40000 ALTER TABLE `ds_goodsclasstag` DISABLE KEYS */;
/*!40000 ALTER TABLE `ds_goodsclasstag` ENABLE KEYS */;
UNLOCK TABLES;

--
-- Table structure for table `ds_goodscombo`
--

DROP TABLE IF EXISTS `ds_goodscombo`;
/*!40101 SET @saved_cs_client     = @@character_set_client */;
/*!40101 SET character_set_client = utf8 */;
CREATE TABLE `ds_goodscombo` (
  `combo_id` int(10) unsigned NOT NULL AUTO_INCREMENT COMMENT '推荐组合自增ID ',
  `goods_id` int(10) unsigned NOT NULL COMMENT '主商品ID',
  `goods_commonid` int(10) unsigned NOT NULL COMMENT '主商品公共ID',
  `combo_goodsid` int(10) unsigned NOT NULL COMMENT '推荐组合商品ID',
  PRIMARY KEY (`combo_id`),
  KEY `goods_id` (`goods_id`),
  KEY `combo_goodsid` (`combo_goodsid`)
) ENGINE=InnoDB DEFAULT CHARSET=utf8 COMMENT='商品推荐组合表';
/*!40101 SET character_set_client = @saved_cs_client */;

--
-- Dumping data for table `ds_goodscombo`
--

LOCK TABLES `ds_goodscombo` WRITE;
/*!40000 ALTER TABLE `ds_goodscombo` DISABLE KEYS */;
/*!40000 ALTER TABLE `ds_goodscombo` ENABLE KEYS */;
UNLOCK TABLES;

--
-- Table structure for table `ds_goodscommon`
--

DROP TABLE IF EXISTS `ds_goodscommon`;
/*!40101 SET @saved_cs_client     = @@character_set_client */;
/*!40101 SET character_set_client = utf8 */;
CREATE TABLE `ds_goodscommon` (
  `goods_commonid` int(10) unsigned NOT NULL AUTO_INCREMENT COMMENT '商品公共表id',
  `goods_name` varchar(200) NOT NULL COMMENT '商品名称',
  `goods_advword` varchar(150) DEFAULT NULL COMMENT '商品广告词',
  `gc_id` int(10) unsigned NOT NULL COMMENT '商品分类',
  `gc_id_1` int(10) unsigned DEFAULT NULL COMMENT '一级分类id',
  `gc_id_2` int(10) unsigned DEFAULT NULL COMMENT '二级分类id',
  `gc_id_3` int(10) unsigned DEFAULT NULL COMMENT '三级分类id',
  `gc_name` varchar(200) NOT NULL COMMENT '商品分类',
  `spec_name` varchar(255) NOT NULL COMMENT '规格名称',
  `spec_value` text NOT NULL COMMENT '规格值',
  `brand_id` int(10) unsigned DEFAULT '0' COMMENT '品牌id',
  `brand_name` varchar(100) DEFAULT NULL COMMENT '品牌名称',
  `type_id` int(10) unsigned NOT NULL DEFAULT '0' COMMENT '类型id',
  `goods_image` varchar(100) DEFAULT NULL COMMENT '商品主图',
  `goods_attr` text NOT NULL COMMENT '商品属性',
  `goods_body` text COMMENT '商品内容',
  `mobile_body` text COMMENT '手机端商品描述',
  `goods_state` tinyint(3) unsigned DEFAULT '0' COMMENT '商品状态 0:下架 1:正常',
  `goods_stateremark` varchar(255) DEFAULT NULL COMMENT '违规原因',
  `goods_lock` tinyint(3) unsigned DEFAULT '0' COMMENT '商品锁定 0未锁，1已锁',
  `goods_addtime` int(10) unsigned NOT NULL COMMENT '商品添加时间',
  `goods_shelftime` int(10) unsigned NOT NULL COMMENT '上架时间',
  `goods_specname` text COMMENT '规格名称序列化（下标为规格id）',
  `goods_price` decimal(10,2) NOT NULL COMMENT '商品价格',
  `goods_marketprice` decimal(10,2) DEFAULT NULL COMMENT '商品市场价',
  `goods_costprice` decimal(10,2) NOT NULL COMMENT '商品成本价',
  `goods_discount` float unsigned NOT NULL COMMENT '商品折扣',
  `goods_serial` varchar(50) NOT NULL COMMENT '商家编号',
  `goods_storage_alarm` tinyint(3) unsigned NOT NULL DEFAULT '0' COMMENT '商品库存报警值',
  `transport_id` mediumint(8) unsigned NOT NULL DEFAULT '0' COMMENT '商品售卖区域',
  `transport_title` varchar(60) DEFAULT '' COMMENT '商品售卖区域名称',
  `goods_commend` tinyint(3) unsigned NOT NULL DEFAULT '0' COMMENT '商品推荐 1:是 0:否',
  `goods_sort` tinyint(3) unsigned NOT NULL DEFAULT '255' COMMENT '商品推荐排序',
  `goods_freight` decimal(10,2) unsigned NOT NULL DEFAULT '0.00' COMMENT '商品运费 0为免运费',
  `goods_vat` tinyint(3) unsigned NOT NULL DEFAULT '0' COMMENT '商品是否开具增值税发票 1:是 0:否',
  `areaid_1` int(10) DEFAULT NULL COMMENT '一级地区id',
  `areaid_2` int(10) DEFAULT NULL COMMENT '二级地区id',
  `goods_stcids` varchar(255) NOT NULL DEFAULT '' COMMENT '店铺分类id 首尾用,隔开',
  `plateid_top` int(10) unsigned DEFAULT NULL COMMENT '顶部关联板式',
  `plateid_bottom` int(10) unsigned DEFAULT NULL COMMENT '底部关联板式',
  `is_virtual` tinyint(3) unsigned NOT NULL DEFAULT '0' COMMENT '是否为虚拟商品 1:是 0:否',
  `virtual_indate` int(10) unsigned DEFAULT NULL COMMENT '虚拟商品有效期',
  `virtual_limit` tinyint(3) unsigned DEFAULT NULL COMMENT '虚拟商品购买上限',
  `virtual_invalid_refund` tinyint(3) unsigned NOT NULL DEFAULT '1' COMMENT '是否允许过期退款 1:是 0:否',
  `is_goodsfcode` tinyint(3) unsigned NOT NULL DEFAULT '0' COMMENT '是否为F码商品 1:是 0:否',
  `is_appoint` tinyint(3) unsigned NOT NULL DEFAULT '0' COMMENT '是否是预约商品 1:是 0:否',
  `appoint_satedate` int(10) unsigned NOT NULL DEFAULT '0' COMMENT '预约商品出售时间',
  `is_presell` tinyint(3) unsigned NOT NULL DEFAULT '0' COMMENT '是否是预售商品 1:是 0:否',
  `presell_deliverdate` int(10) unsigned NOT NULL DEFAULT '0' COMMENT '预售商品发货时间',
  `goods_mgdiscount` text COMMENT '序列化会员等级折扣(商品)',
  `inviter_ratio` decimal(4,2) unsigned NOT NULL DEFAULT '0.00' COMMENT '分销比例',
  `inviter_total_quantity` int(10) unsigned NOT NULL DEFAULT '0' COMMENT '已分销的商品数量',
  `inviter_total_amount` decimal(10,2) unsigned NOT NULL DEFAULT '0.00' COMMENT '已分销的商品金额',
  `inviter_amount` decimal(10,2) unsigned NOT NULL DEFAULT '0.00' COMMENT '商品已结算的分销佣金',
  `inviter_open` tinyint(1) unsigned NOT NULL DEFAULT '0' COMMENT '开启推广',
  PRIMARY KEY (`goods_commonid`),
  KEY `gc_id` (`gc_id`),
  KEY `gc_id_1` (`gc_id_1`),
  KEY `gc_id_2` (`gc_id_2`),
  KEY `gc_id_3` (`gc_id_3`),
  KEY `brand_id` (`brand_id`)
) ENGINE=InnoDB AUTO_INCREMENT=157 DEFAULT CHARSET=utf8 COMMENT='商品公共内容表';
/*!40101 SET character_set_client = @saved_cs_client */;

--
-- Dumping data for table `ds_goodscommon`
--

LOCK TABLES `ds_goodscommon` WRITE;
/*!40000 ALTER TABLE `ds_goodscommon` DISABLE KEYS */;
INSERT INTO `ds_goodscommon` VALUES (2,'荣耀V9 play 标配版 3+32G 全网通4G手机 铂光金','北欧极简设计，EMUI5.1',2,1,2,0,'手机/ 运营商/ 智能数码 >手机通讯','N;','N;',0,'',0,'2017092120144795113.jpg','N;','','',10,'12312',0,1505996432,0,NULL,998.00,1290.00,0.00,77,'1',0,0,'',1,255,0.00,0,0,0,'',0,0,1,1514476799,1,0,0,0,0,0,0,NULL,0.00,0,0.00,0.00,0),(3,'Apple/苹果 iPhone 7plus 128GB 玫瑰金色 移动联通电信4G手机','购机即送精美防尘塞+便捷支架+鱼骨绕线器+店铺延保一年',2,1,2,0,'手机/ 运营商/ 智能数码 >手机通讯','N;','N;',0,'',0,'2017092120244885492.jpg','N;','','',10,'12312',0,1505996810,0,NULL,6999.00,7100.00,0.00,98,'2',10,0,'',1,255,0.00,0,0,0,'',0,0,0,0,0,0,0,0,0,0,0,NULL,0.00,0,0.00,0.00,0),(4,'nubia/努比亚Z17 6G+64G 全网通4G手机 烈焰红 无边框','烈焰红 无边框',2,1,2,0,'手机/ 运营商/ 智能数码 >手机通讯','N;','N;',0,'',0,'2017092120312320763.jpg','N;','','',10,'12312',0,1505997092,0,NULL,2699.00,3000.00,0.00,89,'3',10,0,'',1,255,0.00,0,0,0,'',0,0,0,0,0,0,0,0,0,0,0,NULL,0.00,0,0.00,0.00,0),(5,'智能电动代步车','长续航蓝牙遥控 轻小便携',3,1,3,0,'手机/ 运营商/ 智能数码 >智能设备','N;','N;',0,'',0,'2017092120345719915.jpg','N;','','',10,'213123',0,1505997303,0,NULL,1990.00,2000.00,0.00,99,'4',0,0,'',1,255,0.00,0,0,0,'',0,0,0,0,0,0,0,0,0,0,0,NULL,0.00,0,0.00,0.00,0),(6,'灵动Lite版 NV3012 视频通话智能机器人','人工智能 视频聊天儿童早教益智娱乐 智能家居',3,1,3,0,'手机/ 运营商/ 智能数码 >智能设备','N;','N;',0,'',0,'2017092120365848023.jpg','N;','','',10,'213123',0,1505997421,0,NULL,149.00,150.00,0.00,99,'5',10,0,'',1,255,0.00,0,0,0,'',0,0,0,0,0,0,0,0,0,0,0,NULL,0.00,0,0.00,0.00,0),(7,'HOST好帅智能云教育机器人二蛋Q6 ','早教机英语学习机国学儿童陪护 玩具礼物百科全书正版音乐播放机京剧粤剧儿歌国学',3,1,3,0,'手机/ 运营商/ 智能数码 >智能设备','N;','N;',0,'',0,'2017092120382376796.jpg','N;','','',10,'213123',0,1505997509,0,NULL,1699.00,2000.00,0.00,84,'6',0,0,'',1,255,0.00,0,0,0,'',0,0,0,0,0,0,0,0,0,0,0,NULL,0.00,0,0.00,0.00,0),(8,'先锋(Pioneer)LED-39B700S 39英寸 高清 网络 智能 液晶电视','六核高速处理器 智能系统 高清解码 聚力影视资源  ',5,4,5,0,'电视/ 空调/ 冰箱/ 洗衣机 >电视','N;','N;',0,'',0,'2017092120445748551.jpg','N;','','',10,'213123',0,1505997903,0,NULL,1599.00,1699.00,0.00,94,'7',0,0,'',1,255,0.00,0,0,0,'',0,0,0,0,0,0,0,0,0,0,0,NULL,0.00,0,0.00,0.00,0),(9,'长虹（CHANGHONG）39M1 39英寸 窄边高清液晶电视（黑色）','蓝光护眼电视，卧室精选',5,4,5,0,'电视/ 空调/ 冰箱/ 洗衣机 >电视','N;','N;',0,'',0,'2017092120480147477.jpg','N;','','',10,'213123',0,1505998084,0,NULL,1399.00,1500.00,0.00,93,'8',0,0,'',1,255,0.00,0,0,0,'',0,0,0,0,0,0,0,0,0,0,0,NULL,0.00,0,0.00,0.00,0),(10,'39英寸64位24核安卓智能平板液晶电视（黑色）','炫彩A+屏看的更清晰，2K电视4K芯！HDR10让画面栩栩如生',5,4,5,0,'电视/ 空调/ 冰箱/ 洗衣机 >电视','N;','N;',0,'',0,'2017092120493430154.jpg','N;','','',10,'213123',0,1505998176,0,NULL,1200.00,1399.00,0.00,85,'',0,0,'',1,255,0.00,0,0,0,'',0,0,0,0,0,0,0,0,0,0,0,NULL,0.00,0,0.00,0.00,0),(11,'1.5匹 变频 智能 二级能效极速侠 空调挂机','60秒暖房，wifi智控，18分贝静音，焕新家，就是这么简单！',6,4,6,0,'电视/ 空调/ 冰箱/ 洗衣机 >空调','N;','N;',0,'',0,'2017092120564717575.jpg','N;','','',10,'213123',0,1505998723,0,NULL,2699.00,2780.00,0.00,97,'9',0,0,'',1,255,0.00,0,0,0,'',0,0,0,0,0,0,0,0,0,0,0,NULL,0.00,0,0.00,0.00,0),(12,'扬子(YAIR) 小2匹 冷暖 自动清洗 定频空调柜机','日立压缩机，全网比价，柜机中的战斗机',6,4,6,0,'电视/ 空调/ 冰箱/ 洗衣机 >空调','N;','N;',0,'',0,'2017092121050988491.jpg','N;','','',10,'213123',0,1505999121,0,NULL,2999.00,3200.00,0.00,93,'10',0,0,'',1,255,0.00,0,0,0,'',0,0,0,0,0,0,0,0,0,0,0,NULL,0.00,0,0.00,0.00,0),(13,'变频风冷无霜 独立双循环 LED显示 对开门冰箱（白色)','   变频压缩机，双独立循环，满足对空气、温度、湿度要求，创造大容量保鲜奇迹！并联双循环+智能精准控温',7,4,7,0,'电视/ 空调/ 冰箱/ 洗衣机 >冰箱','N;','N;',0,'',0,'2017092121142556524.jpg','N;','','',10,'213123',0,1505999668,0,NULL,5380.00,5399.00,0.00,99,'11',0,0,'',1,255,0.00,0,0,0,'',0,0,0,0,0,0,0,0,0,0,0,NULL,0.00,0,0.00,0.00,0),(14,'三门冰箱',' 家用节能 中门软冷冻 红色玻璃面板 静音低噪',7,4,7,0,'电视/ 空调/ 冰箱/ 洗衣机 >冰箱','N;','N;',0,'',0,'2017092121225164684.jpg','N;','','',10,'213123',0,1506000181,0,NULL,1433.00,1699.00,0.00,84,'12',0,0,'',1,255,0.00,0,0,0,'',0,0,0,0,0,0,0,0,0,0,0,NULL,0.00,0,0.00,0.00,0),(15,'方太（FOTILE）云魔方欧式 烟灶套餐','18立方 天然气',20,8,20,0,'厨卫电器/ 生活家电/ 厨具 >厨房大电','N;','N;',0,'',0,'2017092121260662503.jpg','N;','','',10,'123123',0,1506000371,0,NULL,4299.00,4380.00,0.00,98,'13',0,0,'',1,255,0.00,0,0,0,'',0,0,0,0,0,0,0,0,0,0,0,NULL,0.00,0,0.00,0.00,0),(16,'美的(Midea)台嵌两用燃气灶JZT-Q360B防爆钢化玻璃面板','4.2KW强劲火力；五档精控；时尚方灶，高端厨房品质之选！  ',20,8,20,0,'厨卫电器/ 生活家电/ 厨具 >厨房大电','N;','N;',0,'',1,'2017092121492327671.jpg','N;','','',10,'123123',0,1506001770,0,NULL,1190.00,1200.00,0.00,99,'14',0,0,'',1,255,0.00,0,0,0,'',0,0,0,0,0,0,0,0,0,0,0,NULL,0.00,0,0.00,0.00,0),(17,'飞科(FLYCO) 电动剃须刀','全身水洗，USB充电系统，优雅充电底座，刀架可浮动，1小时快充',21,8,21,0,'厨卫电器/ 生活家电/ 厨具 >生活家电','N;','N;',0,'',1,'2017092121542617701.jpg','N;','','',10,'123123',0,1506002071,0,NULL,145.00,160.00,0.00,90,'15',0,0,'',1,255,0.00,0,0,0,'',0,0,0,0,0,0,0,0,0,0,0,NULL,0.00,0,0.00,0.00,0),(18,'美的（Midea）电饭煲','不锈钢外壳 智能一键通 24小时预约3-4-5-6人电饭锅',21,8,21,0,'厨卫电器/ 生活家电/ 厨具 >生活家电','N;','N;',0,'',1,'2017092121564484910.jpg','N;','','',10,'123123',0,1506002220,0,NULL,199.00,210.00,0.00,94,'16',0,0,'',1,255,0.00,0,0,0,'',0,0,0,0,0,0,0,0,0,0,0,NULL,0.00,0,0.00,0.00,0),(19,'孔雀尾 菜刀套装','刀具齐全 优质钢材 经久耐用 耐腐蚀高强度',22,8,22,0,'厨卫电器/ 生活家电/ 厨具 >厨具','N;','N;',0,'',1,'2017092122005521920.jpg','N;','','',10,'123123',0,1506002467,0,NULL,368.00,400.00,0.00,92,'17',0,0,'',1,255,0.00,0,0,0,'',0,0,0,0,0,0,0,0,0,0,0,NULL,0.00,0,0.00,0.00,0),(20,'苏泊尔（supor)家用真空保温壶·晶韵系列KC20AP1(摩卡金)','2L大容量 真空保温 304不锈钢 保冷保热  ',22,8,22,0,'厨卫电器/ 生活家电/ 厨具 >厨具','N;','N;',0,'',1,'2017092122035543274.jpg','N;','','',10,'123123',0,1506002646,0,NULL,199.00,250.00,0.00,79,'',0,0,'',1,255,0.00,0,0,0,'',0,0,0,0,0,0,0,0,0,0,0,NULL,0.00,0,0.00,0.00,0),(21,'联想(Lenovo)拯救者Y520 15.6英寸游戏笔记本电脑','R720同模具，加128SSD混合硬盘，GTX1050显卡，背光键盘',23,9,23,0,'电脑办公/ 相机/ DIY >电脑整机','N;','N;',0,'',1,'2017092123585272874.jpg','N;','','',10,'123123',0,1506009741,0,NULL,5400.00,5499.00,0.00,0,'20',0,0,'',1,255,0.00,0,0,0,'',0,0,0,0,0,0,0,0,0,0,0,NULL,0.00,0,0.00,0.00,0),(22,'华硕（ASUS）FH5900 顽石电竞版15.6英寸游戏笔记本电脑','1T 940MX-2G独显',23,9,23,0,'电脑办公/ 相机/ DIY >电脑整机','N;','N;',0,'',1,'2017092200403659812.jpg','N;','','',10,'123123',0,1506012042,0,NULL,4499.00,4500.00,0.00,99,'20',0,0,'',1,255,0.00,0,0,0,'',0,0,0,0,0,0,0,0,0,0,0,NULL,0.00,0,0.00,0.00,0),(23,'戴尔(DELL)灵越Ins15MR-7528SS 15.6英寸笔记本电脑','',23,9,23,0,'电脑办公/ 相机/ DIY >电脑整机','N;','N;',0,'',1,'2017092201034951336.jpg','N;','','',10,'123123',0,1506013470,0,NULL,3999.00,4200.00,0.00,95,'21',0,0,'',1,255,0.00,0,0,0,'',0,0,0,0,0,0,0,0,0,0,0,NULL,0.00,0,0.00,0.00,0),(24,'佳能(Canon) EOS M10 微单套机','时尚翻屏设计-超赞屏幕取景-WiFi随拍随秀',24,9,24,0,'电脑办公/ 相机/ DIY >相机','N;','N;',0,'',1,'2017092201084565859.jpg','N;','','',10,'123123',0,1506013739,0,NULL,2290.00,2999.00,0.00,76,'22',0,0,'',1,255,0.00,0,0,0,'',0,0,0,0,0,0,0,0,0,0,0,NULL,0.00,0,0.00,0.00,0),(25,' 数码单反相机','下单赠送主图大礼包 内存卡 相机包 三脚架',24,9,24,0,'电脑办公/ 相机/ DIY >相机','N;','N;',0,'',1,'2017092201381015306.jpg','N;','','',10,'12312',0,1506015501,0,NULL,4280.00,4300.00,0.00,99,'23',0,0,'',1,255,0.00,0,0,0,'',0,0,0,0,0,0,0,0,0,0,0,NULL,0.00,0,0.00,0.00,0),(26,'南极人(NanJiren) 加高蒙古包蚊帐','开门支架学生宿舍单人双人B',25,10,25,0,'家居/ 家具/ 家装 >家纺','N;','N;',0,'',1,'2017092201461861948.jpg','N;','','',10,'12312',0,1506015989,0,NULL,59.00,66.00,0.00,89,'10',0,0,'',1,255,0.00,0,0,0,'',0,0,0,0,0,0,0,0,0,0,0,NULL,0.00,0,0.00,0.00,0),(27,'小狮子抱枕',' 带给你专宠的美好',25,10,25,0,'家居/ 家具/ 家装 >家纺','N;','N;',0,'',1,'2017092201523177266.jpg','N;','','',10,'12312',0,1506016354,0,NULL,39.00,45.00,0.00,86,'28',10,0,'',1,255,0.00,0,0,0,'',0,0,0,0,0,0,0,0,0,0,0,NULL,0.00,0,0.00,0.00,0),(28,'南极人(NanJiren)纯棉床单四件套全棉床上用品婚庆被套4件套','夏日约“惠”南极人',26,10,26,0,'家居/ 家具/ 家装 >家具','N;','N;',0,'',1,'2017092202022516767.jpg','N;','','',10,'12312',0,1506016948,0,NULL,109.00,120.00,0.00,90,'',0,0,'',1,255,0.00,0,0,0,'',0,0,0,0,0,0,0,0,0,0,0,NULL,0.00,0,0.00,0.00,0),(29,'欧式美式实木雕花沙发 高档大户型客厅真皮沙发头层牛皮沙发组合','头层牛皮+全实木',26,10,26,0,'家居/ 家具/ 家装 >家具','N;','N;',0,'',1,'2017092202082283957.jpg','N;','','',10,'12312',0,1506017336,0,NULL,1320.00,1400.00,0.00,94,'26',0,0,'',1,255,0.00,0,0,0,'',0,0,0,0,0,0,0,0,0,0,0,NULL,0.00,0,0.00,0.00,0),(30,'北欧简约现代日式可拆洗布艺床','小户型实木婚床软床',26,10,26,0,'家居/ 家具/ 家装 >家具','N;','N;',0,'',1,'2017092202112937358.jpg','N;','','',10,'12312',0,1506017493,0,NULL,1980.00,2100.00,0.00,94,'',0,0,'',1,255,0.00,0,0,0,'',0,0,0,0,0,0,0,0,0,0,0,NULL,0.00,0,0.00,0.00,0),(31,'宜莱芙 吸盘挂壁式牙刷架漱口杯套装（4口之家）','',27,10,27,0,'家居/ 家具/ 家装 >生活日用','N;','N;',0,'',1,'2017092202162519571.jpg','N;','','',10,'12312',0,1506017804,0,NULL,49.00,55.00,0.00,89,'27',0,0,'',1,255,0.00,0,0,0,'',0,0,0,0,0,0,0,0,0,0,0,NULL,0.00,0,0.00,0.00,0),(32,'日用浴室用品现代时尚家居家用浴帘','宽150*高180+环 一个装',27,10,27,0,'家居/ 家具/ 家装 >生活日用','N;','N;',0,'',1,'2017092202215519250.jpg','N;','','',10,'12312',0,1506018119,0,NULL,22.50,25.00,0.00,90,'28',0,0,'',1,255,0.00,0,0,0,'',0,0,0,0,0,0,0,0,0,0,0,NULL,0.00,0,0.00,0.00,0),(33,'益达 木糖醇清爽西瓜味40粒瓶装56g','关爱牙齿，更关心您',28,11,28,0,'食品/ 酒水/ 生鲜/ 特产 >食品','N;','N;',0,'',1,'2017092202310929808.jpg','N;','','',10,'12312',0,1506018671,0,NULL,12.80,13.00,0.00,98,'10',0,0,'',1,255,0.00,0,0,0,'',0,0,0,0,0,0,0,0,0,0,0,NULL,0.00,0,0.00,0.00,0),(34,'三只松鼠_小贱串烧味拉面丸子85g','闲膨化零食拉面丸子休闲丸子串烧味',28,11,28,0,'食品/ 酒水/ 生鲜/ 特产 >食品','N;','N;',0,'',1,'2017092202323192694.jpg','N;','','',10,'12312',0,1506018762,0,NULL,13.80,14.00,0.00,98,'',0,0,'',1,255,0.00,0,0,0,'',0,0,0,0,0,0,0,0,0,0,0,NULL,0.00,0,0.00,0.00,0),(36,'洋河 梦之蓝M3-52度500ml','',29,11,29,0,'食品/ 酒水/ 生鲜/ 特产 >酒水','N;','N;',0,'',1,'2017092202350299027.jpg','N;','','',10,'123',0,1506018905,0,NULL,528.00,570.00,0.00,92,'',0,0,'',1,255,0.00,0,0,0,'',0,0,0,0,0,0,0,0,0,0,0,NULL,0.00,0,0.00,0.00,0),(37,'五粮液','孝敬长辈，推荐用酒',29,11,29,0,'食品/ 酒水/ 生鲜/ 特产 >酒水','a:3:{i:1;s:6:\"样式\";i:2;s:6:\"颜色\";i:3;s:6:\"大小\";}','a:3:{i:1;a:1:{i:1;s:5:\"400ml\";}i:2;a:1:{i:1;s:3:\"红\";}i:3;a:1:{i:37;s:5:\"52度\";}}',0,'',1,'2017092202382291274.jpg','N;','','',10,'123',0,1506019112,0,NULL,695.00,820.00,0.00,84,'',0,0,'',1,255,0.00,0,0,0,'',0,0,0,0,0,0,0,0,0,0,0,NULL,0.00,0,0.00,0.00,0),(39,'自然堂 水润保湿两件套 补水保湿套装','',30,12,30,0,'个护化妆/ 纸品清洁/ 宠物 >护肤品','N;','N;',0,'',1,'2017092202443553519.jpg','N;','','',10,'123',0,1506019477,0,NULL,69.40,70.00,0.00,99,'',0,0,'',1,255,0.00,0,0,0,'',0,0,0,0,0,0,0,0,0,0,0,NULL,0.00,0,0.00,0.00,0),(40,'百雀羚水能量焕耀套装补水保湿护肤套装','补水修复 宛若新生  ',30,12,30,0,'个护化妆/ 纸品清洁/ 宠物 >护肤品','a:3:{i:1;s:6:\"样式\";i:2;s:6:\"颜色\";i:3;s:6:\"大小\";}','a:3:{i:1;a:1:{i:42;s:9:\"两件套\";}i:2;a:1:{i:45;s:6:\"翠绿\";}i:3;a:1:{i:46;s:5:\"200ml\";}}',0,'',1,'2017092202461115940.jpg','N;','','',10,'123',0,1506019573,0,NULL,369.00,400.00,0.00,92,'',0,0,'',1,255,0.00,0,0,0,'',0,0,0,0,0,0,0,0,0,0,0,NULL,0.00,0,0.00,0.00,0),(41,' 小黑裙香水洗发水+沐浴露',' 风魔欧美 持久留香 洗护套装',31,12,31,0,'个护化妆/ 纸品清洁/ 宠物 >清洁洗护','a:3:{i:1;s:6:\"样式\";i:2;s:6:\"颜色\";i:3;s:6:\"大小\";}','a:3:{i:1;a:1:{i:1;s:9:\"两件套\";}i:2;a:1:{i:1;s:3:\"白\";}i:3;a:1:{i:1;s:5:\"500ml\";}}',0,'',1,'2017092202492958131.jpg','N;','','',10,'123',0,1506019782,0,NULL,45.90,56.00,0.00,81,'',0,0,'',1,255,0.00,0,0,0,'',0,0,0,0,0,0,0,0,0,0,0,NULL,0.00,0,0.00,0.00,0),(42,'滋源无硅油洗发水氨基酸生姜535洗护发套装','',31,12,31,0,'个护化妆/ 纸品清洁/ 宠物 >清洁洗护','a:3:{i:1;s:6:\"样式\";i:2;s:6:\"颜色\";i:3;s:6:\"大小\";}','a:3:{i:1;a:1:{i:49;s:9:\"两件套\";}i:2;a:1:{i:1;s:3:\"紫\";}i:3;a:1:{i:47;s:5:\"500ml\";}}',0,'',1,'2017092202514891485.jpg','N;','','',10,'123',0,1506019911,0,NULL,179.00,189.00,0.00,94,'',0,0,'',1,255,0.00,0,0,0,'',0,0,0,0,0,0,0,0,0,0,0,NULL,0.00,0,0.00,0.00,0),(43,'宠物用品出行牵引带','',32,12,32,0,'个护化妆/ 纸品清洁/ 宠物 >宠物生活','N;','N;',0,'',1,'2017092202553367071.jpg','N;','','',10,'123',0,1506020205,0,NULL,14.90,25.00,0.00,59,'39',0,0,'',1,255,0.00,0,0,0,'',0,0,0,0,0,0,0,0,0,0,0,NULL,0.00,0,0.00,0.00,0),(44,'家用宠物日用品饮水器喝水瓶','',32,12,32,0,'个护化妆/ 纸品清洁/ 宠物 >宠物生活','N;','N;',0,'',1,'2017092202585843151.jpg','N;','','',10,'123',0,1506020341,0,NULL,14.90,15.00,0.00,99,'35',10,0,'',1,255,0.00,0,0,0,'',0,0,0,0,0,0,0,0,0,0,0,NULL,0.00,0,0.00,0.00,0),(45,'与牧2017韩版短款','',39,15,39,0,'男装/ 女装/ 内衣 >女装','a:3:{i:1;s:6:\"样式\";i:2;s:6:\"颜色\";i:3;s:6:\"大小\";}','a:3:{i:1;a:1:{i:1;s:6:\"针织\";}i:2;a:2:{i:3;s:3:\"黑\";i:4;s:3:\"白\";}i:3;a:3:{i:8;s:1:\"M\";i:9;s:1:\"L\";i:10;s:2:\"XL\";}}',0,'',1,'2017092203045216863.jpg','N;','','',10,'123',0,1506020705,0,NULL,39.00,42.00,0.00,92,'',0,0,'',1,255,0.00,0,0,0,'',0,0,0,0,0,0,0,0,0,0,0,NULL,0.00,0,0.00,0.00,0),(46,'蔚缇2017夏季小花网纱+吊带+喇叭裤三件套女','限时促销',39,15,39,0,'男装/ 女装/ 内衣 >女装','N;','N;',0,'',1,'2017092203062937149.jpg','N;','','',10,'123',0,1506020790,0,NULL,139.50,145.00,0.00,96,'1610',0,0,'',1,255,0.00,0,0,0,'',0,0,0,0,0,0,0,0,0,0,0,NULL,0.00,0,0.00,0.00,0),(47,'2017夏季百搭吊带背心女新款修身纯棉吊带衫蕾丝打底背心','宽松小吊带 白色',39,15,39,0,'男装/ 女装/ 内衣 >女装','N;','N;',0,'',1,'2017092203083967214.jpg','N;','','',10,'23',0,1506020928,0,NULL,39.90,45.00,0.00,88,'1620',0,0,'',1,255,0.00,0,0,0,'',0,0,0,0,0,0,0,0,0,0,0,NULL,0.00,0,0.00,0.00,0),(48,'2017秋季新款男士外套休闲潮牛仔夹克衫帅气棒球服学生韩版','秋季新款',41,15,41,0,'男装/ 女装/ 内衣 >男装','N;','N;',0,'',1,'2017092203123417256.jpg','N;','','',10,'23',0,1506021154,0,NULL,159.00,169.00,0.00,94,'1630',10,0,'',1,255,0.00,0,0,0,'',0,0,0,0,0,0,0,0,0,0,0,NULL,0.00,0,0.00,0.00,0),(49,'丹杰仕 夏季男女情侣防晒衣潮男时尚韩版修身连帽薄款印花夹克上衣','',41,15,41,0,'男装/ 女装/ 内衣 >男装','N;','N;',0,'',1,'2017092203151752294.jpg','N;','','',10,'23',0,1506021320,0,NULL,59.00,69.00,0.00,85,'1640',0,0,'',1,255,0.00,0,0,0,'',0,0,0,0,0,0,0,0,0,0,0,NULL,0.00,0,0.00,0.00,0),(50,'轻颦双黛 男士内裤透气吸汗男内裤','　男士舒适透气内裤 柔软舒适不易变形  ',44,15,44,0,'男装/ 女装/ 内衣 >内衣内裤','N;','N;',0,'',1,'2017092203175020843.jpg','N;','','',10,'23',0,1506021473,0,NULL,29.80,36.00,0.00,82,'1650',10,0,'',1,255,0.00,0,0,0,'',0,0,0,0,0,0,0,0,0,0,0,NULL,0.00,0,0.00,0.00,0),(51,'北极绒女士内裤','性感轻薄中低腰透气女内裤',44,15,44,0,'男装/ 女装/ 内衣 >内衣内裤','N;','N;',0,'',1,'2017092203201884569.jpg','N;','','',10,'23',0,1506021621,0,NULL,49.00,58.00,0.00,84,'1660',0,0,'',1,255,0.00,0,0,0,'',0,0,0,0,0,0,0,0,0,0,0,NULL,0.00,0,0.00,0.00,0),(52,'尖头粗跟高跟鞋一字扣单鞋 性感窜珠脚链高跟浅口凉鞋女鞋','',45,16,45,0,'鞋靴/ 箱包/ 钟表/ 珠宝 >时尚鞋靴','N;','N;',0,'',1,'2017092203242754461.jpg','N;','','',10,'23',0,1506021871,0,NULL,49.00,52.00,0.00,94,'1068',10,0,'',1,255,0.00,0,0,0,'',0,0,0,0,0,0,0,0,0,0,0,NULL,0.00,0,0.00,0.00,0),(53,'品点新款平底轻便蛋卷鞋防滑牛筋底舒适女鞋','防滑舒适，轻便时尚，标准尺码！',45,16,45,0,'鞋靴/ 箱包/ 钟表/ 珠宝 >时尚鞋靴','N;','N;',0,'',1,'2017092203261873185.jpg','N;','','',10,'23',0,1506021982,0,NULL,78.00,82.00,0.00,95,'2017',10,0,'',1,255,0.00,0,0,0,'',0,0,0,0,0,0,0,0,0,0,0,NULL,0.00,0,0.00,0.00,0),(54,'贝美芬 925银心心相印女士项链 女生饰品 时尚流行','时尚简约',46,16,46,0,'鞋靴/ 箱包/ 钟表/ 珠宝 >珠宝饰品','N;','N;',0,'',1,'2017092203275599920.jpg','N;','','',10,'23',0,1506022081,0,NULL,88.00,98.00,0.00,89,'',0,0,'',1,255,0.00,0,0,0,'',0,0,0,0,0,0,0,0,0,0,0,NULL,0.00,0,0.00,0.00,0),(55,'幸运四叶草纯银吊坠','',46,16,46,0,'鞋靴/ 箱包/ 钟表/ 珠宝 >珠宝饰品','N;','N;',0,'',1,'2017092203294765362.jpg','N;','','',10,'23',0,1506022193,0,NULL,75.00,89.00,0.00,84,'2016',10,0,'',1,255,0.00,0,0,0,'',0,0,0,0,0,0,0,0,0,0,0,NULL,0.00,0,0.00,0.00,0),(56,'施诺绮心梦爱心型925纯银水晶项链采用施华洛世奇元素水晶吊坠','',46,16,46,0,'鞋靴/ 箱包/ 钟表/ 珠宝 >珠宝饰品','N;','N;',0,'',1,'2017092203321969628.jpg','N;','','',10,'23',0,1506022343,0,NULL,108.00,120.00,0.00,90,'2018',10,0,'',1,255,0.00,0,0,0,'',0,0,0,0,0,0,0,0,0,0,0,NULL,0.00,0,0.00,0.00,0),(57,'封后皮皮虾韩国单肩包女韩版帆布手提袋','简约帆布袋',47,16,47,0,'鞋靴/ 箱包/ 钟表/ 珠宝 >时尚皮包','N;','N;',0,'',1,'2017092203335981358.jpg','N;','','',10,'22',0,1506022442,0,NULL,39.00,49.00,0.00,79,'2049',10,0,'',1,255,0.00,0,0,0,'',0,0,0,0,0,0,0,0,0,0,0,NULL,0.00,0,0.00,0.00,0),(58,'迈克.科尔斯(Michael Kors/MK)小号女包手提单肩斜跨包','海外采购',47,16,47,0,'鞋靴/ 箱包/ 钟表/ 珠宝 >时尚皮包','N;','N;',0,'',1,'2017092203371485168.jpg','N;','','',10,'22',0,1506022638,0,NULL,1096.00,1200.00,0.00,91,'1068',0,0,'',1,255,0.00,0,0,0,'',0,0,0,0,0,0,0,0,0,0,0,NULL,0.00,0,0.00,0.00,0),(59,'蜂苹果6s数据线iphone6二合一拖安卓通用手机8P充电线器快充线','闪电快充 提速40% 一年换新',48,1,48,0,'手机/ 运营商/ 智能数码 >手机配件','N;','N;',0,'',1,'2017092821352360295.jpg','N;','','',10,'22',0,1506605735,0,NULL,19.90,21.00,0.00,94,'10123',0,0,'',1,255,0.00,0,0,0,'',0,0,0,0,0,0,0,0,0,0,0,NULL,0.00,0,0.00,0.00,0),(60,'手机散热器华为苹果通用充电宝式架子桌面游戏手柄支驾冷却降温器','双风扇快速降温 可供电持久续航',48,1,48,0,'手机/ 运营商/ 智能数码 >手机配件','N;','N;',0,'',1,'2017092821383373641.jpg','N;','','',10,'22',0,1506605915,0,NULL,58.00,66.00,0.00,87,'',0,0,'',1,255,0.00,0,0,0,'',0,0,0,0,0,0,0,0,0,0,0,NULL,0.00,0,0.00,0.00,0),(61,'手机充电宝带蓝牙音响三合一多功能平坂支架1毫安5移动电源20000M','二合一 [支架+充电宝] 三合一 [支架+充电宝+蓝牙音响]',48,1,48,0,'手机/ 运营商/ 智能数码 >手机配件','N;','N;',0,'',1,'2017092821403589442.jpg','N;','','',10,'22',0,1506606045,0,NULL,55.00,80.00,0.00,68,'',0,0,'',1,255,0.00,0,0,0,'',0,0,0,0,0,0,0,0,0,0,0,NULL,0.00,0,0.00,0.00,0),(62,'苹果无线HDMI同屏器airplay推送宝高清安卓手机电视投影视频传输','无需软件不需要安装app即可实现无线同屏',49,1,49,0,'手机/ 运营商/ 智能数码 >影音电子','N;','N;',0,'',1,'2017092821431519588.jpg','N;','','',10,'22',0,1506606198,0,NULL,158.00,158.00,0.00,100,'',0,0,'',1,255,0.00,0,0,0,'',0,0,0,0,0,0,0,0,0,0,0,NULL,0.00,0,0.00,0.00,0),(63,'唐麦 F3耳机入耳式 重低音炮手机电脑音乐有线耳塞式金属通用带麦','15天无理由退换货一年质保换新',49,1,49,0,'手机/ 运营商/ 智能数码 >影音电子','N;','N;',0,'',1,'2017092821510935694.jpg','N;','','',10,'22',0,1506606673,0,NULL,55.00,59.00,0.00,93,'',0,0,'',1,255,0.00,0,0,0,'',0,0,0,0,0,0,0,0,0,0,0,NULL,0.00,0,0.00,0.00,0),(64,'森狗SimDog sim2.0手机k歌耳机入耳式通用男女生耳塞式耳麦重低音','专利产品 支持语音 支持接听电话',49,1,49,0,'手机/ 运营商/ 智能数码 >影音电子','N;','N;',0,'',1,'2017092821530372212.jpg','N;','','',10,'22',0,1506606785,0,NULL,19.80,20.00,0.00,99,'',0,0,'',1,255,0.00,0,0,0,'',0,0,0,0,0,0,0,0,0,0,0,NULL,0.00,0,0.00,0.00,0),(65,'达尔优 进化者D3带麦克风震动电脑游戏耳机头戴式耳麦绝地求生lol','头戴式震动发光耳麦 电竞赛事耳机金属头梁',49,1,49,0,'手机/ 运营商/ 智能数码 >影音电子','N;','N;',0,'',1,'2017092821544898610.jpg','N;','','',10,'22',0,1506606891,0,NULL,158.00,160.00,0.00,98,'',0,0,'',1,255,0.00,0,0,0,'',0,0,0,0,0,0,0,0,0,0,0,NULL,0.00,0,0.00,0.00,0),(66,'uoluo特价21 22 24 32 40 42 50 55寸60智能wifi网络小液晶电视机','高清电视接口：闭路+AV+HDMI+电脑VGA+DVD+音频+USB多媒体【不含网络功能】； 智能电视接口：含高清电视所有的功能接口+有线网络+无线wifi。',5,4,5,0,'电视/ 空调/ 冰箱/ 洗衣机 >电视','a:3:{i:1;s:6:\"样式\";i:2;s:6:\"颜色\";i:3;s:6:\"大小\";}','a:3:{i:1;a:1:{i:1;s:6:\"液晶\";}i:2;a:1:{i:1;s:3:\"黑\";}i:3;a:1:{i:1;s:11:\"50寸高清\";}}',0,'',1,'2017092821585013652.jpg','N;','','',10,'22',0,1506607133,0,NULL,1299.00,1500.00,0.00,86,'',0,0,'',1,255,0.00,0,0,0,'',0,0,0,0,0,0,0,0,0,0,0,NULL,0.00,0,0.00,0.00,0),(67,'Hisense/海信 KFR-35GW/ER22N3(1L04) 大1.5p匹家用冷暖空调挂机','',6,4,6,0,'电视/ 空调/ 冰箱/ 洗衣机 >空调','N;','N;',0,'',1,'2017092822032535526.jpg','N;','','',10,'1',0,1506607408,0,NULL,1999.00,1999.00,0.00,100,'',0,0,'',1,255,0.00,0,0,0,'',0,0,0,0,0,0,0,0,0,0,0,NULL,0.00,0,0.00,0.00,0),(68,'先锋工业冷风扇 移动空调扇家用 冷风机商用小空调 加湿水冷气扇','先锋新品工业冷风扇',6,4,6,0,'电视/ 空调/ 冰箱/ 洗衣机 >空调','N;','N;',0,'',1,'2017092822050083427.jpg','N;','','',10,'1',0,1506607504,0,NULL,1199.00,1200.00,0.00,99,'',0,0,'',1,255,0.00,0,0,0,'',0,0,0,0,0,0,0,0,0,0,0,NULL,0.00,0,0.00,0.00,0),(70,'荣事达空调扇冷暖两用家用静音遥控冷风机制冷风扇加湿移动小空调','强劲制冷 触摸屏 智能遥控 净化加湿',6,4,6,0,'电视/ 空调/ 冰箱/ 洗衣机 >空调','N;','N;',0,'',1,'2017092823485490716.jpg','N;','','',10,'1',0,1506613743,0,NULL,358.00,358.00,0.00,100,'',0,0,'',1,255,0.00,0,0,0,'',0,0,0,0,0,0,0,0,0,0,0,NULL,0.00,0,0.00,0.00,0),(71,'美菱可移动式空调一体机1.5匹1 P单冷型小制冷厨房窗式冷暖免安装','',6,4,6,0,'电视/ 空调/ 冰箱/ 洗衣机 >空调','N;','N;',0,'',1,'2017092823501155931.jpg','N;','','',10,'1',0,1506613814,0,NULL,1299.00,1299.00,0.00,100,'',0,0,'',1,255,0.00,0,0,0,'',0,0,0,0,0,0,0,0,0,0,0,NULL,0.00,0,0.00,0.00,0),(72,'乐创冷藏工作台冷冻冰箱平冷保鲜不锈钢商用厨房奶茶店操作台冰柜','优质商家热销2万无磁不锈钢加厚全发泡',7,4,7,0,'电视/ 空调/ 冰箱/ 洗衣机 >冰箱','N;','N;',0,'',1,'2017092823531033711.jpg','N;','','',10,'1',0,1506613995,0,NULL,1478.00,1478.00,0.00,100,'',0,0,'',1,255,0.00,0,0,0,'',0,0,0,0,0,0,0,0,0,0,0,NULL,0.00,0,0.00,0.00,0),(73,'Midea/美的 BCD-169CM(E)双门冰箱家用冷藏冷冻对开门小型冰箱','对开门小型冰箱',7,4,7,0,'电视/ 空调/ 冰箱/ 洗衣机 >冰箱','N;','N;',0,'',1,'2017092900001256656.jpg','N;','','',10,'1',0,1506614415,0,NULL,1099.00,1100.00,0.00,99,'',0,0,'',1,255,0.00,0,0,0,'',0,0,0,0,0,0,0,0,0,0,0,NULL,0.00,0,0.00,0.00,0),(74,'志高全自动洗衣机 家用 小型 5.5公斤波轮 静音宿舍 迷你风干预约','小家优选 节能静音 顺丰入户 预约童锁',51,4,51,0,'电视/ 空调/ 冰箱/ 洗衣机 >洗衣机','N;','N;',0,'',1,'2017092900022214210.jpg','N;','','',10,'1',0,1506614544,0,NULL,498.00,500.00,0.00,99,'',0,0,'',1,255,0.00,0,0,0,'',0,0,0,0,0,0,0,0,0,0,0,NULL,0.00,0,0.00,0.00,0),(75,'Chigo/志高全自动洗衣机 15KG宾馆酒店商用大容量不锈钢顺丰入户','顺丰入户 下单送荣事达电烤箱一个',51,4,51,0,'电视/ 空调/ 冰箱/ 洗衣机 >洗衣机','N;','N;',0,'',1,'2017092900033832502.jpg','N;','','',10,'1',0,1506614620,0,NULL,2500.00,2600.00,0.00,96,'',0,0,'',1,255,0.00,0,0,0,'',0,0,0,0,0,0,0,0,0,0,0,NULL,0.00,0,0.00,0.00,0),(76,'集成灶自动清洗正品 侧吸下排式油烟机一体环保灶 双电磁炉威士伯','天然气5000火力！断电应急！烟机延时',20,8,20,0,'厨卫电器/ 生活家电/ 厨具 >厨房大电','N;','N;',0,'',1,'2017092900052977159.jpg','N;','','',10,'1',0,1506614732,0,NULL,3180.00,3400.00,0.00,93,'',0,0,'',1,255,0.00,0,0,0,'',0,0,0,0,0,0,0,0,0,0,0,NULL,0.00,0,0.00,0.00,0),(77,'威士伯J2集成灶 翻盖 一体 自动清洗烤箱蒸汽炉烟灶消套装 环保灶','上门安装 双电机 漏气保护',20,8,20,0,'厨卫电器/ 生活家电/ 厨具 >厨房大电','N;','N;',0,'',1,'2017092900064438234.jpg','N;','','',10,'1',0,1506614807,0,NULL,4590.00,4700.00,0.00,97,'',0,0,'',1,255,0.00,0,0,0,'',0,0,0,0,0,0,0,0,0,0,0,NULL,0.00,0,0.00,0.00,0),(78,'红心大蒸汽挂烫机家用熨斗手持挂烫机烫衣服熨烫机电熨斗正品包邮','2000W大功率 超强蒸汽 快速熨衣',21,8,21,0,'厨卫电器/ 生活家电/ 厨具 >生活家电','N;','N;',0,'',1,'2017092900081355788.jpg','N;','','',10,'1',0,1506614894,0,NULL,139.00,145.00,0.00,95,'',0,0,'',1,255,0.00,0,0,0,'',0,0,0,0,0,0,0,0,0,0,0,NULL,0.00,0,0.00,0.00,0),(79,'美的家用平烫挂烫双杆蒸汽挂烫机电熨斗熨YGD20D7','独创可卧可立 35秒出蒸汽 六档微电脑',21,8,21,0,'厨卫电器/ 生活家电/ 厨具 >生活家电','N;','N;',0,'',1,'2017092900095941942.jpg','N;','','',10,'1',0,1506615002,0,NULL,389.00,400.00,0.00,97,'',0,0,'',1,255,0.00,0,0,0,'',0,0,0,0,0,0,0,0,0,0,0,NULL,0.00,0,0.00,0.00,0),(80,'铨聚臭氧发生器果蔬解毒杀菌洗菜多功能负离子活氧净化消毒机家用','臭氧消毒杀菌 果蔬解毒机 家用',21,8,21,0,'厨卫电器/ 生活家电/ 厨具 >生活家电','N;','N;',0,'',1,'2017092900115721538.jpg','N;','','',10,'1',0,1506615121,0,NULL,399.00,450.00,0.00,88,'',0,0,'',1,255,0.00,0,0,0,'',0,0,0,0,0,0,0,0,0,0,0,NULL,0.00,0,0.00,0.00,0),(81,'拜格不锈钢锅具套装铁炒锅家用汤锅全套厨房厨具组合','',22,8,22,0,'厨卫电器/ 生活家电/ 厨具 >厨具','N;','N;',0,'',1,'2017092900132832208.jpg','N;','','',10,'1',0,1506615216,0,NULL,89.00,99.00,0.00,89,'',0,0,'',1,255,0.00,0,0,0,'',0,0,0,0,0,0,0,0,0,0,0,NULL,0.00,0,0.00,0.00,0),(82,'朝暮之家厨房置物架落地多层收纳架放锅架子厨具用品转角架 锅架','火爆热卖 多款可选 多功能厨房落地置物架',22,8,22,0,'厨卫电器/ 生活家电/ 厨具 >厨具','N;','N;',0,'',1,'2017092900144267524.jpg','N;','','',10,'1',0,1506615285,0,NULL,55.00,69.00,0.00,79,'',0,0,'',1,255,0.00,0,0,0,'',0,0,0,0,0,0,0,0,0,0,0,NULL,0.00,0,0.00,0.00,0),(83,'夏季薄网状透气型护腰带保健腰托腰围带钢板家用','秋冬薄网状透气护腰',55,8,55,0,'厨卫电器/ 生活家电/ 厨具 >个护健康','N;','N;',0,'',1,'2017092900175249561.jpg','N;','','',10,'1',0,1506615475,0,NULL,9.90,15.90,0.00,62,'',0,0,'',1,255,0.00,0,0,0,'',0,0,0,0,0,0,0,0,0,0,0,NULL,0.00,0,0.00,0.00,0),(84,'茗振海盐袋粗盐热敷包电加热理疗包袋家用颈椎腰部膝盖艾叶全身热敷袋','',55,8,55,0,'厨卫电器/ 生活家电/ 厨具 >个护健康','N;','N;',0,'',1,'2017092900220838539.jpg','N;','','',10,'1',0,1506615733,0,NULL,139.00,145.00,0.00,95,'',0,0,'',1,255,0.00,0,0,0,'',0,0,0,0,0,0,0,0,0,0,0,NULL,0.00,0,0.00,0.00,0),(85,'普立PL-603AC4刮痧机电脑版红光电动震动按摩机脂肪运动机','刮痧推脂机美体仪高频震动爆溶按摩仪强力碎脂机腰部电动震动刮痧机甩脂机  ',55,8,55,0,'厨卫电器/ 生活家电/ 厨具 >个护健康','N;','N;',0,'',1,'2017092900242419538.jpg','N;','','',10,'1',0,1506615869,0,NULL,79.00,88.00,0.00,89,'',0,0,'',1,255,0.00,0,0,0,'',0,0,0,0,0,0,0,0,0,0,0,NULL,0.00,0,0.00,0.00,0),(86,'南极人颈椎热敷护颈带护颈椎套保暖保护肩颈理疗自发热护颈椎脖套','热敷理疗 穴位磁石 托玛琳 自发热',55,8,55,0,'厨卫电器/ 生活家电/ 厨具 >个护健康','N;','N;',0,'',1,'2017092900261952044.jpg','N;','','',10,'1',0,1506615983,0,NULL,39.00,59.00,0.00,66,'',0,0,'',1,255,0.00,0,0,0,'',0,0,0,0,0,0,0,0,0,0,0,NULL,0.00,0,0.00,0.00,0),(87,'电脑非全新二手电脑主机台式整机i5i7游戏组装机27寸无边框显示器','',23,9,23,0,'电脑办公/ 相机/ DIY >电脑整机','a:3:{i:1;s:6:\"样式\";i:2;s:6:\"颜色\";i:3;s:6:\"大小\";}','a:3:{i:1;a:2:{i:15;s:2:\"4G\";i:16;s:2:\"3G\";}i:2;a:2:{i:14;s:3:\"黑\";i:111;s:3:\"白\";}i:3;a:1:{i:112;s:10:\"硬盘120G\";}}',0,'',1,'2017092900363278117.jpg','N;','','',10,'1',0,1506616595,0,NULL,1698.00,2450.00,0.00,69,'',0,0,'',1,255,0.00,0,0,0,'',0,0,0,0,0,0,0,0,0,0,0,NULL,0.00,0,0.00,0.00,0),(88,'全新台式高配吃鸡电脑主机i7高端全套网吧游戏型八核组装家用整机','八核游戏竞电主机，配套GTX1050显卡',23,9,23,0,'电脑办公/ 相机/ DIY >电脑整机','a:3:{i:1;s:6:\"样式\";i:2;s:6:\"颜色\";i:3;s:6:\"大小\";}','a:3:{i:1;a:2:{i:15;s:2:\"4G\";i:16;s:2:\"3G\";}i:2;a:1:{i:111;s:3:\"白\";}i:3;a:1:{i:113;s:10:\"硬盘500G\";}}',0,'',1,'2017092900412680293.jpg','N;','','',10,'1',0,1506616890,0,NULL,2688.00,3450.00,0.00,77,'',0,0,'',1,255,0.00,0,0,0,'',0,0,0,0,0,0,0,0,0,0,0,NULL,0.00,0,0.00,0.00,0),(89,'Seagate/希捷 ST1000DM010 1TB新酷鱼台式机械电脑硬盘','新酷鱼台盘-7200转',24,9,24,0,'电脑办公/ 相机/ DIY >相机','N;','N;',0,'',1,'2017092900450210134.jpg','N;','','',10,'1',0,1506617106,0,NULL,309.00,350.00,0.00,88,'',0,0,'',1,255,0.00,0,0,0,'',0,0,0,0,0,0,0,0,0,0,0,NULL,0.00,0,0.00,0.00,0),(90,'Asus/华硕 X555YI 7110-554LXFA2X10轻薄手提游戏本笔记本电脑','',134,9,23,134,'电脑办公/ 相机/ DIY >电脑整机 >笔记本','N;','N;',0,'',0,'2017092900501117171.jpg','N;','','',10,'1',0,1506617415,0,NULL,2599.00,2780.00,0.00,93,'',0,0,'',1,255,0.00,0,0,0,'',0,0,0,0,0,0,0,0,0,0,0,NULL,0.00,0,0.00,0.00,0),(91,'小米 红米NOTE 5A智能拍照手机16G/32G/64G','',75,1,2,75,'手机/ 运营商/ 智能数码 >手机通讯 >小米','N;','N;',0,'',1,'2017092900544928056.jpg','N;','','',10,'1',0,1506617760,0,NULL,799.00,899.00,0.00,88,'',0,0,'',1,255,0.00,0,0,0,'',0,0,0,0,0,0,0,0,0,0,0,NULL,0.00,0,0.00,0.00,0),(92,'3期免息【高配2799】Xiaomi/小米 小米NOTE 3全网通小米手机新品','',75,1,2,75,'手机/ 运营商/ 智能数码 >手机通讯 >小米','a:3:{i:1;s:6:\"样式\";i:2;s:6:\"颜色\";i:3;s:6:\"大小\";}','a:3:{i:1;a:1:{i:1;s:9:\"全网通\";}i:2;a:1:{i:1;s:3:\"白\";}i:3;a:1:{i:1;s:4:\"128G\";}}',0,'',1,'2017092901044975398.jpg','N;','','',10,'1',0,1506618294,0,NULL,2466.00,2546.00,0.00,96,'',0,0,'',1,255,0.00,0,0,0,'',0,0,0,0,0,0,0,0,0,0,0,NULL,0.00,0,0.00,0.00,0),(93,'honor/荣耀 荣耀9 全网通4G手机双摄像头智能手机','后置双摄像头手机',76,1,2,76,'手机/ 运营商/ 智能数码 >手机通讯 >荣耀','N;','N;',0,'',0,'2017092901063965472.jpg','N;','','',10,'1',0,1506618422,0,NULL,2499.00,2699.00,0.00,92,'',0,0,'',1,255,0.00,0,0,0,'',0,0,0,0,0,0,0,0,0,0,0,NULL,0.00,0,0.00,0.00,0),(94,'honor/荣耀 荣耀V9 play全网通4G手机','',76,1,2,76,'手机/ 运营商/ 智能数码 >手机通讯 >荣耀','N;','N;',0,'',0,'2017092901082884641.jpg','N;','','',10,'1',0,1506618514,0,NULL,1099.00,1200.00,0.00,91,'',0,0,'',1,255,0.00,0,0,0,'',0,0,0,0,0,0,0,0,0,0,0,NULL,0.00,0,0.00,0.00,0),(95,'OnePlus/一加 一加手机5 一加五 1加5手机 一加5星辰黑','一加授权 官方直供 优惠低至官网',77,1,2,77,'手机/ 运营商/ 智能数码 >手机通讯 >一加','N;','N;',0,'',0,'2017092901111615092.jpg','N;','','',10,'1',0,1506618679,0,NULL,2068.00,2100.00,0.00,98,'',0,0,'',1,255,0.00,0,0,0,'',0,0,0,0,0,0,0,0,0,0,0,NULL,0.00,0,0.00,0.00,0),(96,'超薄5.5寸移动电信全网通4G双曲屏学生智能指纹一体一加手机','',77,1,2,77,'手机/ 运营商/ 智能数码 >手机通讯 >一加','N;','N;',0,'',0,'2017092901182073726.jpg','N;','','',10,'1',0,1506619103,0,NULL,748.00,820.00,0.00,91,'',0,0,'',1,255,0.00,0,0,0,'',0,0,0,0,0,0,0,0,0,0,0,NULL,0.00,0,0.00,0.00,0),(97,'vivo y66超薄手机正品','送电话手表 送低音炮',78,1,2,78,'手机/ 运营商/ 智能数码 >手机通讯 >vivo','N;','N;',0,'',0,'2017092901201262580.jpg','N;','','',10,'1',0,1506619217,0,NULL,1298.00,1499.00,0.00,86,'',0,0,'',1,255,0.00,0,0,0,'',0,0,0,0,0,0,0,0,0,0,0,NULL,0.00,0,0.00,0.00,0),(98,'vivo X20全面屏4G全网通智能手机vivox20 X20A','',78,1,2,78,'手机/ 运营商/ 智能数码 >手机通讯 >vivo','N;','N;',0,'',0,'2017092901242476412.jpg','N;','','',10,'1',0,1506619466,0,NULL,2980.00,3100.00,0.00,96,'',0,0,'',1,255,0.00,0,0,0,'',0,0,0,0,0,0,0,0,0,0,0,NULL,0.00,0,0.00,0.00,0),(100,' OPPO A57 oppoa57 oppo手机a57','已降200',79,1,2,79,'手机/ 运营商/ 智能数码 >手机通讯 >oppo','N;','N;',0,'',0,'2017092901284880537.jpg','N;','','',10,'1',0,1506619757,0,NULL,1399.00,1599.00,0.00,87,'',0,0,'',1,255,0.00,0,0,0,'',0,0,0,0,0,0,0,0,0,0,0,NULL,0.00,0,0.00,0.00,0),(101,'Ticwatch2智能手表蓝牙通话防水运动支持安卓苹果心率定位手环男','蓝牙通话 GPS记录运动轨迹',70,1,3,70,'手机/ 运营商/ 智能数码 >智能设备 >智能手表','N;','N;',0,'',0,'2017092901314252467.jpg','N;','','',10,'1',0,1506619910,0,NULL,938.00,1060.00,0.00,88,'',0,0,'',1,255,0.00,0,0,0,'',0,0,0,0,0,0,0,0,0,0,0,NULL,0.00,0,0.00,0.00,0),(102,'儿童智能手表成人电话手机学生男女定位防水蓝牙插卡运动安卓手环','学习APP 定位 防水 插卡电话',70,1,3,70,'手机/ 运营商/ 智能数码 >智能设备 >智能手表','N;','N;',0,'',0,'2017092901331891773.jpg','N;','','',10,'1',0,1506620008,0,NULL,118.00,129.00,0.00,91,'',0,0,'',1,255,0.00,0,0,0,'',0,0,0,0,0,0,0,0,0,0,0,NULL,0.00,0,0.00,0.00,0),(103,'高端Solgo松果老人定位手表手环 精准测血压心率心电图 家居养老','准确血压心率 触屏 抬手亮屏 语音播报',72,1,3,72,'手机/ 运营商/ 智能数码 >智能设备 >健康监测','N;','N;',0,'',0,'2017092901395681652.jpg','N;','','',10,'1',0,1506620400,0,NULL,999.00,1080.00,0.00,92,'',0,0,'',1,255,0.00,0,0,0,'',0,0,0,0,0,0,0,0,0,0,0,NULL,0.00,0,0.00,0.00,0),(104,'舒思盾经络按摩仪数码家用多功能针灸穴位电子理疗腰椎颈椎电疗仪','',72,1,3,72,'手机/ 运营商/ 智能数码 >智能设备 >健康监测','N;','N;',0,'',0,'2017092901414663050.jpg','N;','','',10,'1',0,1506620509,0,NULL,168.00,199.00,0.00,84,'',0,0,'',1,255,0.00,0,0,0,'',0,0,0,0,0,0,0,0,0,0,0,NULL,0.00,0,0.00,0.00,0),(105,'一米爱家具 现代简约鞋柜玄关门厅柜多功能简易翻斗鞋柜超薄鞋柜','庆国家年华 疯狂抢购中',73,1,3,73,'手机/ 运营商/ 智能数码 >智能设备 >智能家居','N;','N;',0,'',0,'2017092901444780977.jpg','N;','','',10,'1',0,1506620689,0,NULL,999.00,1450.00,0.00,68,'',0,0,'',1,255,0.00,0,0,0,'',0,0,0,0,0,0,0,0,0,0,0,NULL,0.00,0,0.00,0.00,0),(106,'上海名古智能家居别墅智能正品控制系统家庭影院装修设计上门安装','',73,1,3,73,'手机/ 运营商/ 智能数码 >智能设备 >智能家居','N;','N;',0,'',0,'2017092901470136191.jpg','N;','','',10,'1',0,1506620831,0,NULL,500.00,600.00,0.00,83,'',0,0,'',1,255,0.00,0,0,0,'',0,0,0,0,0,0,0,0,0,0,0,NULL,0.00,0,0.00,0.00,0),(107,'向往家庭背景音乐主机系统套装 wifi音响功放控制器 智能家居M8','安卓系统 APP控制 7寸大屏',73,1,3,73,'手机/ 运营商/ 智能数码 >智能设备 >智能家居','N;','N;',0,'',0,'2017092901492561069.jpg','N;','','',10,'1',0,1506620974,0,NULL,1999.00,2400.00,0.00,83,'',0,0,'',1,255,0.00,0,0,0,'',0,0,0,0,0,0,0,0,0,0,0,NULL,0.00,0,0.00,0.00,0),(108,'亚太天能阿里智能指纹锁家用防盗门锁 电子锁密码锁大门防盗锁V9','家装焕新 阿里智能 全屋联网',74,1,3,74,'手机/ 运营商/ 智能数码 >智能设备 >智能门锁','N;','N;',0,'',0,'2017092901531025952.jpg','N;','','',10,'1',0,1506621192,0,NULL,2599.00,2699.00,0.00,96,'',0,0,'',1,255,0.00,0,0,0,'',0,0,0,0,0,0,0,0,0,0,0,NULL,0.00,0,0.00,0.00,0),(109,'mai小麦指纹锁家用防盗门智能门锁电子锁密码锁刷卡锁防盗锁正品','锁芯5★防盗性能',74,1,3,74,'手机/ 运营商/ 智能数码 >智能设备 >智能门锁','N;','N;',0,'',0,'2017092901561798176.jpg','N;','','',10,'1',0,1506621381,0,NULL,799.00,1200.00,0.00,66,'',0,0,'',1,255,0.00,0,0,0,'',0,0,0,0,0,0,0,0,0,0,0,NULL,0.00,0,0.00,0.00,0),(110,'欧瑞特智能手环运动计步器测心率血压手表小米多功能健康防水男女','多模式血压手环！！',71,1,3,71,'手机/ 运营商/ 智能数码 >智能设备 >智能手环','N;','N;',0,'',0,'2017092901584247144.jpg','N;','','',10,'1',0,1506621524,0,NULL,179.00,189.00,0.00,94,'',0,0,'',1,255,0.00,0,0,0,'',0,0,0,0,0,0,0,0,0,0,0,NULL,0.00,0,0.00,0.00,0),(111,'君米运动智能手环防水测血压心跳心率跑步小米手表多功能苹果男女','深度防水游泳 超长待机180天 微信qq',71,1,3,71,'手机/ 运营商/ 智能数码 >智能设备 >智能手环','N;','N;',0,'',0,'2017092902070476170.jpg','N;','','',10,'1',0,1506622029,0,NULL,258.00,269.00,0.00,95,'',0,0,'',1,255,0.00,0,0,0,'',0,0,0,0,0,0,0,0,0,0,0,NULL,0.00,0,0.00,0.00,0),(112,'拜斯特台式放大镜带LED灯10倍20倍老人阅读电子检验钟表手机维修','台式 带LED灯 阅读维修',68,16,68,0,'鞋靴/ 箱包/ 钟表/ 珠宝 >钟表眼镜','N;','N;',0,'',1,'2017092902123493954.jpg','N;','','',10,'1',0,1506622356,0,NULL,45.00,69.00,0.00,65,'',0,0,'',1,255,0.00,0,0,0,'',0,0,0,0,0,0,0,0,0,0,0,NULL,0.00,0,0.00,0.00,0),(113,'商务tr90近视眼镜男款超轻眼镜框半框潮商务近视镜眼镜架黑镜框男','',68,16,68,0,'鞋靴/ 箱包/ 钟表/ 珠宝 >钟表眼镜','N;','N;',0,'',1,'2017092902135876412.jpg','N;','','',10,'1',0,1506622587,0,NULL,75.00,120.00,0.00,62,'',0,0,'',1,255,0.00,0,0,0,'',0,0,0,0,0,0,0,0,0,0,0,NULL,0.00,0,0.00,0.00,0),(114,'景德镇陶瓷花瓶摆件客厅装饰品摆设中式家居新房装饰品酒柜摆件','富贵吉祥蛋 向往美好 充满生活气息\r\n',69,16,69,0,'鞋靴/ 箱包/ 钟表/ 珠宝 >艺术品','N;','N;',0,'',1,'2017092902182426089.jpg','N;','','',10,'1',0,1506622742,0,NULL,36.00,54.00,0.00,66,'',0,0,'',1,255,0.00,0,0,0,'',0,0,0,0,0,0,0,0,0,0,0,NULL,0.00,0,0.00,0.00,0),(115,'财富节节高电视柜酒柜客厅摆件装饰品竹子家居饰品工艺品招财摆设','财富节节高 四季长青 象征财运旺盛',69,16,69,0,'鞋靴/ 箱包/ 钟表/ 珠宝 >艺术品','N;','N;',0,'',1,'2017092902201298747.jpg','N;','','',10,'1',0,1506622814,0,NULL,79.00,109.00,0.00,72,'',0,0,'',1,255,0.00,0,0,0,'',0,0,0,0,0,0,0,0,0,0,0,NULL,0.00,0,0.00,0.00,0),(116,'LAVER防脱育发液快速增发密发生新发液脂溢性脱发头发增长液男女','认准国妆特字 告别脱发轻松密发买3送1',64,12,64,0,'个护化妆/ 纸品清洁/ 宠物 >洗发护发','N;','N;',0,'',1,'2017092902341762945.jpg','N;','','',10,'1',0,1506623660,0,NULL,128.00,144.00,0.00,88,'',0,0,'',1,255,0.00,0,0,0,'',0,0,0,0,0,0,0,0,0,0,0,NULL,0.00,0,0.00,0.00,0),(117,'冲牙器便携式洗牙器家用电动口腔牙齿冲洗器牙龈牙缝清洁器洁牙器','洁牙器 洗牙机 冲牙 洗牙 口腔清洁器',63,12,63,0,'个护化妆/ 纸品清洁/ 宠物 >口腔护理','N;','N;',0,'',1,'2017092902405679397.jpg','N;','','',10,'1',0,1506624060,0,NULL,178.00,210.00,0.00,84,'',0,0,'',1,255,0.00,0,0,0,'',0,0,0,0,0,0,0,0,0,0,0,NULL,0.00,0,0.00,0.00,0),(118,'新西兰进口牛奶纽仕兰高钙低脂纯牛奶250ml*24盒*1箱','新西兰进口 牧场直供 100%生牛乳',231,11,60,231,'食品/ 酒水/ 生鲜/ 特产 >饮料冲乳 >纯牛奶','N;','N;',0,'',0,'2017092902485560056.jpg','N;','','',10,'1',0,1506624539,0,NULL,89.00,120.00,0.00,74,'',0,0,'',1,255,0.00,0,0,0,'',0,0,0,0,0,0,0,0,0,0,0,NULL,0.00,0,0.00,0.00,0),(119,'小米13 徕卡光学镜头 第二代骁龙8处理器 超窄边屏幕 120Hz高刷 67W快充','小米13 徕卡光学镜头 第二代骁龙8处理器 超窄边屏幕 120Hz高刷 67W快充',75,1,2,75,'手机/ 智能数码 &gt;手机通讯 &gt;小米','a:3:{i:1;s:6:\"样式\";i:2;s:6:\"颜色\";i:3;s:6:\"大小\";}','a:2:{i:1;a:3:{i:1;s:7:\"8G+128G\";i:2;s:7:\"8G+256G\";i:4;s:8:\"12G+256G\";}i:2;a:4:{i:5;s:6:\"黑色\";i:6;s:6:\"白色\";i:7;s:9:\"矿野绿\";i:8;s:9:\"远山蓝\";}}',0,'',1,'2023060615194450282.png','','<p><img src=\"http://www.wzhangsheng.cn/uploads/home/store/goods/20230606/2023060615253671237.png\"/></p><p>&nbsp; &nbsp; &nbsp; &nbsp; &nbsp; &nbsp; &nbsp; &nbsp; &nbsp; &nbsp; &nbsp; &nbsp; &nbsp; &nbsp; &nbsp; &nbsp; &nbsp; &nbsp; &nbsp; &nbsp; &nbsp;<img src=\"http://www.wzhangsheng.cn/uploads/home/store/goods/20230606/2023060615310056139.png\"/></p>','',1,NULL,0,1686036180,0,NULL,3600.00,4399.00,0.00,81,'',0,0,'',1,255,0.00,0,0,0,'',0,0,0,0,0,0,0,0,0,0,0,NULL,0.00,0,0.00,0.00,0),(120,'Redmi Note12Pro极速版 5G 骁龙高能芯一亿像素 旗舰影像 OLED柔性直屏','Redmi Note12Pro极速版 5G 骁龙高能芯一亿像素 旗舰影像 OLED柔性直屏',75,1,2,75,'手机/ 智能数码 &gt;手机通讯 &gt;小米','a:3:{i:1;s:6:\"样式\";i:2;s:6:\"颜色\";i:3;s:6:\"大小\";}','a:2:{i:1;a:3:{i:2;s:7:\"8G+256G\";i:4;s:8:\"12G+256G\";i:9;s:7:\"6G+128G\";}i:2;a:3:{i:5;s:6:\"黑色\";i:10;s:6:\"蓝色\";i:11;s:6:\"绿色\";}}',0,'',1,'2023060615382779388.png','N;','<p><img src=\"http://www.wzhangsheng.cn/uploads/home/store/goods/20230606/2023060615383054753.png\"/></p><p><img src=\"http://www.wzhangsheng.cn/uploads/home/store/goods/20230606/2023060615383974574.png\"/></p>','',1,NULL,0,1686037149,0,NULL,1499.00,1790.00,0.00,83,'',0,0,'',1,255,0.00,0,0,0,'',0,0,0,0,0,0,0,0,0,0,0,NULL,0.00,0,0.00,0.00,0),(121,'Redmi K60 骁龙8+处理器 2K高光屏 6400万超清相机 5500mAh长续航','Redmi K60 骁龙8+处理器 2K高光屏 6400万超清相机 5500mAh长续航',75,1,2,75,'手机/ 智能数码 &gt;手机通讯 &gt;小米','a:3:{i:1;s:6:\"样式\";i:2;s:6:\"颜色\";i:3;s:6:\"大小\";}','a:2:{i:1;a:3:{i:2;s:7:\"8G+256G\";i:4;s:8:\"12G+256G\";i:16;s:8:\"12G+512G\";}i:2;a:4:{i:12;s:6:\"墨羽\";i:13;s:6:\"晴雪\";i:14;s:6:\"青蓝\";i:15;s:6:\"幽芒\";}}',0,'',1,'2023060615431574141.png','N;','<p><img src=\"http://www.wzhangsheng.cn/uploads/home/store/goods/20230606/2023060615444828660.png\"/></p><p><br/></p><p><br/></p><p>&nbsp;&nbsp;&nbsp;&nbsp;&nbsp;&nbsp;&nbsp;&nbsp;&nbsp;&nbsp;&nbsp;&nbsp;&nbsp;&nbsp;&nbsp;&nbsp;&nbsp;&nbsp;&nbsp;&nbsp;&nbsp;&nbsp;&nbsp;&nbsp;&nbsp;&nbsp;&nbsp;&nbsp;&nbsp;&nbsp;&nbsp;&nbsp;<img src=\"http://www.wzhangsheng.cn/uploads/home/store/goods/20230606/2023060615471883481.png\"/></p>','',1,NULL,0,1686037659,0,NULL,2299.00,3099.00,0.00,74,'',0,0,'',1,255,0.00,0,0,0,'',0,0,0,0,0,0,0,0,0,0,0,NULL,0.00,0,0.00,0.00,0),(122,'Redmi 12C Helio G85 性能芯 5000万高清双摄 5000mAh长续航','Redmi 12C Helio G85 性能芯 5000万高清双摄 5000mAh长续航',75,1,2,75,'手机/ 智能数码 &gt;手机通讯 &gt;小米','a:3:{i:1;s:6:\"样式\";i:2;s:6:\"颜色\";i:3;s:6:\"大小\";}','a:2:{i:1;a:3:{i:9;s:7:\"6G+128G\";i:17;s:6:\"4G+64G\";i:18;s:7:\"4G+128G\";}i:2;a:4:{i:5;s:6:\"黑色\";i:10;s:6:\"蓝色\";i:11;s:6:\"绿色\";i:19;s:6:\"紫色\";}}',0,'',1,'2023060615523247075.png','N;','<p><img src=\"http://www.wzhangsheng.cn/uploads/home/store/goods/20230606/2023060615523958537.png\"/></p><p><br/></p><p>&nbsp;&nbsp;&nbsp;&nbsp;&nbsp;&nbsp;&nbsp;&nbsp;&nbsp;&nbsp;&nbsp;&nbsp;&nbsp;&nbsp;&nbsp;&nbsp;&nbsp;&nbsp;&nbsp;&nbsp;&nbsp;&nbsp;&nbsp;&nbsp;<img src=\"http://www.wzhangsheng.cn/uploads/home/store/goods/20230606/2023060615524644484.png\"/></p>','',1,NULL,0,1686037984,0,NULL,649.00,799.00,0.00,81,'',0,0,'',1,255,0.00,0,0,0,'',0,0,0,0,0,0,0,0,0,0,0,NULL,0.00,0,0.00,0.00,0),(123,'Redmi Note12 5G 120Hz OLED屏幕 骁龙4移动平台','Redmi Note12 5G 120Hz OLED屏幕 骁龙4移动平台',75,1,2,75,'手机/ 智能数码 &gt;手机通讯 &gt;小米','a:3:{i:1;s:6:\"样式\";i:2;s:6:\"颜色\";i:3;s:6:\"大小\";}','a:2:{i:1;a:3:{i:1;s:7:\"8G+128G\";i:9;s:7:\"6G+128G\";i:18;s:7:\"4G+128G\";}i:2;a:3:{i:20;s:9:\"子夜黑\";i:21;s:9:\"时光蓝\";i:22;s:9:\"镜瓷白\";}}',0,'',1,'2023060615581113919.png','N;','<p><img src=\"http://www.wzhangsheng.cn/uploads/home/store/goods/20230606/2023060615581877714.png\"/></p><p><br/></p><p><img src=\"http://www.wzhangsheng.cn/uploads/home/store/goods/20230606/2023060615582696383.png\"/></p>','',1,NULL,0,1686038321,0,NULL,1099.00,1269.00,0.00,86,'',0,0,'',1,255,0.00,0,0,0,'',0,0,0,0,0,0,0,0,0,0,0,NULL,0.00,0,0.00,0.00,0),(124,'Redmi K60E 天玑8200处理器 2K旗舰直屏 OIS光学防抖相机 5500mAh长续航','Redmi K60E 天玑8200处理器 2K旗舰直屏 OIS光学防抖相机 5500mAh长续航',75,1,2,75,'手机/ 智能数码 &gt;手机通讯 &gt;小米','a:3:{i:1;s:6:\"样式\";i:2;s:6:\"颜色\";i:3;s:6:\"大小\";}','a:2:{i:1;a:4:{i:1;s:7:\"8G+128G\";i:2;s:7:\"8G+256G\";i:4;s:8:\"12G+256G\";i:16;s:8:\"12G+512G\";}i:2;a:3:{i:23;s:6:\"墨羽\";i:24;s:6:\"晴雪\";i:25;s:6:\"幽芒\";}}',0,'',1,'2023060616024995458.png','N;','<p><img src=\"http://www.wzhangsheng.cn/uploads/home/store/goods/20230606/2023060616025260428.png\"/></p><p><br/></p><p><img src=\"http://www.wzhangsheng.cn/uploads/home/store/goods/20230606/2023060616032624088.png\"/></p>','',1,NULL,0,1686038645,0,NULL,1599.00,2099.00,0.00,76,'',0,0,'',1,255,0.00,0,0,0,'',0,0,0,0,0,0,0,0,0,0,0,NULL,0.00,0,0.00,0.00,0),(125,'荣耀80 GT 骁龙8+旗舰芯 超帧独显芯片 120Hz原画超帧屏 IMX800主摄','荣耀80 GT 骁龙8+旗舰芯 超帧独显芯片 120Hz原画超帧屏 IMX800主摄',76,1,2,76,'手机/ 智能数码 &gt;手机通讯 &gt;荣耀','a:2:{i:1;s:6:\"样式\";i:2;s:6:\"颜色\";}','a:2:{i:1;a:3:{i:28;s:8:\"12G+256G\";i:29;s:8:\"16G+256G\";i:30;s:8:\"12G+512G\";}i:2;a:3:{i:31;s:12:\"光羽流星\";i:32;s:9:\"星际黑\";i:33;s:12:\"流光幻境\";}}',0,'',1,'2023060616081399238.png','','<p><img src=\"http://www.wzhangsheng.cn/uploads/home/store/goods/20230606/2023060616083517201.png\"/></p><p><br/></p><p>&nbsp;&nbsp;&nbsp;&nbsp;&nbsp;&nbsp;&nbsp;&nbsp;&nbsp;&nbsp;&nbsp;&nbsp;&nbsp;&nbsp;&nbsp;&nbsp;&nbsp;&nbsp;&nbsp;&nbsp;&nbsp;&nbsp;&nbsp;&nbsp;&nbsp;&nbsp;&nbsp;&nbsp;&nbsp;&nbsp;&nbsp;&nbsp;&nbsp;&nbsp;<img src=\"http://www.wzhangsheng.cn/uploads/home/store/goods/20230606/2023060616090692740.png\"/></p>','',1,NULL,0,1686038963,0,NULL,2499.00,2799.00,0.00,89,'',0,0,'',1,255,0.00,0,0,0,'',0,0,0,0,0,0,0,0,0,0,0,NULL,0.00,0,0.00,0.00,0),(126,'荣耀60 Pro 流光四曲屏设计 1亿像素多主摄影像系统 66W超级快充','荣耀60 Pro 流光四曲屏设计 1亿像素多主摄影像系统 66W超级快充',76,1,2,76,'手机/ 智能数码 &gt;手机通讯 &gt;荣耀','a:2:{i:1;s:6:\"样式\";i:2;s:6:\"颜色\";}','a:2:{i:1;a:2:{i:28;s:8:\"12G+256G\";i:37;s:7:\"8G+256G\";}i:2;a:3:{i:34;s:9:\"亮黑色\";i:35;s:9:\"墨玉绿\";i:36;s:9:\"朱丽叶\";}}',0,'',1,'2023060621564155445.png','','<p><img src=\"http://www.wzhangsheng.cn/uploads/home/store/goods/20230606/2023060621564926413.png\"/></p><p><img src=\"http://www.wzhangsheng.cn/uploads/home/store/goods/20230606/2023060622010749309.png\"/></p><p><br/></p><p><br/></p>','',1,NULL,0,1686060030,0,NULL,1999.00,2499.00,0.00,79,'',0,0,'',1,255,0.00,0,0,0,'',0,0,0,0,0,0,0,0,0,0,0,NULL,0.00,0,0.00,0.00,0),(127,'荣耀 Magic3 Pro 骁龙888Plus 6.76英寸超曲屏 多主摄计算摄影 ','荣耀 Magic3 Pro 骁龙888Plus 6.76英寸超曲屏 多主摄计算摄影 ',76,1,2,76,'手机/ 智能数码 &gt;手机通讯 &gt;荣耀','a:2:{i:1;s:6:\"样式\";i:2;s:6:\"颜色\";}','a:2:{i:1;a:2:{i:38;s:6:\"MAGIC3\";i:39;s:10:\"MAGIC3 PRO\";}i:2;a:1:{i:34;s:9:\"亮黑色\";}}',0,'',1,'2023060622041473681.png','N;','<p><img src=\"http://www.wzhangsheng.cn/uploads/home/store/goods/20230606/2023060622041931876.png\"/></p><p><br/></p><p><img src=\"http://www.wzhangsheng.cn/uploads/home/store/goods/20230606/2023060622044425417.png\"/></p>','',1,NULL,0,1686060301,0,NULL,2699.00,2899.00,0.00,93,'',0,0,'',1,255,0.00,0,0,0,'',0,0,0,0,0,0,0,0,0,0,0,NULL,0.00,0,0.00,0.00,0),(128,'荣耀X30 骁龙6nm疾速5G芯 66W超级快充 120Hz全视屏','荣耀X30 骁龙6nm疾速5G芯 66W超级快充 120Hz全视屏',76,1,2,76,'手机/ 智能数码 &gt;手机通讯 &gt;荣耀','a:2:{i:1;s:6:\"样式\";i:2;s:6:\"颜色\";}','a:2:{i:1;a:3:{i:28;s:8:\"12G+256G\";i:37;s:7:\"8G+256G\";i:40;s:7:\"6G+256G\";}i:2;a:3:{i:41;s:9:\"魅海蓝\";i:42;s:9:\"太空银\";i:43;s:9:\"晨曦金\";}}',0,'',1,'2023060622082521208.png','N;','<p><img src=\"http://www.wzhangsheng.cn/uploads/home/store/goods/20230606/2023060622083038345.png\"/></p><p><br/></p><p><br/></p><p><img src=\"http://www.wzhangsheng.cn/uploads/home/store/goods/20230606/2023060622083730473.png\"/></p>','',1,NULL,0,1686060525,0,NULL,1499.00,1899.00,0.00,78,'',0,0,'',1,255,0.00,0,0,0,'',0,0,0,0,0,0,0,0,0,0,0,NULL,0.00,0,0.00,0.00,0),(129,'荣耀Play7T Pro 7.43mm 超薄设计 40W超级快充 6.7英寸超窄边护眼全视屏','荣耀Play7T Pro 7.43mm 超薄设计 40W超级快充 6.7英寸超窄边护眼全视屏',76,1,2,76,'手机/ 智能数码 &gt;手机通讯 &gt;荣耀','a:2:{i:1;s:6:\"样式\";i:2;s:6:\"颜色\";}','a:2:{i:1;a:2:{i:29;s:8:\"16G+256G\";i:37;s:7:\"8G+256G\";}i:2;a:3:{i:34;s:9:\"亮黑色\";i:35;s:9:\"墨玉绿\";i:42;s:9:\"太空银\";}}',0,'',1,'2023060622115126471.png','N;','<p><img src=\"http://www.wzhangsheng.cn/uploads/home/store/goods/20230606/2023060622120998764.png\"/></p><p><br/></p><p><img src=\"http://www.wzhangsheng.cn/uploads/home/store/goods/20230606/2023060622121856339.png\"/></p>','',1,NULL,0,1686060752,0,NULL,1299.00,1349.00,0.00,96,'',0,0,'',1,255,0.00,0,0,0,'',0,0,0,0,0,0,0,0,0,0,0,NULL,0.00,0,0.00,0.00,0),(130,'vivo X Flip 12GB+256GB 菱紫 轻巧优雅设计 魔镜大外屏 悬停蔡司影像','vivo X Flip 12GB+256GB 菱紫 轻巧优雅设计 魔镜大外屏 悬停蔡司影像',78,1,2,78,'手机/ 智能数码 &gt;手机通讯 &gt;vivo','a:2:{i:1;s:6:\"样式\";i:2;s:6:\"颜色\";}','a:2:{i:1;a:2:{i:44;s:8:\"12G+256G\";i:45;s:8:\"12G+512G\";}i:2;a:3:{i:47;s:6:\"鎏金\";i:48;s:6:\"钻黑\";i:49;s:6:\"菱紫\";}}',0,'',1,'2023060622171448962.png','N;','<p><img src=\"http://www.wzhangsheng.cn/uploads/home/store/goods/20230606/2023060622171953588.png\"/></p><p><br/></p><p><img src=\"http://www.wzhangsheng.cn/uploads/home/store/goods/20230606/2023060622172558263.png\"/></p>','',1,NULL,0,1686061062,0,NULL,5599.00,6699.00,0.00,83,'',0,0,'',1,255,0.00,0,0,0,'',0,0,0,0,0,0,0,0,0,0,0,NULL,0.00,0,0.00,0.00,0),(131,'vivo S16e 12GB+256GB 风信紫 5000万柔光人像 原彩柔光环 OIS超稳光学防抖','vivo S16e 12GB+256GB 风信紫 5000万柔光人像 原彩柔光环 OIS超稳光学防抖',78,1,2,78,'手机/ 智能数码 &gt;手机通讯 &gt;vivo','a:2:{i:1;s:6:\"样式\";i:2;s:6:\"颜色\";}','a:2:{i:1;a:3:{i:50;s:7:\"8G+128G\";i:51;s:7:\"8G+256G\";i:52;s:9:\"12GG+256G\";}i:2;a:3:{i:53;s:9:\"风信紫\";i:54;s:9:\"海墨绿\";i:55;s:9:\"昼夜黑\";}}',0,'',1,'2023060622220085771.png','N;','<p><img src=\"http://www.wzhangsheng.cn/uploads/home/store/goods/20230606/2023060622220337412.png\"/></p><p><br/></p><p><img src=\"http://www.wzhangsheng.cn/uploads/home/store/goods/20230606/2023060622221063469.png\"/></p>','',1,NULL,0,1686061341,0,NULL,1899.00,2299.00,0.00,82,'',0,0,'',1,255,0.00,0,0,0,'',0,0,0,0,0,0,0,0,0,0,0,NULL,0.00,0,0.00,0.00,0),(132,'vivo iQOO Neo8 16GB+512GB44Hz高刷 5G游戏电竞性能手机','vivo iQOO Neo8 16GB+512GB44Hz高刷 5G游戏电竞性能手机',78,1,2,78,'手机/ 智能数码 &gt;手机通讯 &gt;vivo','a:2:{i:1;s:6:\"样式\";i:2;s:6:\"颜色\";}','a:2:{i:1;a:3:{i:52;s:8:\"12G+256G\";i:59;s:8:\"12G+512G\";i:60;s:8:\"16G+512G\";}i:2;a:3:{i:56;s:6:\"夜岩\";i:57;s:6:\"冲浪\";i:58;s:6:\"赛点\";}}',0,'',1,'2023060622264441112.png','N;','<p><img src=\"http://www.wzhangsheng.cn/uploads/home/store/goods/20230606/2023060622264921895.png\"/></p><p><br/></p><p><br/></p>','',1,NULL,0,1686061635,0,NULL,2299.00,2899.00,0.00,79,'',0,0,'',1,255,0.00,0,0,0,'',0,0,0,0,0,0,0,0,0,0,0,NULL,0.00,0,0.00,0.00,0),(133,' vivo Y78+ 8GB+128GB 天青色 旗舰级120Hz OLED曲面屏',' vivo Y78+ 8GB+128GB 天青色 旗舰级120Hz OLED曲面屏',78,1,2,78,'手机/ 智能数码 &gt;手机通讯 &gt;vivo','a:2:{i:1;s:6:\"样式\";i:2;s:6:\"颜色\";}','a:2:{i:1;a:3:{i:50;s:7:\"8G+128G\";i:61;s:7:\"6G+128G\";i:62;s:8:\"12G+128G\";}i:2;a:3:{i:47;s:6:\"鎏金\";i:48;s:6:\"钻黑\";i:63;s:6:\"天青\";}}',0,'',1,'2023060622305676465.png','N;','<p><img src=\"http://www.wzhangsheng.cn/uploads/home/store/goods/20230606/2023060622305969451.png\"/></p><p><br/></p><p><br/></p><p><img src=\"http://www.wzhangsheng.cn/uploads/home/store/goods/20230606/2023060622310629289.png\"/></p>','',1,NULL,0,1686061876,0,NULL,1599.00,1999.00,0.00,79,'',0,0,'',1,255,0.00,0,0,0,'',0,0,0,0,0,0,0,0,0,0,0,NULL,0.00,0,0.00,0.00,0),(134,'OPPO Find N2 Flip 12GB+256GB 流金 任意窗 5000万超清自拍 ','OPPO Find N2 Flip 12GB+256GB 流金 任意窗 5000万超清自拍 ',79,1,2,79,'手机/ 智能数码 &gt;手机通讯 &gt;oppo','a:2:{i:1;s:6:\"样式\";i:2;s:6:\"颜色\";}','a:2:{i:1;a:3:{i:64;s:7:\"8G+256G\";i:65;s:8:\"12G+256G\";i:66;s:8:\"16G+512G\";}i:2;a:3:{i:67;s:6:\"鎏金\";i:68;s:6:\"雅黑\";i:69;s:6:\"慕紫\";}}',0,'',1,'2023060622361028398.png','N;','<p><img src=\"http://www.wzhangsheng.cn/uploads/home/store/goods/20230606/2023060622361415995.png\"/></p><p><br/></p><p><img src=\"http://www.wzhangsheng.cn/uploads/home/store/goods/20230606/2023060622362015571.png\"/></p>','',1,NULL,0,1686062189,0,NULL,6399.00,6999.00,0.00,91,'',0,0,'',1,255,0.00,0,0,0,'',0,0,0,0,0,0,0,0,0,0,0,NULL,0.00,0,0.00,0.00,0),(135,'OPPO Find X6 Pro 16GB+512GB 大漠银月 超光影三主摄 哈苏影像','OPPO Find X6 Pro 16GB+512GB 大漠银月 超光影三主摄 哈苏影像',79,1,2,79,'手机/ 智能数码 &gt;手机通讯 &gt;oppo','a:2:{i:1;s:6:\"样式\";i:2;s:6:\"颜色\";}','a:2:{i:1;a:3:{i:70;s:8:\"12G+256G\";i:71;s:8:\"16G+256G\";i:72;s:8:\"16G+512G\";}i:2;a:3:{i:73;s:6:\"银月\";i:74;s:6:\"墨黑\";i:75;s:9:\"飞泉绿\";}}',0,'',1,'2023060622410679398.png','N;','<p><img src=\"http://www.wzhangsheng.cn/uploads/home/store/goods/20230606/2023060622410893742.png\"/></p><p><br/></p><p><img src=\"http://www.wzhangsheng.cn/uploads/home/store/goods/20230606/2023060622411433289.png\"/></p>','',1,NULL,0,1686062484,0,NULL,6399.00,6399.00,0.00,100,'',0,0,'',1,255,0.00,0,0,0,'',0,0,0,0,0,0,0,0,0,0,0,NULL,0.00,0,0.00,0.00,0),(136,'OPPO Pad 2平板 11.61英寸2.8K超高清大屏 144Hz超高刷 天玑9000','OPPO Pad 2平板 11.61英寸2.8K超高清大屏 144Hz超高刷 天玑9000',79,1,2,79,'手机/ 智能数码 &gt;手机通讯 &gt;oppo','a:2:{i:1;s:6:\"样式\";i:2;s:6:\"颜色\";}','a:2:{i:1;a:3:{i:70;s:8:\"12G+256G\";i:71;s:8:\"16G+256G\";i:78;s:7:\"8G+256G\";}i:2;a:2:{i:76;s:9:\"光羽金\";i:77;s:9:\"星云灰\";}}',0,'',1,'2023060622445963518.png','N;','<p><img src=\"http://www.wzhangsheng.cn/uploads/home/store/goods/20230606/2023060622450361879.png\"/></p><p><br/></p><p><img src=\"http://www.wzhangsheng.cn/uploads/home/store/goods/20230606/2023060622451053627.png\"/></p>','',1,NULL,0,1686062720,0,NULL,2599.00,3299.00,0.00,78,'',0,0,'',1,255,0.00,0,0,0,'',0,0,0,0,0,0,0,0,0,0,0,NULL,0.00,0,0.00,0.00,0),(137,'OPPO K11x 8GB+256GB 墨玉 1亿超清影像 超大内存 长寿版','OPPO K11x 8GB+256GB 墨玉 1亿超清影像 超大内存 长寿版',79,1,2,79,'手机/ 智能数码 &gt;手机通讯 &gt;oppo','a:2:{i:1;s:6:\"样式\";i:2;s:6:\"颜色\";}','a:2:{i:1;a:3:{i:70;s:8:\"12G+256G\";i:71;s:8:\"16G+256G\";i:78;s:7:\"8G+256G\";}i:2;a:2:{i:79;s:6:\"珠光\";i:80;s:6:\"墨玉\";}}',0,'',1,'2023060622481473822.png','N;','<p><img src=\"http://www.wzhangsheng.cn/uploads/home/store/goods/20230606/2023060622481745643.png\"/></p><p><br/></p><p><img src=\"http://www.wzhangsheng.cn/uploads/home/store/goods/20230606/2023060622482354463.png\"/></p>','',1,NULL,0,1686062912,0,NULL,1499.00,1899.00,0.00,78,'',0,0,'',1,255,0.00,0,0,0,'',0,0,0,0,0,0,0,0,0,0,0,NULL,0.00,0,0.00,0.00,0),(138,'OPPO Reno10 Pro+ 16GB+512GB 暮光紫 骁龙 8+ 旗舰芯片','OPPO Reno10 Pro+ 16GB+512GB 暮光紫 骁龙 8+ 旗舰芯片',79,1,2,79,'手机/ 智能数码 &gt;手机通讯 &gt;oppo','a:2:{i:1;s:6:\"样式\";i:2;s:6:\"颜色\";}','a:2:{i:1;a:2:{i:71;s:8:\"16G+256G\";i:72;s:8:\"16G+512G\";}i:2;a:3:{i:67;s:9:\"灿烂金\";i:68;s:9:\"月海黑\";i:69;s:9:\"慕光紫\";}}',0,'',1,'2023060622512233793.png','N;','<p><img src=\"http://www.wzhangsheng.cn/uploads/home/store/goods/20230606/2023060622512637232.png\"/></p><p><br/></p><p><img src=\"http://www.wzhangsheng.cn/uploads/home/store/goods/20230606/2023060622523331568.png\"/></p>','',1,NULL,0,1686063161,0,NULL,3899.00,4299.00,0.00,90,'',0,0,'',1,255,0.00,0,0,0,'',0,0,0,0,0,0,0,0,0,0,0,NULL,0.00,0,0.00,0.00,0),(139,'三星 SAMSUNG Galaxy A53 5G手机 120Hz超顺滑全视屏 IP67级防尘防水','三星 SAMSUNG Galaxy A53 5G手机 120Hz超顺滑全视屏 IP67级防尘防水',282,1,2,282,'手机/ 智能数码 &gt;手机通讯 &gt;三星','a:2:{i:1;s:6:\"样式\";i:2;s:6:\"颜色\";}','a:2:{i:1;a:2:{i:81;s:7:\"8G+128G\";i:82;s:7:\"8G+256G\";}i:2;a:3:{i:83;s:9:\"宇宙黑\";i:84;s:9:\"晴天蓝\";i:85;s:9:\"水蜜桃\";}}',0,'',1,'2023060622565212841.png','N;','<p><img src=\"http://www.wzhangsheng.cn/uploads/home/store/goods/20230606/2023060622565882160.png\"/></p><p><br/></p><p><img src=\"http://www.wzhangsheng.cn/uploads/home/store/goods/20230606/2023060622570447216.png\"/></p>','',1,NULL,0,1686063448,0,NULL,1769.00,2069.00,0.00,85,'',0,0,'',1,255,0.00,0,0,0,'',0,0,0,0,0,0,0,0,0,0,0,NULL,0.00,0,0.00,0.00,0),(140,'三星 S23 SM-S9110新品5G手机 超视觉夜拍可持续性设计s22新品Galaxy s23','三星 S23 SM-S9110新品5G手机 超视觉夜拍可持续性设计s22新品Galaxy s23',282,1,2,282,'手机/ 智能数码 &gt;手机通讯 &gt;三星','a:2:{i:1;s:6:\"样式\";i:2;s:6:\"颜色\";}','a:2:{i:1;a:1:{i:82;s:7:\"8G+256G\";}i:2;a:2:{i:86;s:9:\"悠雾紫\";i:87;s:10:\"悠柔白 \";}}',0,'',1,'2023060623004440268.png','N;','<p><img src=\"http://www.wzhangsheng.cn/uploads/home/store/goods/20230606/2023060623004767795.png\"/></p><p><br/></p><p><img src=\"http://www.wzhangsheng.cn/uploads/home/store/goods/20230606/2023060623005362592.png\"/></p>','',1,NULL,0,1686063662,0,NULL,4899.00,4899.00,0.00,100,'',0,0,'',1,255,0.00,0,0,0,'',0,0,0,0,0,0,0,0,0,0,0,NULL,0.00,0,0.00,0.00,0),(141,'三星 SAMSUNG Galaxy S22 超视觉夜拍系统超清夜景 超电影影像系统 超耐用精工设计','三星 SAMSUNG Galaxy S22 超视觉夜拍系统超清夜景 超电影影像系统 超耐用精工设计',282,1,2,282,'手机/ 智能数码 &gt;手机通讯 &gt;三星','a:2:{i:1;s:6:\"样式\";i:2;s:6:\"颜色\";}','a:2:{i:1;a:1:{i:82;s:7:\"8G+256G\";}i:2;a:4:{i:88;s:9:\"羽梦白\";i:89;s:9:\"耀夜黑\";i:90;s:9:\"雾凇绿\";i:91;s:9:\"浮光粉\";}}',0,'',1,'2023060623040869798.png','N;','<p><img src=\"http://www.wzhangsheng.cn/uploads/home/store/goods/20230606/2023060623041193381.png\"/></p><p><br/></p><p><img src=\"http://www.wzhangsheng.cn/uploads/home/store/goods/20230606/2023060623041593265.png\"/></p>','',1,NULL,0,1686063867,0,NULL,3139.00,3139.00,0.00,100,'',0,0,'',1,255,0.00,0,0,0,'',0,0,0,0,0,0,0,0,0,0,0,NULL,0.00,0,0.00,0.00,0),(142,'三星 SAMSUNG Galaxy Z Flip4 掌心折叠设计 立式自由拍摄系统','三星 SAMSUNG Galaxy Z Flip4 掌心折叠设计 立式自由拍摄系统',282,1,2,282,'手机/ 智能数码 &gt;手机通讯 &gt;三星','a:2:{i:1;s:6:\"样式\";i:2;s:6:\"颜色\";}','a:2:{i:1;a:1:{i:82;s:7:\"8G+256G\";}i:2;a:2:{i:92;s:12:\"哥特太空\";i:93;s:12:\"蓝海假日\";}}',0,'',1,'2023060623072531144.png','N;','<p><img src=\"http://www.wzhangsheng.cn/uploads/home/store/goods/20230606/2023060623072817413.png\"/></p><p><br/></p><p><img src=\"http://www.wzhangsheng.cn/uploads/home/store/goods/20230606/2023060623073384545.png\"/></p>','',1,NULL,0,1686064063,0,NULL,6299.00,6299.00,0.00,100,'',0,0,'',1,255,0.00,0,0,0,'',0,0,0,0,0,0,0,0,0,0,0,NULL,0.00,0,0.00,0.00,0),(143,'Apple Watch Series 8 智能手表GPS款41毫米星光色铝金属表壳星光色运动型表带','Apple Watch Series 8 智能手表GPS款41毫米星光色铝金属表壳星光色运动型表带MNP63CH/A',70,1,3,70,'手机/ 智能数码 &gt;智能设备 &gt;智能手表','a:2:{i:1;s:6:\"样式\";i:2;s:6:\"颜色\";}','a:2:{i:1;a:2:{i:97;s:23:\"铝金属GPS款41毫米\";i:98;s:23:\"铝金属GPS款45毫米\";}i:2;a:3:{i:94;s:15:\"WATCH8星光色\";i:95;s:15:\"WATCH8午夜色\";i:96;s:12:\"WATCH8红色\";}}',0,'',1,'2023060623145921844.png','N;','<p><img src=\"http://www.wzhangsheng.cn/uploads/home/store/goods/20230606/2023060623150261145.png\"/></p><p><br/></p><p><img src=\"http://www.wzhangsheng.cn/uploads/home/store/goods/20230606/2023060623150727572.png\"/></p>','',1,NULL,0,1686064516,0,NULL,2999.00,3199.00,0.00,93,'',0,0,'',1,255,0.00,0,0,0,'',0,0,0,0,0,0,0,0,0,0,0,NULL,0.00,0,0.00,0.00,0),(144,'维蒂索华强北S8Ultra运动智能手表Watch8ProMax','维蒂索华强北S8Ultra运动智能手表Watch8ProMax',70,1,3,70,'手机/ 智能数码 &gt;智能设备 &gt;智能手表','a:2:{i:1;s:6:\"样式\";i:2;s:6:\"颜色\";}','a:2:{i:1;a:1:{i:99;s:10:\"49MM表壳\";}i:2;a:1:{i:100;s:15:\"【钛合金】\";}}',0,'',1,'2023060623190228449.png','N;','<p><img src=\"http://www.wzhangsheng.cn/uploads/home/store/goods/20230606/2023060623190695822.png\"/></p><p><br/></p><p><img src=\"http://www.wzhangsheng.cn/uploads/home/store/goods/20230606/2023060623191447839.png\"/></p>','',1,NULL,0,1686064767,0,NULL,398.00,398.00,0.00,100,'',0,0,'',1,255,0.00,0,0,0,'',0,0,0,0,0,0,0,0,0,0,0,NULL,0.00,0,0.00,0.00,0),(145,'小米（MI）Redmi watch3 红米智能手表','小米（MI）Redmi watch3 红米智能手表 典雅黑 血氧检测 蓝牙通话 高清大屏 NFC运动手表 小米手表 红米手表',70,1,3,70,'手机/ 智能数码 &gt;智能设备 &gt;智能手表','a:2:{i:1;s:6:\"样式\";i:2;s:6:\"颜色\";}','a:2:{i:1;a:1:{i:103;s:12:\"Redmi watch3\";}i:2;a:2:{i:101;s:9:\"典雅黑\";i:102;s:9:\"象牙白\";}}',0,'',1,'2023060623215972533.png','N;','<p><img src=\"http://www.wzhangsheng.cn/uploads/home/store/goods/20230606/2023060623220325222.png\"/></p><p><br/></p><p><img src=\"http://www.wzhangsheng.cn/uploads/home/store/goods/20230606/2023060623220827782.png\"/></p>','',1,NULL,0,1686064937,0,NULL,469.00,469.00,0.00,100,'',0,0,'',1,255,0.00,0,0,0,'',0,0,0,0,0,0,0,0,0,0,0,NULL,0.00,0,0.00,0.00,0),(146,'【5G卡通用全网通】电话智能手表儿童成人华强北顶配插卡5G4G卡通','【5G卡通用全网通】电话智能手表儿童成人华强北顶配插卡5G4G卡通用小学初高中生天才wifi维蒂索 推荐【高配黑色】安卓-GPS定位-支付微信抖音QQ',70,1,3,70,'手机/ 智能数码 &gt;智能设备 &gt;智能手表','a:2:{i:1;s:6:\"样式\";i:2;s:6:\"颜色\";}','a:2:{i:1;a:2:{i:107;s:6:\"高配\";i:108;s:6:\"顶配\";}i:2;a:3:{i:104;s:6:\"白色\";i:105;s:6:\"粉色\";i:106;s:6:\"黑色\";}}',0,'',1,'2023060623254485753.png','N;','<p><img src=\"http://www.wzhangsheng.cn/uploads/home/store/goods/20230606/2023060623254943288.png\"/></p><p><br/></p><p><img src=\"http://www.wzhangsheng.cn/uploads/home/store/goods/20230606/2023060623255518298.png\"/></p>','',1,NULL,0,1686065167,0,NULL,298.00,398.00,0.00,74,'',0,0,'',1,255,0.00,0,0,0,'',0,0,0,0,0,0,0,0,0,0,0,NULL,0.00,0,0.00,0.00,0),(147,'华为（HUAWEI） 华为平板电脑MatePad Pro 10.8英寸','华为（HUAWEI） 华为平板电脑MatePad Pro 10.8英寸影音娱乐办公全面屏学习平板电脑 8G+128G WiFi版 夜阑灰 官方标配',769,765,767,769,'笔记本/平板 &gt;平板 &gt;平板','a:2:{i:6;s:6:\"颜色\";i:7;s:6:\"版本\";}','a:2:{i:6;a:1:{i:109;s:10:\"夜阑灰 \";}i:7;a:2:{i:110;s:15:\"8G+256G WIFI版\";i:111;s:15:\"8G+128G WIFI版\";}}',0,'',4,'2023060710003642811.png','','<p><img src=\"http://www.wzhangsheng.cn/uploads/home/store/goods/20230607/2023060710004936392.png\"/></p><p><br/></p><p><img src=\"http://www.wzhangsheng.cn/uploads/home/store/goods/20230607/2023060710031288496.png\"/><img src=\"http://www.wzhangsheng.cn/uploads/home/store/goods/20230607/2023060710031852387.png\"/><img src=\"http://www.wzhangsheng.cn/uploads/home/store/goods/20230607/2023060710032299513.png\"/></p><p><br/></p><p><br/></p>','',1,NULL,0,1686103363,0,NULL,2699.00,2699.00,0.00,100,'',0,0,'',1,255,0.00,0,0,0,'',0,0,0,0,0,0,0,0,0,0,0,NULL,0.00,0,0.00,0.00,0),(148,'HUAV平板电脑超清全面屏十核全网通5GWiFi版','HUAV平板电脑超清全面屏十核全网通5GWiFi商务办公影音游戏娱乐学习上网课二合一平板 星河蓝 新Pro性能版16G+256G原装键盘鼠标\r\n',769,765,767,769,'笔记本/平板 &gt;平板 &gt;平板','a:2:{i:6;s:6:\"颜色\";i:7;s:6:\"版本\";}','a:2:{i:6;a:3:{i:112;s:9:\"星河蓝\";i:113;s:9:\"冰霜银\";i:114;s:9:\"黑曜石\";}i:7;a:2:{i:115;s:8:\"12G+128G\";i:116;s:8:\"12G+512G\";}}',0,'',4,'2023060710075790018.png','N;','<p><img src=\"http://www.wzhangsheng.cn/uploads/home/store/goods/20230607/2023060710080875895.png\"/></p><p><br/></p><p><img src=\"http://www.wzhangsheng.cn/uploads/home/store/goods/20230607/2023060710081411268.png\"/></p>','',1,NULL,0,1686103811,0,NULL,1288.00,1588.00,0.00,81,'',0,0,'',1,255,0.00,0,0,0,'',0,0,0,0,0,0,0,0,0,0,0,NULL,0.00,0,0.00,0.00,0),(149,'Apple iPad Pro 11英寸平板电脑 2022年款','Apple iPad Pro 11英寸平板电脑 2022年款(128G WLAN版/M2芯片Liquid视网膜屏/MNXD3CH/A) 深空灰色\r\n',769,765,767,769,'笔记本/平板 &gt;平板 &gt;平板','a:2:{i:6;s:6:\"颜色\";i:7;s:6:\"版本\";}','a:2:{i:6;a:2:{i:117;s:6:\"灰色\";i:118;s:6:\"银色\";}i:7;a:2:{i:119;s:18:\"11英寸 WLAN 128G\";i:120;s:18:\"13英寸 WLAN 128G\";}}',0,'',4,'2023060710132985229.png','N;','<p><img src=\"http://www.wzhangsheng.cn/uploads/home/store/goods/20230607/2023060710133586880.png\"/></p><p><br/></p><p><img src=\"http://www.wzhangsheng.cn/uploads/home/store/goods/20230607/2023060710134043383.png\"/></p>','',1,NULL,0,1686104030,0,NULL,6799.00,9299.00,0.00,73,'',0,0,'',1,255,0.00,0,0,0,'',0,0,0,0,0,0,0,0,0,0,0,NULL,0.00,0,0.00,0.00,0),(150,'iQOO Pad 平板电脑 8GB+128GB 星际灰 12.1英寸超大屏幕','当季新品 iQOO Pad 平板电脑 8GB+128GB 星际灰 12.1英寸超大屏幕 144Hz超感原色屏 天玑9000+旗舰芯 10000mAh电池\r\n',769,765,767,769,'笔记本/平板 &gt;平板 &gt;平板','a:2:{i:6;s:6:\"颜色\";i:7;s:6:\"版本\";}','a:1:{i:7;a:2:{i:111;s:15:\"8G+128G WIFI版\";i:121;s:16:\"12G+256G WIFI版\";}}',0,'',4,'2023060710162443344.png','N;','<p><img src=\"http://www.wzhangsheng.cn/uploads/home/store/goods/20230607/2023060710162736846.png\"/></p><p><br/></p><p><img src=\"http://www.wzhangsheng.cn/uploads/home/store/goods/20230607/2023060710163129763.png\"/></p>','',1,NULL,0,1686104200,0,NULL,2399.00,2999.00,0.00,79,'',0,0,'',1,255,0.00,0,0,0,'',0,0,0,0,0,0,0,0,0,0,0,NULL,0.00,0,0.00,0.00,0),(151,'小米粽平板电脑2023新款大屏12英寸全面屏二合一','小米粽平板电脑2023新款大屏12英寸全面屏二合一十核全网通5GWiFi游戏办公学习上网课 曜石灰 新Pro旗舰12G+256G原装键盘鼠标\r\n',769,765,767,769,'笔记本/平板 &gt;平板 &gt;平板','a:2:{i:6;s:6:\"颜色\";i:7;s:6:\"版本\";}','a:2:{i:6;a:2:{i:113;s:9:\"冰霜银\";i:123;s:9:\"海岛蓝\";}i:7;a:2:{i:121;s:16:\"12G+256G WIFI版\";i:124;s:14:\"12G+1T WIFI版\";}}',0,'',4,'2023060710194542442.png','N;','<p><img src=\"http://www.wzhangsheng.cn/uploads/home/store/goods/20230607/2023060710194842177.png\"/></p><p><br/></p><p><img src=\"http://www.wzhangsheng.cn/uploads/home/store/goods/20230607/2023060710195280170.png\"/></p>','',1,NULL,0,1686104402,0,NULL,1118.00,1888.00,0.00,59,'',0,0,'',1,255,0.00,0,0,0,'',0,0,0,0,0,0,0,0,0,0,0,NULL,0.00,0,0.00,0.00,0),(152,'荣耀显通平板电脑通5GWiFi十核超清贴合屏网课学习游戏二合一','荣耀显通平板电脑通5GWiFi十核超清贴合屏网课学习游戏二合一',769,765,767,769,'笔记本/平板 &gt;平板 &gt;平板','a:2:{i:6;s:6:\"颜色\";i:7;s:6:\"版本\";}','a:2:{i:6;a:2:{i:122;s:9:\"曜石灰\";i:123;s:9:\"海岛蓝\";}i:7;a:2:{i:121;s:16:\"12G+256G WIFI版\";i:124;s:14:\"12G+1T WIFI版\";}}',0,'',4,'2023060710225910256.png','N;','<p><img src=\"http://www.wzhangsheng.cn/uploads/home/store/goods/20230607/2023060710230128270.png\"/></p><p><br/></p><p><img src=\"http://www.wzhangsheng.cn/uploads/home/store/goods/20230607/2023060710230575867.png\"/></p>','',1,NULL,0,1686104593,0,NULL,1488.00,1888.00,0.00,78,'',0,0,'',1,255,0.00,0,0,0,'',0,0,0,0,0,0,0,0,0,0,0,NULL,0.00,0,0.00,0.00,0),(153,'惠普（HP）暗影精灵9 16.1英寸游戏本 笔记本电脑','当季新品 惠普（HP）暗影精灵9 16.1英寸游戏本 笔记本电脑(R7-7840H RTX4060 16G 512GB 165Hz)\r\n',768,765,766,768,'笔记本/平板 &gt;笔记本 &gt;笔记本','a:2:{i:6;s:6:\"颜色\";i:7;s:6:\"版本\";}','a:1:{i:7;a:2:{i:125;s:8:\"512G SSD\";i:126;s:6:\"1T SSD\";}}',0,'',4,'2023060710350154843.png','N;','<p><img src=\"http://www.wzhangsheng.cn/uploads/home/store/goods/20230607/2023060710350445127.png\"/></p><p><br/></p><p><img src=\"http://www.wzhangsheng.cn/uploads/home/store/goods/20230607/2023060710350843589.png\"/></p>','',1,NULL,0,1686105315,0,NULL,6799.00,8999.00,0.00,75,'',0,0,'',1,255,0.00,0,0,0,'',0,0,0,0,0,0,0,0,0,0,0,NULL,0.00,0,0.00,0.00,0),(154,'戴尔（DELL）游匣G15 15.6英寸游戏本 笔记本电脑',' 戴尔（DELL）游匣G15 15.6英寸游戏本 笔记本电脑(14核i7 16G 512G RTX3060 165Hz高色域电竞屏)黑\r\n',768,765,766,768,'笔记本/平板 &gt;笔记本 &gt;笔记本','a:2:{i:6;s:6:\"颜色\";i:7;s:6:\"版本\";}','a:1:{i:7;a:1:{i:127;s:18:\"14核I7/3060/165HZ\";}}',0,'',4,'2023060710385795033.png','N;','<p><img src=\"http://www.wzhangsheng.cn/uploads/home/store/goods/20230607/2023060710390035365.png\"/></p><p><br/></p><p><img src=\"http://www.wzhangsheng.cn/uploads/home/store/goods/20230607/2023060710390447588.png\"/></p>','',1,NULL,0,1686105552,0,NULL,5999.00,5999.00,0.00,100,'',0,0,'',1,255,0.00,0,0,0,'',0,0,0,0,0,0,0,0,0,0,0,NULL,0.00,0,0.00,0.00,0),(155,'小米笔记本电脑 红米 RedmiBookPro 14英寸 2.5K高清屏','京品电脑 小米笔记本电脑 红米 RedmiBookPro 14英寸 2.5K高清屏 高性能轻薄本(R5 16G 512G 商务办公 长续航 全金属)\r\n',768,765,766,768,'笔记本/平板 &gt;笔记本 &gt;笔记本','a:2:{i:6;s:6:\"颜色\";i:7;s:6:\"版本\";}','a:1:{i:7;a:1:{i:128;s:15:\"14英寸2.5K屏\";}}',0,'',4,'2023060710471463436.png','N;','<p><img src=\"http://www.wzhangsheng.cn/uploads/home/store/goods/20230607/2023060710471884711.png\"/></p><p><br/></p><p><img src=\"http://www.wzhangsheng.cn/uploads/home/store/goods/20230607/2023060710472492673.png\"/></p>','',1,NULL,0,1686106053,0,NULL,2899.00,2899.00,0.00,100,'',0,0,'',1,255,0.00,0,0,0,'',0,0,0,0,0,0,0,0,0,0,0,NULL,0.00,0,0.00,0.00,0),(156,'荣耀MagicBook 14 锐龙版 14英寸6核锐龙R5轻薄笔记本电脑','荣耀MagicBook 14 锐龙版 14英寸6核锐龙R5轻薄笔记本电脑 16G大内存 512G 冰河银 多屏协同 高色域\r\n',768,765,766,768,'笔记本/平板 &gt;笔记本 &gt;笔记本','a:2:{i:6;s:6:\"颜色\";i:7;s:6:\"版本\";}','a:1:{i:7;a:1:{i:128;s:15:\"14英寸2.5K屏\";}}',0,'',4,'2023060710493241439.png','','<p><img src=\"http://www.wzhangsheng.cn/uploads/home/store/goods/20230607/2023060710493553161.png\"/></p><p><br/></p><p><img src=\"http://www.wzhangsheng.cn/uploads/home/store/goods/20230607/2023060710500628310.png\"/></p>','',1,NULL,0,1686106213,0,NULL,2588.00,2588.00,0.00,100,'',0,0,'',1,255,0.00,0,1,36,'',0,0,0,0,0,0,0,0,0,0,0,NULL,0.00,0,0.00,0.00,0);
/*!40000 ALTER TABLE `ds_goodscommon` ENABLE KEYS */;
UNLOCK TABLES;

--
-- Table structure for table `ds_goodsfcode`
--

DROP TABLE IF EXISTS `ds_goodsfcode`;
/*!40101 SET @saved_cs_client     = @@character_set_client */;
/*!40101 SET character_set_client = utf8 */;
CREATE TABLE `ds_goodsfcode` (
  `goodsfcode_id` int(10) unsigned NOT NULL AUTO_INCREMENT COMMENT 'F码自增ID',
  `goods_commonid` int(10) unsigned NOT NULL COMMENT '商品公共ID',
  `goodsfcode_code` varchar(20) NOT NULL COMMENT 'F码内容',
  `goodsfcode_state` tinyint(3) unsigned NOT NULL DEFAULT '0' COMMENT '状态 0:未使用 1:已使用',
  PRIMARY KEY (`goodsfcode_id`),
  KEY `goods_commonid` (`goods_commonid`),
  KEY `goodsfcode_code` (`goodsfcode_code`)
) ENGINE=InnoDB DEFAULT CHARSET=utf8 COMMENT='商品F码';
/*!40101 SET character_set_client = @saved_cs_client */;

--
-- Dumping data for table `ds_goodsfcode`
--

LOCK TABLES `ds_goodsfcode` WRITE;
/*!40000 ALTER TABLE `ds_goodsfcode` DISABLE KEYS */;
/*!40000 ALTER TABLE `ds_goodsfcode` ENABLE KEYS */;
UNLOCK TABLES;

--
-- Table structure for table `ds_goodsgift`
--

DROP TABLE IF EXISTS `ds_goodsgift`;
/*!40101 SET @saved_cs_client     = @@character_set_client */;
/*!40101 SET character_set_client = utf8 */;
CREATE TABLE `ds_goodsgift` (
  `gift_id` int(10) unsigned NOT NULL AUTO_INCREMENT COMMENT '赠品ID',
  `gift_goodsid` int(10) unsigned NOT NULL COMMENT '赠品商品ID',
  `gift_goodsname` varchar(50) NOT NULL COMMENT '主商品名称',
  `gift_goodsimage` varchar(100) NOT NULL COMMENT '主商品图片',
  `gift_amount` tinyint(3) unsigned NOT NULL COMMENT '赠品数量',
  `goods_id` int(10) unsigned NOT NULL COMMENT '主商品ID',
  `goods_commonid` int(10) unsigned NOT NULL COMMENT '主商品公共ID',
  PRIMARY KEY (`gift_id`),
  KEY `goods_id` (`goods_id`)
) ENGINE=InnoDB DEFAULT CHARSET=utf8 COMMENT='商品赠品表';
/*!40101 SET character_set_client = @saved_cs_client */;

--
-- Dumping data for table `ds_goodsgift`
--

LOCK TABLES `ds_goodsgift` WRITE;
/*!40000 ALTER TABLE `ds_goodsgift` DISABLE KEYS */;
/*!40000 ALTER TABLE `ds_goodsgift` ENABLE KEYS */;
UNLOCK TABLES;

--
-- Table structure for table `ds_goodsimages`
--

DROP TABLE IF EXISTS `ds_goodsimages`;
/*!40101 SET @saved_cs_client     = @@character_set_client */;
/*!40101 SET character_set_client = utf8 */;
CREATE TABLE `ds_goodsimages` (
  `goodsimage_id` int(10) unsigned NOT NULL AUTO_INCREMENT COMMENT '商品图片自增ID',
  `goods_commonid` int(10) unsigned NOT NULL COMMENT '商品公共ID',
  `color_id` int(10) unsigned NOT NULL DEFAULT '0' COMMENT '颜色规格值ID',
  `goodsimage_url` varchar(1000) NOT NULL COMMENT '商品图片',
  `goodsimage_sort` tinyint(3) unsigned NOT NULL DEFAULT '255' COMMENT '商品图片排序',
  `goodsimage_isdefault` tinyint(3) unsigned NOT NULL DEFAULT '0' COMMENT '商品图片默认主图，1是，0否',
  PRIMARY KEY (`goodsimage_id`),
  KEY `goods_commonid` (`goods_commonid`)
) ENGINE=InnoDB AUTO_INCREMENT=263 DEFAULT CHARSET=utf8 COMMENT='商品图片';
/*!40101 SET character_set_client = @saved_cs_client */;

--
-- Dumping data for table `ds_goodsimages`
--

LOCK TABLES `ds_goodsimages` WRITE;
/*!40000 ALTER TABLE `ds_goodsimages` DISABLE KEYS */;
INSERT INTO `ds_goodsimages` VALUES (1,119,1,'2023060615194450282.png',0,1),(2,119,1,'2023060615231011091.png',0,0),(3,119,1,'2023060615231295922.png',0,0),(4,119,1,'2023060615231596582.png',0,0),(5,119,2,'2023060615194450282.png',0,1),(6,119,2,'2023060615232495450.png',0,0),(7,119,2,'2023060615232683294.png',0,0),(8,119,2,'2023060615232876213.png',0,0),(9,119,4,'2023060615194450282.png',0,1),(10,119,4,'2023060615233032858.png',0,0),(11,119,4,'2023060615233365136.png',0,0),(12,119,4,'2023060615233524571.png',0,0),(13,120,2,'2023060615382779388.png',0,1),(14,120,2,'2023060615391345047.png',0,0),(15,120,2,'2023060615391598942.png',0,0),(16,120,2,'2023060615391758338.png',0,0),(17,120,4,'2023060615382779388.png',0,1),(18,120,4,'2023060615392180816.png',0,0),(19,120,4,'2023060615392314335.png',0,0),(20,120,4,'2023060615392581956.png',0,0),(21,120,9,'2023060615382779388.png',0,1),(22,120,9,'2023060615392837210.png',0,0),(23,120,9,'2023060615393079619.png',0,0),(24,120,9,'2023060615393341016.png',0,0),(25,121,2,'2023060615431574141.png',0,1),(26,121,2,'2023060615474241900.png',0,0),(27,121,2,'2023060615474441427.png',0,0),(28,121,2,'2023060615474687778.png',0,0),(29,121,4,'2023060615431574141.png',0,1),(30,121,4,'2023060615474983869.png',0,0),(31,121,4,'2023060615475155098.png',0,0),(32,121,4,'2023060615475345516.png',0,0),(33,121,16,'2023060615431574141.png',0,1),(34,121,16,'2023060615475567008.png',0,0),(35,121,16,'2023060615475720680.png',0,0),(36,122,9,'2023060615523247075.png',0,1),(37,122,9,'2023060615530720240.png',0,0),(38,122,9,'2023060615530941093.png',0,0),(39,122,9,'2023060615531150659.png',0,0),(40,122,17,'2023060615523247075.png',0,1),(41,122,17,'2023060615531478899.png',0,0),(42,122,17,'2023060615531624996.png',0,0),(43,122,17,'2023060615531890934.png',0,0),(44,122,18,'2023060615523247075.png',0,1),(45,122,18,'2023060615532128850.png',0,0),(46,122,18,'2023060615532318284.png',0,0),(47,122,18,'2023060615532580886.png',0,0),(48,123,1,'2023060615581113919.png',0,1),(49,123,1,'2023060615584493935.png',0,0),(50,123,1,'2023060615584615520.png',0,0),(51,123,1,'2023060615584898567.png',0,0),(52,123,9,'2023060615581113919.png',0,1),(53,123,9,'2023060615585055331.png',0,0),(54,123,9,'2023060615585286144.png',0,0),(55,123,9,'2023060615585439333.png',0,0),(56,123,18,'2023060615581113919.png',0,1),(57,123,18,'2023060615585765715.png',0,0),(58,123,18,'2023060615585916743.png',0,0),(59,123,18,'2023060615590114657.png',0,0),(60,124,1,'2023060616024995458.png',0,1),(61,124,1,'2023060616040877084.png',0,0),(62,124,1,'2023060616041092068.png',0,0),(63,124,1,'2023060616041225787.png',0,0),(64,124,2,'2023060616024995458.png',0,1),(65,124,2,'2023060616041969964.png',0,0),(66,124,2,'2023060616041723094.png',0,0),(67,124,2,'2023060616041416074.png',0,0),(68,124,4,'2023060616024995458.png',0,1),(69,124,4,'2023060616042116692.png',0,0),(70,124,4,'2023060616042348045.png',0,0),(71,124,4,'2023060616042584725.png',0,0),(72,124,16,'2023060616024995458.png',0,1),(73,124,16,'2023060616042746563.png',0,0),(74,124,16,'2023060616043070688.png',0,0),(75,124,16,'2023060616043226225.png',0,0),(80,126,28,'2023060621564155445.png',0,1),(81,126,28,'2023060622003347333.png',0,0),(82,126,28,'2023060622003683368.png',0,0),(83,126,28,'2023060622003846447.png',0,0),(84,126,37,'2023060621564155445.png',0,1),(85,126,37,'2023060622004049149.png',0,0),(86,126,37,'2023060622004358132.png',0,0),(87,126,37,'2023060622004533824.png',0,0),(88,127,38,'2023060622041473681.png',0,1),(89,127,38,'2023060622050470538.png',0,0),(90,127,38,'2023060622050749112.png',0,0),(91,127,38,'2023060622050974022.png',0,0),(92,127,39,'2023060622041473681.png',0,1),(93,127,39,'2023060622051130859.png',0,0),(94,127,39,'2023060622051349090.png',0,0),(95,127,39,'2023060622051611641.png',0,0),(96,128,28,'2023060622082521208.png',0,1),(97,128,28,'2023060622084876050.png',0,0),(98,128,28,'2023060622085077475.png',0,0),(99,128,37,'2023060622082521208.png',0,1),(100,128,37,'2023060622085329713.png',0,0),(101,128,37,'2023060622085513401.png',0,0),(102,128,40,'2023060622082521208.png',0,1),(103,128,40,'2023060622085744959.png',0,0),(104,128,40,'2023060622090157565.png',0,0),(113,129,29,'2023060622115126471.png',0,1),(114,129,29,'2023060622124983066.png',0,0),(115,129,29,'2023060622125159509.png',0,0),(116,129,37,'2023060622115126471.png',0,1),(117,129,37,'2023060622125360417.png',0,0),(118,129,37,'2023060622125625125.png',0,0),(119,130,44,'2023060622171448962.png',0,1),(120,130,44,'2023060622174546752.png',0,0),(121,130,44,'2023060622174715203.png',0,0),(122,130,45,'2023060622171448962.png',0,1),(123,130,45,'2023060622174920643.png',0,0),(124,130,45,'2023060622175234840.png',0,0),(125,131,50,'2023060622220085771.png',0,1),(126,131,50,'2023060622222692813.png',0,0),(127,131,50,'2023060622222953398.png',0,0),(128,131,51,'2023060622220085771.png',0,1),(129,131,51,'2023060622223268678.png',0,0),(130,131,51,'2023060622223488612.png',0,0),(131,131,52,'2023060622220085771.png',0,1),(132,131,52,'2023060622223775132.png',0,0),(133,131,52,'2023060622223993669.png',0,0),(134,132,52,'2023060622264441112.png',0,1),(135,132,52,'2023060622272134522.png',0,0),(136,132,52,'2023060622273785953.png',0,0),(137,132,59,'2023060622264441112.png',0,1),(138,132,59,'2023060622272636446.png',0,0),(139,132,60,'2023060622264441112.png',0,1),(140,132,60,'2023060622272881295.png',0,0),(141,133,50,'2023060622305676465.png',0,1),(142,133,50,'2023060622311947757.png',0,0),(143,133,61,'2023060622305676465.png',0,1),(144,133,61,'2023060622312130225.png',0,0),(145,133,62,'2023060622305676465.png',0,1),(146,133,62,'2023060622312343277.png',0,0),(147,134,64,'2023060622361028398.png',0,1),(148,134,64,'2023060622363241489.png',0,0),(149,134,64,'2023060622363948549.png',0,0),(150,134,64,'2023060622364233713.png',0,0),(151,134,65,'2023060622361028398.png',0,1),(152,134,65,'2023060622363549993.png',0,0),(153,134,66,'2023060622361028398.png',0,1),(154,134,66,'2023060622363718924.png',0,0),(155,135,70,'2023060622410679398.png',0,1),(156,135,70,'2023060622412671223.png',0,0),(157,135,70,'2023060622413068295.png',0,0),(158,135,71,'2023060622410679398.png',0,1),(159,135,71,'2023060622413210254.png',0,0),(160,135,72,'2023060622410679398.png',0,1),(161,135,72,'2023060622413475020.png',0,0),(162,136,70,'2023060622445963518.png',0,1),(163,136,70,'2023060622452395861.png',0,0),(164,136,70,'2023060622452578717.png',0,0),(165,136,70,'2023060622452779948.png',0,0),(166,136,71,'2023060622445963518.png',0,1),(167,136,71,'2023060622453090862.png',0,0),(168,136,78,'2023060622445963518.png',0,1),(169,136,78,'2023060622453250892.png',0,0),(170,137,70,'2023060622481473822.png',0,1),(171,137,70,'2023060622483568498.png',0,0),(172,137,70,'2023060622483714768.png',0,0),(173,137,70,'2023060622484025378.png',0,0),(174,137,71,'2023060622481473822.png',0,1),(175,137,71,'2023060622484211145.png',0,0),(176,137,71,'2023060622484446734.png',0,0),(177,137,78,'2023060622481473822.png',0,1),(178,137,78,'2023060622484736532.png',0,0),(179,138,71,'2023060622512233793.png',0,1),(180,138,71,'2023060622524449764.png',0,0),(181,138,71,'2023060622524687886.png',0,0),(182,138,71,'2023060622524993230.png',0,0),(183,138,72,'2023060622512233793.png',0,1),(184,138,72,'2023060622525151007.png',0,0),(185,138,72,'2023060622525382733.png',0,0),(186,139,81,'2023060622565212841.png',0,1),(187,139,81,'2023060622573156435.png',0,0),(188,139,81,'2023060622573390585.png',0,0),(189,139,82,'2023060622565212841.png',0,1),(190,139,82,'2023060622573575277.png',0,0),(191,139,82,'2023060622573820654.png',0,0),(192,140,82,'2023060623004440268.png',0,1),(193,140,82,'2023060623010479794.png',0,0),(194,140,82,'2023060623010780646.png',0,0),(195,140,82,'2023060623010883637.png',0,0),(196,141,82,'2023060623040869798.png',0,1),(197,141,82,'2023060623043069870.png',0,0),(198,141,82,'2023060623043274590.png',0,0),(199,141,82,'2023060623043475956.png',0,0),(200,142,82,'2023060623072531144.png',0,1),(201,142,82,'2023060623074571558.png',0,0),(202,142,82,'2023060623074850543.png',0,0),(203,142,82,'2023060623075097398.png',0,0),(204,143,97,'2023060623145921844.png',0,1),(205,143,97,'2023060623151951872.png',0,0),(206,143,97,'2023060623152157104.png',0,0),(207,143,98,'2023060623145921844.png',0,1),(208,143,98,'2023060623152429664.png',0,0),(209,143,98,'2023060623152633257.png',0,0),(210,144,99,'2023060623190228449.png',0,1),(211,144,99,'2023060623193198068.png',0,0),(212,144,99,'2023060623193335678.png',0,0),(213,144,99,'2023060623193549852.png',0,0),(214,145,103,'2023060623215972533.png',0,1),(215,145,103,'2023060623222384964.png',0,0),(216,145,103,'2023060623222547983.png',0,0),(217,145,103,'2023060623222861322.png',0,0),(218,146,107,'2023060623254485753.png',0,1),(219,146,107,'2023060623261024452.png',0,0),(220,146,107,'2023060623261619363.png',0,0),(221,146,108,'2023060623254485753.png',0,1),(222,146,108,'2023060623261234854.png',0,0),(223,146,108,'2023060623261425493.png',0,0),(224,147,0,'2023060710003642811.png',0,1),(225,147,0,'2023060710024521648.png',0,0),(226,147,0,'2023060710024873463.png',0,0),(227,148,0,'2023060710075790018.png',0,1),(228,148,0,'2023060710101379729.png',0,0),(229,148,0,'2023060710101511336.png',0,0),(230,148,0,'2023060710101769116.png',0,0),(231,149,0,'2023060710132985229.png',0,1),(232,149,0,'2023060710135270451.png',0,0),(233,149,0,'2023060710135412204.png',0,0),(234,149,0,'2023060710135625999.png',0,0),(235,150,0,'2023060710162443344.png',0,1),(236,150,0,'2023060710164319945.png',0,0),(237,150,0,'2023060710164599011.png',0,0),(238,150,0,'2023060710164722046.png',0,0),(239,151,0,'2023060710194542442.png',0,1),(240,151,0,'2023060710200465064.png',0,0),(241,151,0,'2023060710200652234.png',0,0),(242,151,0,'2023060710200883177.png',0,0),(243,152,0,'2023060710225910256.png',0,1),(244,152,0,'2023060710231572155.png',0,0),(245,152,0,'2023060710231765412.png',0,0),(246,152,0,'2023060710231980454.png',0,0),(247,153,0,'2023060710350154843.png',0,1),(248,153,0,'2023060710351898271.png',0,0),(249,153,0,'2023060710351920475.png',0,0),(250,153,0,'2023060710352158075.png',0,0),(251,154,0,'2023060710385795033.png',0,1),(252,154,0,'2023060710391431135.png',0,0),(253,154,0,'2023060710391692283.png',0,0),(254,154,0,'2023060710391763643.png',0,0),(255,155,0,'2023060710471463436.png',0,1),(256,155,0,'2023060710473633728.png',0,0),(257,155,0,'2023060710473850075.png',0,0),(258,155,0,'2023060710473980854.png',0,0),(259,156,0,'2023060710493241439.png',0,1),(260,156,0,'2023060710501586558.png',0,0),(261,156,0,'2023060710501726301.png',0,0),(262,156,0,'2023060710501933480.png',0,0);
/*!40000 ALTER TABLE `ds_goodsimages` ENABLE KEYS */;
UNLOCK TABLES;

--
-- Table structure for table `ds_groupbuy`
--

DROP TABLE IF EXISTS `ds_groupbuy`;
/*!40101 SET @saved_cs_client     = @@character_set_client */;
/*!40101 SET character_set_client = utf8 */;
CREATE TABLE `ds_groupbuy` (
  `groupbuy_id` int(10) unsigned NOT NULL AUTO_INCREMENT COMMENT '抢购自增ID',
  `groupbuy_name` varchar(255) NOT NULL COMMENT '抢购活动名称',
  `groupbuy_starttime` int(10) unsigned NOT NULL DEFAULT '0' COMMENT '抢购开始时间',
  `groupbuy_endtime` int(10) unsigned NOT NULL DEFAULT '0' COMMENT '抢购结束时间',
  `goods_id` int(10) unsigned NOT NULL DEFAULT '0' COMMENT '商品ID',
  `goods_commonid` int(10) unsigned NOT NULL COMMENT '商品公共表ID',
  `goods_name` varchar(200) NOT NULL COMMENT '商品名称',
  `goods_price` decimal(10,2) NOT NULL COMMENT '商品原价',
  `groupbuy_price` decimal(10,2) NOT NULL COMMENT '抢购价格',
  `groupbuy_rebate` decimal(10,2) NOT NULL COMMENT '折扣',
  `virtual_quantity` int(10) unsigned NOT NULL COMMENT '虚拟购买数量',
  `groupbuy_upper_limit` int(10) unsigned NOT NULL DEFAULT '0' COMMENT '购买上限',
  `groupbuy_buyer_count` int(10) unsigned NOT NULL DEFAULT '0' COMMENT '已购买人数',
  `groupbuy_buy_quantity` int(10) unsigned NOT NULL DEFAULT '0' COMMENT '购买数量',
  `groupbuy_intro` text COMMENT '本团介绍',
  `groupbuy_state` tinyint(1) unsigned NOT NULL DEFAULT '20' COMMENT '抢购状态 20-正常 31-关闭 32-已结束',
  `groupbuy_recommended` tinyint(1) unsigned NOT NULL COMMENT '是否推荐 0.未推荐 1.已推荐',
  `groupbuy_views` int(10) unsigned NOT NULL DEFAULT '0' COMMENT '查看次数',
  `gclass_id` int(10) unsigned NOT NULL COMMENT '抢购类别编号',
  `s_gclass_id` int(10) unsigned NOT NULL DEFAULT '0' COMMENT '抢购2级分类id',
  `groupbuy_image` varchar(100) NOT NULL COMMENT '抢购图片',
  `groupbuy_image1` varchar(100) DEFAULT NULL COMMENT '抢购图片1',
  `groupbuy_remark` varchar(255) NOT NULL COMMENT '备注',
  `groupbuy_is_vr` tinyint(3) unsigned NOT NULL DEFAULT '0' COMMENT '是否虚拟抢购 1是0否',
  `vr_class_id` int(11) DEFAULT NULL COMMENT '虚拟抢购大分类id',
  `vr_s_class_id` int(11) DEFAULT NULL COMMENT '虚拟抢购小分类id',
  PRIMARY KEY (`groupbuy_id`),
  KEY `goods_id` (`goods_id`),
  KEY `gclass_id` (`gclass_id`),
  KEY `s_gclass_id` (`s_gclass_id`),
  KEY `vr_class_id` (`vr_class_id`),
  KEY `vr_s_class_id` (`vr_s_class_id`)
) ENGINE=InnoDB DEFAULT CHARSET=utf8 COMMENT='抢购商品表';
/*!40101 SET character_set_client = @saved_cs_client */;

--
-- Dumping data for table `ds_groupbuy`
--

LOCK TABLES `ds_groupbuy` WRITE;
/*!40000 ALTER TABLE `ds_groupbuy` DISABLE KEYS */;
/*!40000 ALTER TABLE `ds_groupbuy` ENABLE KEYS */;
UNLOCK TABLES;

--
-- Table structure for table `ds_groupbuyclass`
--

DROP TABLE IF EXISTS `ds_groupbuyclass`;
/*!40101 SET @saved_cs_client     = @@character_set_client */;
/*!40101 SET character_set_client = utf8 */;
CREATE TABLE `ds_groupbuyclass` (
  `gclass_id` int(10) unsigned NOT NULL AUTO_INCREMENT COMMENT '抢购类别自增ID',
  `gclass_name` varchar(20) NOT NULL COMMENT '抢购类别名称',
  `gclass_parent_id` int(10) unsigned NOT NULL COMMENT '抢购上级类别ID',
  `gclass_sort` tinyint(3) unsigned NOT NULL DEFAULT '255' COMMENT '抢购类别排序',
  `gclass_deep` tinyint(1) unsigned DEFAULT NULL COMMENT '抢购类别深度',
  PRIMARY KEY (`gclass_id`),
  KEY `gclass_parent_id` (`gclass_parent_id`)
) ENGINE=InnoDB DEFAULT CHARSET=utf8 COMMENT='抢购类别表';
/*!40101 SET character_set_client = @saved_cs_client */;

--
-- Dumping data for table `ds_groupbuyclass`
--

LOCK TABLES `ds_groupbuyclass` WRITE;
/*!40000 ALTER TABLE `ds_groupbuyclass` DISABLE KEYS */;
/*!40000 ALTER TABLE `ds_groupbuyclass` ENABLE KEYS */;
UNLOCK TABLES;

--
-- Table structure for table `ds_groupbuypricerange`
--

DROP TABLE IF EXISTS `ds_groupbuypricerange`;
/*!40101 SET @saved_cs_client     = @@character_set_client */;
/*!40101 SET character_set_client = utf8 */;
CREATE TABLE `ds_groupbuypricerange` (
  `gprange_id` int(10) unsigned NOT NULL AUTO_INCREMENT COMMENT '抢购价格区间ID',
  `gprange_name` varchar(20) NOT NULL COMMENT '抢购价格区间名称',
  `gprange_start` int(10) unsigned NOT NULL COMMENT '抢购价格区间下限',
  `gprange_end` int(10) unsigned NOT NULL COMMENT '抢购价格区间上限',
  PRIMARY KEY (`gprange_id`)
) ENGINE=InnoDB DEFAULT CHARSET=utf8 COMMENT='抢购价格区间表';
/*!40101 SET character_set_client = @saved_cs_client */;

--
-- Dumping data for table `ds_groupbuypricerange`
--

LOCK TABLES `ds_groupbuypricerange` WRITE;
/*!40000 ALTER TABLE `ds_groupbuypricerange` DISABLE KEYS */;
/*!40000 ALTER TABLE `ds_groupbuypricerange` ENABLE KEYS */;
UNLOCK TABLES;

--
-- Table structure for table `ds_inform`
--

DROP TABLE IF EXISTS `ds_inform`;
/*!40101 SET @saved_cs_client     = @@character_set_client */;
/*!40101 SET character_set_client = utf8 */;
CREATE TABLE `ds_inform` (
  `inform_id` int(11) NOT NULL AUTO_INCREMENT COMMENT '举报自增ID',
  `inform_member_id` int(11) NOT NULL COMMENT '举报人ID',
  `inform_member_name` varchar(50) NOT NULL COMMENT '举报人会员名',
  `inform_goods_id` int(11) NOT NULL COMMENT '被举报的商品ID',
  `inform_goods_name` varchar(200) NOT NULL COMMENT '被举报的商品名称',
  `informsubject_id` int(11) NOT NULL COMMENT '举报主题ID',
  `informsubject_content` varchar(50) NOT NULL COMMENT '举报主题',
  `inform_content` varchar(100) NOT NULL COMMENT '举报信息',
  `inform_pic1` varchar(100) NOT NULL COMMENT '图片1',
  `inform_pic2` varchar(100) NOT NULL COMMENT '图片2',
  `inform_pic3` varchar(100) NOT NULL COMMENT '图片3',
  `inform_datetime` int(11) NOT NULL COMMENT '举报时间',
  `inform_state` tinyint(4) NOT NULL COMMENT '举报状态(1未处理/2已处理)',
  `inform_handle_type` tinyint(4) DEFAULT NULL COMMENT '举报处理结果(1无效举报/2恶意举报/3有效举报)',
  `inform_handle_message` varchar(100) NOT NULL COMMENT '举报处理信息',
  `inform_handle_datetime` int(11) NOT NULL DEFAULT '0' COMMENT '举报处理时间',
  `inform_handle_member_id` int(11) NOT NULL DEFAULT '0' COMMENT '管理员ID',
  `inform_goods_image` varchar(150) DEFAULT NULL COMMENT '商品图',
  PRIMARY KEY (`inform_id`),
  KEY `inform_member_id` (`inform_member_id`)
) ENGINE=InnoDB DEFAULT CHARSET=utf8 COMMENT='举报表';
/*!40101 SET character_set_client = @saved_cs_client */;

--
-- Dumping data for table `ds_inform`
--

LOCK TABLES `ds_inform` WRITE;
/*!40000 ALTER TABLE `ds_inform` DISABLE KEYS */;
/*!40000 ALTER TABLE `ds_inform` ENABLE KEYS */;
UNLOCK TABLES;

--
-- Table structure for table `ds_informsubject`
--

DROP TABLE IF EXISTS `ds_informsubject`;
/*!40101 SET @saved_cs_client     = @@character_set_client */;
/*!40101 SET character_set_client = utf8 */;
CREATE TABLE `ds_informsubject` (
  `informsubject_id` int(11) NOT NULL AUTO_INCREMENT COMMENT '举报主题自增ID',
  `informsubject_content` varchar(100) NOT NULL COMMENT '举报主题内容',
  `informsubject_type_id` int(11) NOT NULL COMMENT '举报类型ID',
  `informsubject_type_name` varchar(50) NOT NULL COMMENT '举报类型名称 ',
  `informsubject_state` tinyint(3) NOT NULL COMMENT '举报主题状态 1:可用 2:失效',
  PRIMARY KEY (`informsubject_id`),
  KEY `informsubject_type_id` (`informsubject_type_id`)
) ENGINE=InnoDB AUTO_INCREMENT=6 DEFAULT CHARSET=utf8 COMMENT='举报主题表';
/*!40101 SET character_set_client = @saved_cs_client */;

--
-- Dumping data for table `ds_informsubject`
--

LOCK TABLES `ds_informsubject` WRITE;
/*!40000 ALTER TABLE `ds_informsubject` DISABLE KEYS */;
INSERT INTO `ds_informsubject` VALUES (1,'管制刀具、弓弩类、其他武器等',1,'出售禁售品',1),(2,'赌博用具类',1,'出售禁售品',1),(3,'枪支弹药',1,'出售禁售品',1),(4,'毒品及吸毒工具',1,'出售禁售品',1),(5,'色差大，质量差。',2,'产品质量问题',1);
/*!40000 ALTER TABLE `ds_informsubject` ENABLE KEYS */;
UNLOCK TABLES;

--
-- Table structure for table `ds_informsubjecttype`
--

DROP TABLE IF EXISTS `ds_informsubjecttype`;
/*!40101 SET @saved_cs_client     = @@character_set_client */;
/*!40101 SET character_set_client = utf8 */;
CREATE TABLE `ds_informsubjecttype` (
  `informtype_id` int(11) NOT NULL AUTO_INCREMENT COMMENT '举报类型自增ID',
  `informtype_name` varchar(50) NOT NULL COMMENT '举报类型名称 ',
  `informtype_desc` varchar(100) NOT NULL COMMENT '举报类型描述',
  `informtype_state` tinyint(4) NOT NULL COMMENT '举报类型状态 1:有效 2:失效',
  PRIMARY KEY (`informtype_id`)
) ENGINE=InnoDB AUTO_INCREMENT=3 DEFAULT CHARSET=utf8 COMMENT='举报类型表';
/*!40101 SET character_set_client = @saved_cs_client */;

--
-- Dumping data for table `ds_informsubjecttype`
--

LOCK TABLES `ds_informsubjecttype` WRITE;
/*!40000 ALTER TABLE `ds_informsubjecttype` DISABLE KEYS */;
INSERT INTO `ds_informsubjecttype` VALUES (1,'出售禁售品','销售商城禁止和限制交易规则下所规定的所有商品。',1),(2,'产品质量问题','产品质量差，与描述严重不相符。',1);
/*!40000 ALTER TABLE `ds_informsubjecttype` ENABLE KEYS */;
UNLOCK TABLES;

--
-- Table structure for table `ds_inviter`
--

DROP TABLE IF EXISTS `ds_inviter`;
/*!40101 SET @saved_cs_client     = @@character_set_client */;
/*!40101 SET character_set_client = utf8 */;
CREATE TABLE `ds_inviter` (
  `inviter_id` int(10) unsigned NOT NULL COMMENT '推广员id即会员id',
  `inviter_state` tinyint(1) unsigned NOT NULL DEFAULT '0' COMMENT '推广员状态（0审核中1已审核2已清退）',
  `inviter_total_amount` decimal(10,2) unsigned NOT NULL DEFAULT '0.00' COMMENT '总共结算的佣金 ',
  `inviter_1_quantity` int(10) unsigned NOT NULL DEFAULT '0' COMMENT '1级成员数量',
  `inviter_2_quantity` int(10) unsigned NOT NULL DEFAULT '0' COMMENT '2级成员数量',
  `inviter_3_quantity` int(10) unsigned NOT NULL DEFAULT '0' COMMENT '3级成员数量',
  `inviter_applytime` int(10) unsigned NOT NULL COMMENT '申请时间',
  `inviter_goods_quantity` int(10) unsigned NOT NULL DEFAULT '0' COMMENT '总共分销的商品件数',
  `inviter_goods_amount` decimal(10,0) unsigned NOT NULL DEFAULT '0' COMMENT '总共分销的商品金额',
  PRIMARY KEY (`inviter_id`)
) ENGINE=InnoDB DEFAULT CHARSET=utf8 COMMENT='推广员表';
/*!40101 SET character_set_client = @saved_cs_client */;

--
-- Dumping data for table `ds_inviter`
--

LOCK TABLES `ds_inviter` WRITE;
/*!40000 ALTER TABLE `ds_inviter` DISABLE KEYS */;
/*!40000 ALTER TABLE `ds_inviter` ENABLE KEYS */;
UNLOCK TABLES;

--
-- Table structure for table `ds_inviterclass`
--

DROP TABLE IF EXISTS `ds_inviterclass`;
/*!40101 SET @saved_cs_client     = @@character_set_client */;
/*!40101 SET character_set_client = utf8 */;
CREATE TABLE `ds_inviterclass` (
  `inviterclass_id` int(10) unsigned NOT NULL AUTO_INCREMENT COMMENT '推广员等级id',
  `inviterclass_name` varchar(60) NOT NULL COMMENT '等级名',
  `inviterclass_amount` decimal(10,2) NOT NULL COMMENT '等级门槛',
  PRIMARY KEY (`inviterclass_id`)
) ENGINE=MyISAM DEFAULT CHARSET=utf8 COMMENT='推广等级表';
/*!40101 SET character_set_client = @saved_cs_client */;

--
-- Dumping data for table `ds_inviterclass`
--

LOCK TABLES `ds_inviterclass` WRITE;
/*!40000 ALTER TABLE `ds_inviterclass` DISABLE KEYS */;
/*!40000 ALTER TABLE `ds_inviterclass` ENABLE KEYS */;
UNLOCK TABLES;

--
-- Table structure for table `ds_invoice`
--

DROP TABLE IF EXISTS `ds_invoice`;
/*!40101 SET @saved_cs_client     = @@character_set_client */;
/*!40101 SET character_set_client = utf8 */;
CREATE TABLE `ds_invoice` (
  `invoice_id` int(11) NOT NULL AUTO_INCREMENT COMMENT '发票信息ID',
  `member_id` int(10) unsigned NOT NULL COMMENT '会员ID',
  `invoice_state` enum('1','2') DEFAULT NULL COMMENT '发票类型 1:普通发票 2:增值税发票',
  `invoice_title` varchar(50) DEFAULT '' COMMENT '发票抬头[普通发票]',
  `invoice_code` varchar(50) DEFAULT '' COMMENT '纳税人识别号[普通发票]',
  `invoice_content` varchar(10) DEFAULT '' COMMENT '发票内容[普通发票]',
  `invoice_company` varchar(50) DEFAULT '' COMMENT '单位名称',
  `invoice_company_code` varchar(50) DEFAULT '' COMMENT '纳税人识别号',
  `invoice_reg_addr` varchar(50) DEFAULT '' COMMENT '注册地址',
  `invoice_reg_phone` varchar(30) DEFAULT '' COMMENT '注册电话',
  `invoice_reg_bname` varchar(30) DEFAULT '' COMMENT '开户银行',
  `invoice_reg_baccount` varchar(30) DEFAULT '' COMMENT '银行帐户',
  `invoice_rec_name` varchar(20) DEFAULT '' COMMENT '收票人姓名',
  `invoice_rec_mobphone` varchar(15) DEFAULT '' COMMENT '收票人手机号',
  `invoice_rec_province` varchar(30) DEFAULT '' COMMENT '收票人省份',
  `invoice_goto_addr` varchar(50) DEFAULT '' COMMENT '送票地址',
  PRIMARY KEY (`invoice_id`),
  KEY `member_id` (`member_id`)
) ENGINE=InnoDB DEFAULT CHARSET=utf8 COMMENT='买家发票信息表';
/*!40101 SET character_set_client = @saved_cs_client */;

--
-- Dumping data for table `ds_invoice`
--

LOCK TABLES `ds_invoice` WRITE;
/*!40000 ALTER TABLE `ds_invoice` DISABLE KEYS */;
/*!40000 ALTER TABLE `ds_invoice` ENABLE KEYS */;
UNLOCK TABLES;

--
-- Table structure for table `ds_link`
--

DROP TABLE IF EXISTS `ds_link`;
/*!40101 SET @saved_cs_client     = @@character_set_client */;
/*!40101 SET character_set_client = utf8 */;
CREATE TABLE `ds_link` (
  `link_id` int(10) unsigned NOT NULL AUTO_INCREMENT COMMENT '友情链接自增ID',
  `link_title` varchar(100) DEFAULT NULL COMMENT '友情链接标题',
  `link_url` varchar(100) DEFAULT NULL COMMENT '友情链接地址',
  `link_pic` varchar(100) DEFAULT NULL COMMENT '友情链接图片',
  `link_sort` tinyint(3) unsigned NOT NULL DEFAULT '255' COMMENT '友情链接排序',
  PRIMARY KEY (`link_id`)
) ENGINE=InnoDB DEFAULT CHARSET=utf8 COMMENT='友情链接';
/*!40101 SET character_set_client = @saved_cs_client */;

--
-- Dumping data for table `ds_link`
--

LOCK TABLES `ds_link` WRITE;
/*!40000 ALTER TABLE `ds_link` DISABLE KEYS */;
/*!40000 ALTER TABLE `ds_link` ENABLE KEYS */;
UNLOCK TABLES;

--
-- Table structure for table `ds_mailcron`
--

DROP TABLE IF EXISTS `ds_mailcron`;
/*!40101 SET @saved_cs_client     = @@character_set_client */;
/*!40101 SET character_set_client = utf8 */;
CREATE TABLE `ds_mailcron` (
  `mailcron_id` int(11) NOT NULL AUTO_INCREMENT COMMENT '消息任务计划自增ID',
  `mailcron_address` varchar(100) NOT NULL COMMENT '邮箱地址',
  `mailcron_subject` varchar(255) NOT NULL COMMENT '邮件标题',
  `mailcron_contnet` text NOT NULL COMMENT '邮件内容',
  PRIMARY KEY (`mailcron_id`)
) ENGINE=InnoDB DEFAULT CHARSET=utf8 COMMENT='邮件任务计划表';
/*!40101 SET character_set_client = @saved_cs_client */;

--
-- Dumping data for table `ds_mailcron`
--

LOCK TABLES `ds_mailcron` WRITE;
/*!40000 ALTER TABLE `ds_mailcron` DISABLE KEYS */;
/*!40000 ALTER TABLE `ds_mailcron` ENABLE KEYS */;
UNLOCK TABLES;

--
-- Table structure for table `ds_mailmsgtemlates`
--

DROP TABLE IF EXISTS `ds_mailmsgtemlates`;
/*!40101 SET @saved_cs_client     = @@character_set_client */;
/*!40101 SET character_set_client = utf8 */;
CREATE TABLE `ds_mailmsgtemlates` (
  `mailmt_name` varchar(100) NOT NULL COMMENT '模板名称',
  `mailmt_title` varchar(100) DEFAULT NULL COMMENT '模板标题',
  `mailmt_code` varchar(30) NOT NULL COMMENT '模板调用代码',
  `mailmt_content` text NOT NULL COMMENT '模板内容',
  `ali_template_code` varchar(255) DEFAULT NULL COMMENT '阿里云短信模板ID',
  `ten_template_code` varchar(255) DEFAULT NULL COMMENT '腾讯云短信模板ID',
  PRIMARY KEY (`mailmt_code`)
) ENGINE=InnoDB DEFAULT CHARSET=utf8 COMMENT='邮件模板表';
/*!40101 SET character_set_client = @saved_cs_client */;

--
-- Dumping data for table `ds_mailmsgtemlates`
--

LOCK TABLES `ds_mailmsgtemlates` WRITE;
/*!40000 ALTER TABLE `ds_mailmsgtemlates` DISABLE KEYS */;
INSERT INTO `ds_mailmsgtemlates` VALUES ('<strong>[用户]</strong>身份验证通知','账户安全认证 - ${site_name}','authenticate','您正在提交账户安全验证，验证码是：${code}。',NULL,NULL),('<strong>[用户]</strong>邮箱验证通知','邮箱验证通知 - ${site_name}','bind_email','<p>您好！</p>\r\n<p>请在24小时内点击以下链接完成邮箱验证</p>\r\n<p><a href=\"${verify_url}\" target=\"_blank\">马上验证</a></p>\r\n<p>如果您不能点击上面链接，还可以将以下链接复制到浏览器地址栏中访问</p>\r\n<p>${verify_url}</p>',NULL,NULL),('<strong>[用户]</strong>账号登录通知','账号登录通知 - ${site_name}','login','您正在申请登录，动态码：${code}。',NULL,NULL),('<strong>[用户]</strong>手机验证通知','手机验证通知 - ${site_name}','modify_mobile','您正在申请绑定手机号，验证码是：${code}。',NULL,NULL),('<strong>[用户]</strong>账号注册通知','账号注册通知 - ${site_name}','register','您正在申请注册会员，动态码：${code}。',NULL,NULL),('<strong>[用户]</strong>重置密码通知','重置密码通知 - ${site_name}','reset_password','您正在申请重置登录密码，动态码：${code}。',NULL,NULL),('<strong>[用户]</strong>自提通知','用户自提通知 - ${site_name}','send_pickup_code','您的订单已到达自提点，请上门取货！提货时请提供手机号/订单号/运单号及提货码：${pickup_code}。',NULL,NULL),('<strong>[用户]</strong>虚拟兑换码通知','虚拟兑换码通知 - ${site_name}','send_vr_code','您的虚拟兑换码是：${vr_code}。',NULL,NULL);
/*!40000 ALTER TABLE `ds_mailmsgtemlates` ENABLE KEYS */;
UNLOCK TABLES;

--
-- Table structure for table `ds_mallconsult`
--

DROP TABLE IF EXISTS `ds_mallconsult`;
/*!40101 SET @saved_cs_client     = @@character_set_client */;
/*!40101 SET character_set_client = utf8 */;
CREATE TABLE `ds_mallconsult` (
  `mallconsult_id` int(10) unsigned NOT NULL AUTO_INCREMENT COMMENT '平台客服咨询自增ID',
  `mallconsulttype_id` int(10) unsigned NOT NULL COMMENT '咨询类型ID',
  `member_id` int(10) unsigned NOT NULL COMMENT '会员ID',
  `member_name` varchar(50) NOT NULL COMMENT '会员名称',
  `mallconsult_content` varchar(500) NOT NULL COMMENT '咨询内容',
  `mallconsult_addtime` int(10) unsigned NOT NULL COMMENT '咨询时间',
  `mallconsult_isreply` tinyint(3) unsigned NOT NULL DEFAULT '0' COMMENT '是否回复 1:是 0:否',
  `mallconsult_reply_content` varchar(500) NOT NULL DEFAULT '' COMMENT '平台回复内容',
  `mallconsult_replytime` int(10) unsigned NOT NULL DEFAULT '0' COMMENT '平台回复时间',
  `admin_id` int(10) unsigned NOT NULL DEFAULT '0' COMMENT '管理员id',
  `admin_name` varchar(50) NOT NULL DEFAULT '' COMMENT '管理员名称',
  PRIMARY KEY (`mallconsult_id`),
  KEY `member_id` (`member_id`)
) ENGINE=InnoDB DEFAULT CHARSET=utf8 COMMENT='平台客服咨询表';
/*!40101 SET character_set_client = @saved_cs_client */;

--
-- Dumping data for table `ds_mallconsult`
--

LOCK TABLES `ds_mallconsult` WRITE;
/*!40000 ALTER TABLE `ds_mallconsult` DISABLE KEYS */;
/*!40000 ALTER TABLE `ds_mallconsult` ENABLE KEYS */;
UNLOCK TABLES;

--
-- Table structure for table `ds_mallconsulttype`
--

DROP TABLE IF EXISTS `ds_mallconsulttype`;
/*!40101 SET @saved_cs_client     = @@character_set_client */;
/*!40101 SET character_set_client = utf8 */;
CREATE TABLE `ds_mallconsulttype` (
  `mallconsulttype_id` int(10) unsigned NOT NULL AUTO_INCREMENT COMMENT '平台客服咨询类型ID',
  `mallconsulttype_name` varchar(50) NOT NULL COMMENT '咨询类型名称',
  `mallconsulttype_introduce` text NOT NULL COMMENT '平台客服咨询类型备注',
  `mallconsulttype_sort` tinyint(3) unsigned NOT NULL DEFAULT '255' COMMENT '咨询类型排序',
  PRIMARY KEY (`mallconsulttype_id`)
) ENGINE=InnoDB AUTO_INCREMENT=3 DEFAULT CHARSET=utf8 COMMENT='平台客服咨询类型表';
/*!40101 SET character_set_client = @saved_cs_client */;

--
-- Dumping data for table `ds_mallconsulttype`
--

LOCK TABLES `ds_mallconsulttype` WRITE;
/*!40000 ALTER TABLE `ds_mallconsulttype` DISABLE KEYS */;
INSERT INTO `ds_mallconsulttype` VALUES (1,'商品咨询','&lt;p&gt;\r\n	请写明商品链接，或平台货号。\r\n&lt;/p&gt;\r\n&lt;p&gt;\r\n	如果您对商品规格、介绍等有疑问，可以在商品详情页“购买咨询”处发起咨询，会得到及时专业的回复。\r\n&lt;/p&gt;',255),(2,'订单咨询','&lt;p&gt;\r\n	请写明要咨询的订单编号。\r\n&lt;/p&gt;\r\n&lt;p&gt;\r\n	如需处理交易中产生的纠纷，请选择投诉。\r\n&lt;/p&gt;',255);
/*!40000 ALTER TABLE `ds_mallconsulttype` ENABLE KEYS */;
UNLOCK TABLES;

--
-- Table structure for table `ds_marketmanage`
--

DROP TABLE IF EXISTS `ds_marketmanage`;
/*!40101 SET @saved_cs_client     = @@character_set_client */;
/*!40101 SET character_set_client = utf8 */;
CREATE TABLE `ds_marketmanage` (
  `marketmanage_id` int(11) NOT NULL AUTO_INCREMENT,
  `marketmanage_name` varchar(100) NOT NULL DEFAULT '' COMMENT '营销活动活动名称',
  `marketmanage_detail` varchar(255) NOT NULL DEFAULT '' COMMENT '营销活动详情',
  `marketmanage_begintime` int(11) NOT NULL DEFAULT '0' COMMENT '开始时间',
  `marketmanage_endtime` int(11) NOT NULL DEFAULT '0' COMMENT '结束时间',
  `marketmanage_jointype` tinyint(2) NOT NULL DEFAULT '0' COMMENT '参与类型 0共几次 1每天几次 2无限制',
  `marketmanage_joincount` int(11) NOT NULL DEFAULT '0' COMMENT '参与次数限制',
  `marketmanage_totalcount` int(11) NOT NULL DEFAULT '0' COMMENT '总参与次数',
  `marketmanage_totalwin` int(11) NOT NULL DEFAULT '0' COMMENT '总中奖次数',
  `marketmanage_point` int(11) NOT NULL DEFAULT '0' COMMENT '0不消耗积分 大于0消耗积分',
  `marketmanage_addtime` int(11) NOT NULL DEFAULT '0' COMMENT '添加时间',
  `marketmanage_failed` varchar(255) NOT NULL DEFAULT '' COMMENT '未中奖说明',
  `marketmanage_type` tinyint(3) NOT NULL DEFAULT '0' COMMENT '营销活动类型 1刮刮卡2大转盘3砸金蛋4生肖翻翻看',
  PRIMARY KEY (`marketmanage_id`)
) ENGINE=InnoDB DEFAULT CHARSET=utf8 COMMENT='营销活动活动 刮刮卡大转盘砸金蛋生肖翻翻看';
/*!40101 SET character_set_client = @saved_cs_client */;

--
-- Dumping data for table `ds_marketmanage`
--

LOCK TABLES `ds_marketmanage` WRITE;
/*!40000 ALTER TABLE `ds_marketmanage` DISABLE KEYS */;
/*!40000 ALTER TABLE `ds_marketmanage` ENABLE KEYS */;
UNLOCK TABLES;

--
-- Table structure for table `ds_marketmanageaward`
--

DROP TABLE IF EXISTS `ds_marketmanageaward`;
/*!40101 SET @saved_cs_client     = @@character_set_client */;
/*!40101 SET character_set_client = utf8 */;
CREATE TABLE `ds_marketmanageaward` (
  `marketmanageaward_id` int(11) NOT NULL AUTO_INCREMENT,
  `marketmanage_id` int(11) NOT NULL DEFAULT '0' COMMENT '营销活动ID',
  `marketmanageaward_level` tinyint(3) NOT NULL COMMENT '奖品等级',
  `marketmanageaward_type` tinyint(3) NOT NULL DEFAULT '0' COMMENT '奖品类型 1积分 2红包 3优惠券',
  `marketmanageaward_count` int(11) NOT NULL DEFAULT '0' COMMENT '奖品数量',
  `marketmanageaward_send` int(11) NOT NULL DEFAULT '0' COMMENT '中奖数量',
  `marketmanageaward_probability` int(3) NOT NULL DEFAULT '0' COMMENT '奖品概率',
  `marketmanageaward_point` int(11) NOT NULL DEFAULT '0' COMMENT '奖品积分',
  `bonus_id` int(11) NOT NULL DEFAULT '0' COMMENT '红包ID',
  `vouchertemplate_id` int(11) NOT NULL DEFAULT '0' COMMENT '优惠券ID',
  PRIMARY KEY (`marketmanageaward_id`)
) ENGINE=InnoDB DEFAULT CHARSET=utf8 COMMENT='营销活动活动奖品记录';
/*!40101 SET character_set_client = @saved_cs_client */;

--
-- Dumping data for table `ds_marketmanageaward`
--

LOCK TABLES `ds_marketmanageaward` WRITE;
/*!40000 ALTER TABLE `ds_marketmanageaward` DISABLE KEYS */;
/*!40000 ALTER TABLE `ds_marketmanageaward` ENABLE KEYS */;
UNLOCK TABLES;

--
-- Table structure for table `ds_marketmanagelog`
--

DROP TABLE IF EXISTS `ds_marketmanagelog`;
/*!40101 SET @saved_cs_client     = @@character_set_client */;
/*!40101 SET character_set_client = utf8 */;
CREATE TABLE `ds_marketmanagelog` (
  `marketmanagelog_id` int(11) NOT NULL AUTO_INCREMENT COMMENT '主键ID',
  `member_id` int(11) NOT NULL DEFAULT '0' COMMENT '用户ID',
  `member_name` varchar(50) NOT NULL COMMENT '会员名',
  `marketmanage_id` int(11) NOT NULL DEFAULT '0' COMMENT '营销活动活动ID',
  `marketmanageaward_id` int(11) NOT NULL DEFAULT '0' COMMENT '中奖的奖品ID',
  `marketmanagelog_win` tinyint(2) NOT NULL DEFAULT '0' COMMENT '是否中奖 0未中奖 1中奖',
  `marketmanagelog_time` int(11) NOT NULL DEFAULT '0' COMMENT '参与时间',
  `marketmanagelog_remark` varchar(255) NOT NULL DEFAULT '' COMMENT '备注领取信息',
  PRIMARY KEY (`marketmanagelog_id`),
  KEY `member_id` (`member_id`)
) ENGINE=InnoDB DEFAULT CHARSET=utf8 COMMENT='营销活动活动领取记录';
/*!40101 SET character_set_client = @saved_cs_client */;

--
-- Dumping data for table `ds_marketmanagelog`
--

LOCK TABLES `ds_marketmanagelog` WRITE;
/*!40000 ALTER TABLE `ds_marketmanagelog` DISABLE KEYS */;
/*!40000 ALTER TABLE `ds_marketmanagelog` ENABLE KEYS */;
UNLOCK TABLES;

--
-- Table structure for table `ds_mbusertoken`
--

DROP TABLE IF EXISTS `ds_mbusertoken`;
/*!40101 SET @saved_cs_client     = @@character_set_client */;
/*!40101 SET character_set_client = utf8 */;
CREATE TABLE `ds_mbusertoken` (
  `member_token_id` int(10) unsigned NOT NULL AUTO_INCREMENT COMMENT '令牌编号',
  `member_id` int(10) unsigned NOT NULL COMMENT '用户编号',
  `member_name` varchar(50) NOT NULL COMMENT '用户名',
  `member_token` varchar(50) NOT NULL COMMENT '登录令牌',
  `member_logintime` int(10) unsigned NOT NULL COMMENT '登录时间',
  `member_clienttype` varchar(10) NOT NULL COMMENT '客户端类型 android wap',
  `member_openid` varchar(50) DEFAULT NULL COMMENT '微信支付jsapi的openid缓存',
  PRIMARY KEY (`member_token_id`),
  KEY `member_id` (`member_id`),
  KEY `member_token` (`member_token`)
) ENGINE=InnoDB DEFAULT CHARSET=utf8 COMMENT='移动端登录令牌表';
/*!40101 SET character_set_client = @saved_cs_client */;

--
-- Dumping data for table `ds_mbusertoken`
--

LOCK TABLES `ds_mbusertoken` WRITE;
/*!40000 ALTER TABLE `ds_mbusertoken` DISABLE KEYS */;
/*!40000 ALTER TABLE `ds_mbusertoken` ENABLE KEYS */;
UNLOCK TABLES;

--
-- Table structure for table `ds_member`
--

DROP TABLE IF EXISTS `ds_member`;
/*!40101 SET @saved_cs_client     = @@character_set_client */;
/*!40101 SET character_set_client = utf8 */;
CREATE TABLE `ds_member` (
  `member_id` int(11) NOT NULL AUTO_INCREMENT COMMENT '会员自增ID',
  `member_name` varchar(50) NOT NULL COMMENT '会员用户名',
  `member_truename` varchar(20) DEFAULT NULL COMMENT '会员真实姓名',
  `member_nickname` varchar(20) DEFAULT NULL COMMENT '会员昵称',
  `member_auth_state` tinyint(1) unsigned NOT NULL DEFAULT '0' COMMENT '实名认证状态（0默认1审核中2未通过3已认证）',
  `member_idcard` varchar(255) DEFAULT NULL COMMENT '实名认证身份证号',
  `member_idcard_image1` varchar(255) DEFAULT NULL COMMENT '手持身份证照',
  `member_idcard_image2` varchar(255) DEFAULT NULL COMMENT '身份证正面照',
  `member_idcard_image3` varchar(255) DEFAULT NULL COMMENT '身份证反面照',
  `member_avatar` varchar(50) DEFAULT NULL COMMENT '会员头像',
  `member_sex` tinyint(1) DEFAULT NULL COMMENT '会员性别',
  `member_birthday` int(11) DEFAULT NULL COMMENT '会员生日',
  `member_password` varchar(32) NOT NULL COMMENT '会员密码',
  `member_paypwd` varchar(32) DEFAULT NULL COMMENT '支付密码',
  `member_email` varchar(50) DEFAULT NULL COMMENT '会员邮箱',
  `member_emailbind` tinyint(1) NOT NULL DEFAULT '0' COMMENT '是否绑定邮箱',
  `member_mobile` varchar(11) DEFAULT NULL COMMENT '手机号码',
  `member_mobilebind` tinyint(1) NOT NULL DEFAULT '0' COMMENT '是否绑定手机',
  `member_qq` varchar(20) DEFAULT NULL COMMENT '会员QQ',
  `member_ww` varchar(20) DEFAULT NULL COMMENT '会员旺旺',
  `member_loginnum` int(11) NOT NULL DEFAULT '0' COMMENT '会员登录次数',
  `member_addtime` int(11) NOT NULL COMMENT '会员添加时间',
  `member_logintime` int(11) DEFAULT '0' COMMENT '会员当前登录时间',
  `member_old_logintime` int(11) DEFAULT '0' COMMENT '会员上次登录时间',
  `member_login_ip` varchar(20) DEFAULT NULL COMMENT '会员当前登录IP',
  `member_old_login_ip` varchar(20) DEFAULT NULL COMMENT '会员上次登录IP',
  `member_qqopenid` varchar(100) DEFAULT NULL COMMENT 'qq互联id',
  `member_qqinfo` text COMMENT 'qq账号相关信息',
  `member_sinaopenid` varchar(100) DEFAULT NULL COMMENT '新浪微博登录id',
  `member_sinainfo` text COMMENT '新浪账号相关信息序列化值',
  `member_wxopenid` varchar(100) DEFAULT '' COMMENT '微信互联openid',
  `member_wxunionid` varchar(100) DEFAULT '' COMMENT '微信用户统一标识',
  `member_wxinfo` text COMMENT '微信用户相关信息',
  `member_points` int(11) NOT NULL DEFAULT '0' COMMENT '会员积分',
  `available_predeposit` decimal(10,2) unsigned NOT NULL DEFAULT '0.00' COMMENT '预存款可用金额',
  `freeze_predeposit` decimal(10,2) unsigned NOT NULL DEFAULT '0.00' COMMENT '预存款冻结金额',
  `available_rc_balance` decimal(10,2) unsigned NOT NULL DEFAULT '0.00' COMMENT '可用充值卡余额',
  `freeze_rc_balance` decimal(10,2) unsigned NOT NULL DEFAULT '0.00' COMMENT '冻结充值卡余额',
  `inform_allow` tinyint(1) NOT NULL DEFAULT '1' COMMENT '是否允许举报(1可以/2不可以)',
  `is_buylimit` tinyint(1) NOT NULL DEFAULT '1' COMMENT '会员是否有购买权限 1为开启 0为关闭',
  `is_allowtalk` tinyint(1) NOT NULL DEFAULT '1' COMMENT '会员是否有咨询和发送站内信的权限 1为开启 0为关闭',
  `member_state` tinyint(1) NOT NULL DEFAULT '1' COMMENT '会员的开启状态 1为开启 0为关闭',
  `member_areaid` int(11) DEFAULT NULL COMMENT '地区ID',
  `member_cityid` int(11) DEFAULT NULL COMMENT '城市ID',
  `member_provinceid` int(11) DEFAULT NULL COMMENT '省份ID',
  `member_areainfo` varchar(255) DEFAULT NULL COMMENT '地区内容',
  `member_privacy` text COMMENT '隐私设定',
  `member_exppoints` int(11) NOT NULL DEFAULT '0' COMMENT '会员经验值',
  `inviter_id` int(11) DEFAULT NULL COMMENT '邀请人ID',
  `member_signin_time` int(10) unsigned NOT NULL DEFAULT '0' COMMENT '最后一次签到时间',
  `member_signin_days_cycle` int(10) unsigned NOT NULL DEFAULT '0' COMMENT '持续签到天数，每周期后清零',
  `member_signin_days_total` int(10) unsigned NOT NULL DEFAULT '0' COMMENT '签到总天数',
  `member_signin_days_series` int(10) unsigned NOT NULL DEFAULT '0' COMMENT '持续签到天数总数，非连续周期清零',
  PRIMARY KEY (`member_id`),
  KEY `member_name` (`member_name`),
  KEY `member_email` (`member_email`,`member_emailbind`),
  KEY `member_mobile` (`member_mobile`,`member_mobilebind`),
  KEY `member_wxunionid` (`member_wxunionid`),
  KEY `member_qqopenid` (`member_qqopenid`),
  KEY `member_sinaopenid` (`member_sinaopenid`),
  KEY `inviter_id` (`inviter_id`)
) ENGINE=InnoDB AUTO_INCREMENT=8 DEFAULT CHARSET=utf8 COMMENT='会员表';
/*!40101 SET character_set_client = @saved_cs_client */;

--
-- Dumping data for table `ds_member`
--

LOCK TABLES `ds_member` WRITE;
/*!40000 ALTER TABLE `ds_member` DISABLE KEYS */;
INSERT INTO `ds_member` VALUES (1,'aaa123456',NULL,NULL,0,NULL,NULL,NULL,NULL,NULL,NULL,NULL,'e10adc3949ba59abbe56e057f20f883e','e10adc3949ba59abbe56e057f20f883e',NULL,0,NULL,0,NULL,NULL,1,1685700271,1685700271,1685700271,'117.61.126.72','117.61.126.72',NULL,NULL,NULL,NULL,'','',NULL,5,0.00,0.00,0.00,0.00,1,1,1,1,NULL,NULL,NULL,NULL,NULL,0,0,0,0,0,0),(2,'test',NULL,NULL,0,NULL,NULL,NULL,NULL,NULL,NULL,NULL,'cc03e747a6afbbcbf8be7668acfebee5','e10adc3949ba59abbe56e057f20f883e',NULL,0,NULL,0,NULL,NULL,5,1686034008,1686375739,1686281009,'112.236.101.127','112.236.101.127',NULL,NULL,NULL,NULL,'','',NULL,5,0.00,0.00,0.00,0.00,1,1,1,1,NULL,NULL,NULL,NULL,NULL,0,0,0,0,0,0),(3,'544238118',NULL,NULL,0,NULL,NULL,NULL,NULL,NULL,NULL,NULL,'f710616df4e2604d42ead683a81bfc92','e10adc3949ba59abbe56e057f20f883e',NULL,0,NULL,0,NULL,NULL,7,1686053359,1686739940,1686402402,'112.49.190.202','220.200.63.241',NULL,NULL,NULL,NULL,'','',NULL,5,0.00,0.00,0.00,0.00,1,1,1,1,NULL,NULL,NULL,NULL,NULL,0,0,0,0,0,0),(4,'1111',NULL,NULL,0,NULL,NULL,NULL,NULL,NULL,NULL,NULL,'bb2d0bf4b0c87c6056a463ce3df99bb9','e10adc3949ba59abbe56e057f20f883e',NULL,0,NULL,0,NULL,NULL,1,1686210086,1686210086,1686210086,'210.13.250.131','210.13.250.131',NULL,NULL,NULL,NULL,'','',NULL,0,0.00,0.00,0.00,0.00,1,1,1,1,NULL,NULL,NULL,NULL,NULL,0,0,0,0,0,0),(5,'11111',NULL,NULL,0,NULL,NULL,NULL,NULL,NULL,NULL,NULL,'40082df962852cf0d340954b43eac3b9','e10adc3949ba59abbe56e057f20f883e',NULL,0,NULL,0,NULL,NULL,3,1686275971,1686555380,1686297721,'210.13.250.131','210.13.250.131',NULL,NULL,NULL,NULL,'','',NULL,0,0.00,0.00,0.00,0.00,1,1,1,1,NULL,NULL,NULL,NULL,NULL,0,0,0,0,0,0),(6,'ceshi',NULL,NULL,0,NULL,NULL,NULL,NULL,NULL,NULL,NULL,'62c8ad0a15d9d1ca38d5dee762a16e01','e10adc3949ba59abbe56e057f20f883e',NULL,0,NULL,0,NULL,NULL,2,1686364007,1686366448,1686364007,'182.46.218.107','182.46.218.107',NULL,NULL,NULL,NULL,'','',NULL,0,0.00,0.00,0.00,0.00,1,1,1,1,NULL,NULL,NULL,NULL,NULL,0,0,0,0,0,0),(7,'ac2023',NULL,NULL,0,NULL,NULL,NULL,NULL,NULL,NULL,NULL,'52f41e661b4f30ae89e71bb25d593221','e10adc3949ba59abbe56e057f20f883e',NULL,0,NULL,0,NULL,NULL,1,1686549095,1686549095,1686549095,'182.239.92.224','182.239.92.224',NULL,NULL,NULL,NULL,'','',NULL,0,0.00,0.00,0.00,0.00,1,1,1,1,NULL,NULL,NULL,NULL,NULL,0,0,0,0,0,0);
/*!40000 ALTER TABLE `ds_member` ENABLE KEYS */;
UNLOCK TABLES;

--
-- Table structure for table `ds_memberbank`
--

DROP TABLE IF EXISTS `ds_memberbank`;
/*!40101 SET @saved_cs_client     = @@character_set_client */;
/*!40101 SET character_set_client = utf8 */;
CREATE TABLE `ds_memberbank` (
  `memberbank_id` int(11) NOT NULL AUTO_INCREMENT COMMENT '主键ID',
  `memberbank_type` varchar(10) NOT NULL DEFAULT 'bank' COMMENT 'bank银行 alipay 支付宝收款',
  `memberbank_truename` varchar(20) NOT NULL COMMENT '收款方真实姓名',
  `memberbank_name` varchar(20) NOT NULL DEFAULT '' COMMENT '收款银行',
  `memberbank_no` varchar(30) NOT NULL COMMENT '收款银行卡号/支付宝账户',
  `member_id` int(11) NOT NULL COMMENT '所属用户id',
  PRIMARY KEY (`memberbank_id`),
  KEY `member_id` (`member_id`)
) ENGINE=InnoDB DEFAULT CHARSET=utf8 COMMENT='用户收款账户表';
/*!40101 SET character_set_client = @saved_cs_client */;

--
-- Dumping data for table `ds_memberbank`
--

LOCK TABLES `ds_memberbank` WRITE;
/*!40000 ALTER TABLE `ds_memberbank` DISABLE KEYS */;
/*!40000 ALTER TABLE `ds_memberbank` ENABLE KEYS */;
UNLOCK TABLES;

--
-- Table structure for table `ds_membermsgsetting`
--

DROP TABLE IF EXISTS `ds_membermsgsetting`;
/*!40101 SET @saved_cs_client     = @@character_set_client */;
/*!40101 SET character_set_client = utf8 */;
CREATE TABLE `ds_membermsgsetting` (
  `membermt_code` varchar(50) NOT NULL COMMENT '用户消息模板代码',
  `membermt_isreceive` tinyint(3) unsigned NOT NULL COMMENT '是否接收 1是，0否',
  `member_id` int(10) unsigned NOT NULL COMMENT '会员ID',
  PRIMARY KEY (`membermt_code`,`member_id`),
  KEY `member_id` (`member_id`)
) ENGINE=InnoDB DEFAULT CHARSET=utf8 COMMENT='用户消息接收设置表';
/*!40101 SET character_set_client = @saved_cs_client */;

--
-- Dumping data for table `ds_membermsgsetting`
--

LOCK TABLES `ds_membermsgsetting` WRITE;
/*!40000 ALTER TABLE `ds_membermsgsetting` DISABLE KEYS */;
/*!40000 ALTER TABLE `ds_membermsgsetting` ENABLE KEYS */;
UNLOCK TABLES;

--
-- Table structure for table `ds_membermsgtpl`
--

DROP TABLE IF EXISTS `ds_membermsgtpl`;
/*!40101 SET @saved_cs_client     = @@character_set_client */;
/*!40101 SET character_set_client = utf8 */;
CREATE TABLE `ds_membermsgtpl` (
  `membermt_code` varchar(50) NOT NULL COMMENT '用户消息模板编号',
  `membermt_name` varchar(50) NOT NULL COMMENT '模板名称',
  `membermt_message_switch` tinyint(3) unsigned NOT NULL COMMENT '站内信接收开关',
  `membermt_message_content` varchar(255) NOT NULL COMMENT '站内信消息内容',
  `membermt_short_switch` tinyint(3) unsigned NOT NULL COMMENT '短信接收开关',
  `membermt_short_content` varchar(255) NOT NULL COMMENT '短信接收内容',
  `membermt_mail_switch` tinyint(3) unsigned NOT NULL COMMENT '邮件接收开关',
  `membermt_mail_subject` varchar(255) NOT NULL COMMENT '邮件标题',
  `membermt_mail_content` text NOT NULL COMMENT '邮件内容',
  `membermt_weixin_switch` tinyint(3) unsigned NOT NULL COMMENT '微信接收开关',
  `membermt_weixin_code` varchar(255) NOT NULL COMMENT '微信消息code',
  `ali_template_code` varchar(255) DEFAULT NULL COMMENT '阿里云短信模板ID',
  `ten_template_code` varchar(255) DEFAULT NULL COMMENT '腾讯云短信模板ID',
  PRIMARY KEY (`membermt_code`)
) ENGINE=InnoDB DEFAULT CHARSET=utf8 COMMENT='用户消息模板';
/*!40101 SET character_set_client = @saved_cs_client */;

--
-- Dumping data for table `ds_membermsgtpl`
--

LOCK TABLES `ds_membermsgtpl` WRITE;
/*!40000 ALTER TABLE `ds_membermsgtpl` DISABLE KEYS */;
INSERT INTO `ds_membermsgtpl` VALUES ('arrival_notice','到货通知提醒',1,'您关注的商品 “${goods_name}” 已经到货。<a href=\"${goods_url}\" target=\"_blank\">点击查看商品</a>',1,'您关注的商品 “${goods_name}” 已经到货。',0,'${site_name}提醒：您关注的商品  “${goods_name}” 已经到货。','<p>\r\n	${site_name}提醒：\r\n</p>\r\n<p>\r\n	您关注的商品 “${goods_name}” 已经到货。\r\n</p>\r\n<p>\r\n	<a href=\"${goods_url}\" target=\"_blank\">点击查看商品</a> \r\n</p>\r\n<p>\r\n	<br />\r\n</p>\r\n<p>\r\n	<br />\r\n</p>\r\n<p>\r\n	<br />\r\n</p>\r\n<p style=\"text-align:right;\">\r\n	${site_name}\r\n</p>\r\n<p style=\"text-align:right;\">\r\n	${mail_send_time}\r\n</p>',0,'',NULL,NULL),('consult_goods_reply','商品咨询回复提醒',1,'您关于商品 “${goods_name}”的咨询，商家已经回复。<a href=\"${consult_url}\" target=\"_blank\">点击查看回复</a>',0,'您关于商品 “${goods_name}” 的咨询，商家已经回复。',0,'${site_name}提醒：您关于商品 “${goods_name}”的咨询，商家已经回复。','<p>\r\n	${site_name}提醒：\r\n</p>\r\n<p>\r\n	您关注的商品“${goods_name}” 已经到货。\r\n</p>\r\n<p>\r\n	<a href=\"${consult_url}\" target=\"_blank\">点击查看回复</a> \r\n</p>\r\n<p>\r\n	<br />\r\n</p>\r\n<p>\r\n	<br />\r\n</p>\r\n<p>\r\n	<br />\r\n</p>\r\n<p style=\"text-align:right;\">\r\n	${site_name}\r\n</p>\r\n<p style=\"text-align:right;\">\r\n	${mail_send_time}\r\n</p>\r\n<br />\r\n<div class=\"firebugResetStyles firebugBlockBackgroundColor\">\r\n	<div style=\"background-color:transparent ! important;\" class=\"firebugResetStyles\">\r\n	</div>\r\n</div>',0,'',NULL,NULL),('consult_mall_reply','平台客服回复提醒',1,'您的平台客服咨询已经回复。<a href=\"${consult_url}\" target=\"_blank\">点击查看回复</a>',0,'您的平台客服咨询已经回复。',0,'${site_name}提醒：您的平台客服咨询已经回复。','<p>\r\n	${site_name}提醒：\r\n</p>\r\n<p>\r\n	您的平台客服咨询已经回复。\r\n</p>\r\n<p>\r\n	<a href=\"${consult_url}\" target=\"_blank\">点击查看回复</a> \r\n</p>\r\n<p>\r\n	<br />\r\n</p>\r\n<p>\r\n	<br />\r\n</p>\r\n<p style=\"text-align:right;\">\r\n	${site_name}\r\n</p>\r\n<p style=\"text-align:right;\">\r\n	${mail_send_time}\r\n</p>',0,'',NULL,NULL),('order_deliver_success','商品出库提醒',1,'您的订单已经出库。<a href=\"${order_url}\" target=\"_blank\">点击查看订单</a>',1,'您的订单已经出库。订单编号 ${order_sn}。',0,'${site_name}提醒：您的订单已经出库。订单编号 ${order_sn}。','<p>\r\n	${site_name}提醒：\r\n</p>\r\n<p>\r\n	您的订单已经出库。订单编号 ${order_sn}。<br />\r\n<a href=\"${order_url}\" target=\"_blank\">点击查看订单</a>\r\n</p>\r\n<p>\r\n	<br />\r\n</p>\r\n<p>\r\n	<br />\r\n</p>\r\n<p>\r\n	<br />\r\n</p>\r\n<p style=\"text-align:right;\">\r\n	${site_name}\r\n</p>\r\n<p style=\"text-align:right;\">\r\n	${mail_send_time}\r\n</p>\r\n<br />',0,'',NULL,NULL),('order_payment_success','付款成功提醒',1,'关于订单：${order_sn}的款项已经收到，请留意出库通知。<a href=\"${order_url}\" target=\"_blank\">点击查看订单详情</a>',1,'${order_sn}的款项已经收到，请留意出库通知。',0,'${site_name}提醒：${order_sn}的款项已经收到，请留意出库通知。','<p>\r\n	${site_name}提醒：\r\n</p>\r\n<p>\r\n	${order_sn}的款项已经收到，请留意出库通知。\r\n</p>\r\n<p>\r\n	<a href=\"${order_url}\" target=\"_blank\">点击查看订单详情</a>\r\n</p>\r\n<p>\r\n	<br />\r\n</p>\r\n<p>\r\n	<br />\r\n</p>\r\n<p>\r\n	<br />\r\n</p>\r\n<p style=\"text-align:right;\">\r\n	${site_name}\r\n</p>\r\n<p style=\"text-align:right;\">\r\n	${mail_send_time}\r\n</p>\r\n<br />',0,'',NULL,NULL),('predeposit_change','余额变动提醒',1,'你的账户于 ${time} 账户资金有变化，描述：${desc}，可用金额变化 ：${av_amount}元，冻结金额变化：${freeze_amount}元。<a href=\"${pd_url}\" target=\"_blank\">点击查看余额</a>',0,'你的账户于 ${time} 账户资金有变化，描述：${desc}，可用金额变化： ${av_amount}元，冻结金额变化：${freeze_amount}元。',0,'${site_name}提醒：你的账户于 ${time} 账户资金有变化，描述：${desc}，可用金额变化： ${av_amount}元，冻结金额变化：${freeze_amount}元。','<p>\r\n	${site_name}提醒：\r\n</p>\r\n<p>\r\n	你的账户于 ${time} 账户资金有变化，描述：${desc}，可用金额变化：${av_amount}元，冻结金额变化：${freeze_amount}元。\r\n</p>\r\n<p>\r\n	<a href=\"${pd_url}\" target=\"_blank\">点击查看余额</a> \r\n</p>\r\n<p>\r\n	<br />\r\n</p>\r\n<p>\r\n	<br />\r\n</p>\r\n<p>\r\n	<br />\r\n</p>\r\n<p style=\"text-align:right;\">\r\n	${site_name}\r\n</p>\r\n<p style=\"text-align:right;\">\r\n	${mail_send_time}\r\n</p>',0,'',NULL,NULL),('recharge_card_balance_change','充值卡余额变动提醒',1,'你的账户于 ${time} 充值卡余额有变化，描述：${description}，可用充值卡余额变化 ：${available_amount}元，冻结充值卡余额变化：${freeze_amount}元。<a href=\"${url}\" target=\"_blank\">点击查看充值卡余额</a>',0,'你的账户于 ${time} 充值卡余额有变化，描述：${description}，可用充值卡余额变化： ${available_amount}元，冻结充值卡余额变化：${freeze_amount}元。',0,'${site_name}提醒：你的账户于 ${time} 充值卡余额有变化，描述：${description}，可用充值卡余额变化： ${available_amount}元，冻结充值卡余额变化：${freeze_amount}元。','<p>\r\n    ${site_name}提醒：\r\n</p>\r\n<p>\r\n  你的账户于 ${time} 充值卡余额有变化，描述：${description}，可用充值卡余额变化：${available_amount}元，冻结充值卡余额变化：${freeze_amount}元。\r\n</p>\r\n<p>\r\n  <a href=\"${url}\" target=\"_blank\">点击查看余额</a> \r\n</p>\r\n<p>\r\n  <br />\r\n</p>\r\n<p>\r\n   <br />\r\n</p>\r\n<p>\r\n   <br />\r\n</p>\r\n<p style=\"text-align:right;\">\r\n ${site_name}\r\n</p>\r\n<p style=\"text-align:right;\">\r\n   ${mail_send_time}\r\n</p>',0,'',NULL,NULL),('refund_return_notice','退款退货提醒',1,'您的退款退货单有了变化。<a href=\"${refund_url}\" target=\"_blank\">点击查看</a>',1,'您的退款退货单有了变化。退款退货单编号：${refund_sn}。',0,'${site_name}提醒：您的退款退货单有了变化。','<p>\r\n	${site_name}提醒：\r\n</p>\r\n<p>\r\n	您的退款退货单有了变化。退款退货单编号：${refund_sn}。\r\n</p>\r\n<p>\r\n	&lt;a href=\"${refund_url}\" target=\"_blank\"&gt;点击查看&lt;/a&gt;\r\n</p>\r\n<p>\r\n	<br />\r\n</p>\r\n<p>\r\n	<br />\r\n</p>\r\n<p>\r\n	<br />\r\n</p>\r\n<p style=\"text-align:right;\">\r\n	${site_name}\r\n</p>\r\n<p style=\"text-align:right;\">\r\n	${mail_send_time}\r\n</p>\r\n<br />',0,'',NULL,NULL),('voucher_use','代金券使用提醒',1,'您有代金券已经使用，代金券编号：${voucher_code}。<a href=\"${voucher_url}\" target=\"_blank\">点击查看</a>',0,'您有代金券已经使用，代金券编号：${voucher_code}。',0,'${site_name}提醒：您有代金券已经使用，代金券编号：${voucher_code}。','<p>\r\n	${site_name}提醒：\r\n</p>\r\n<p>\r\n	您有代金券已经使用，代金券编号：${voucher_code}。\r\n</p>\r\n<p>\r\n	&lt;a href=\"${voucher_url}\" target=\"_blank\"&gt;点击查看&lt;/a&gt;\r\n</p>\r\n<p>\r\n	<br />\r\n</p>\r\n<p>\r\n	<br />\r\n</p>\r\n<p>\r\n	<br />\r\n</p>\r\n<p style=\"text-align:right;\">\r\n	${site_name}\r\n</p>\r\n<p style=\"text-align:right;\">\r\n	${mail_send_time}\r\n</p>\r\n<p>\r\n	<br />\r\n</p>\r\n<p>\r\n	<br />\r\n</p>',0,'',NULL,NULL),('voucher_will_expire','代金券即将到期提醒',1,'您有一个代金券即将在${indate}过期，请记得使用。<a href=\"${voucher_url}\" target=\"_blank\">点击查看</a>',0,'您有一个代金券即将在${indate}过期，请记得使用。',0,'${site_name}提醒：您有一个代金券即将在${indate}过期，请记得使用。','<p>\r\n	${site_name}提醒：\r\n</p>\r\n<p>\r\n	您有一个代金券即将在${indate}过期，请记得使用。\r\n</p>\r\n<p>\r\n	<a href=\"${voucher_url}\" target=\"_blank\">点击查看</a> \r\n</p>\r\n<p>\r\n	<br />\r\n</p>\r\n<p>\r\n	<br />\r\n</p>\r\n<p>\r\n	<br />\r\n</p>\r\n<p style=\"text-align:right;\">\r\n	${site_name}\r\n</p>\r\n<p style=\"text-align:right;\">\r\n	${mail_send_time}\r\n</p>\r\n<p>\r\n	<br />\r\n</p>\r\n<p>\r\n	<br />\r\n</p>',0,'',NULL,NULL),('vr_code_will_expire','兑换码即将到期提醒',1,'您有一组兑换码即将在${indate}过期，请记得使用。<a href=\"${vr_order_url}\" target=\"_blank\">点击查看</a>',0,'您有一组兑换码即将在${indate}过期，请记得使用。',0,'${site_name}提醒：您有一组兑换码即将在${indate}过期，请记得使用。','<p>\r\n	${site_name}提醒：\r\n</p>\r\n<p>\r\n	您有一组兑换码即将在${indate}过期，请记得使用。\r\n</p>\r\n<p>\r\n	&lt;a href=\"${vr_order_url}\" target=\"_blank\"&gt;点击查看&lt;/a&gt;\r\n</p>\r\n<p>\r\n	<br />\r\n</p>\r\n<p>\r\n	<br />\r\n</p>\r\n<p>\r\n	<br />\r\n</p>\r\n<p style=\"text-align:right;\">\r\n	${site_name}\r\n</p>\r\n<p style=\"text-align:right;\">\r\n	${mail_send_time}\r\n</p>\r\n<p>\r\n	<br />\r\n</p>\r\n<p>\r\n	<br />\r\n</p>',0,'',NULL,NULL);
/*!40000 ALTER TABLE `ds_membermsgtpl` ENABLE KEYS */;
UNLOCK TABLES;

--
-- Table structure for table `ds_message`
--

DROP TABLE IF EXISTS `ds_message`;
/*!40101 SET @saved_cs_client     = @@character_set_client */;
/*!40101 SET character_set_client = utf8 */;
CREATE TABLE `ds_message` (
  `message_id` int(11) NOT NULL AUTO_INCREMENT COMMENT '短消息自增ID',
  `message_parent_id` int(11) NOT NULL COMMENT '回复短消息message_id',
  `from_member_id` int(11) NOT NULL COMMENT '短消息发送人',
  `to_member_id` varchar(1000) NOT NULL COMMENT '短消息接收人',
  `message_title` varchar(50) DEFAULT NULL COMMENT '短消息标题',
  `message_body` varchar(255) NOT NULL COMMENT '短消息内容',
  `message_time` varchar(10) NOT NULL COMMENT '短消息发送时间',
  `message_update_time` varchar(10) DEFAULT NULL COMMENT '短消息回复更新时间',
  `message_open` tinyint(1) NOT NULL DEFAULT '0' COMMENT '短消息打开状态',
  `message_state` tinyint(1) NOT NULL DEFAULT '0' COMMENT '短消息状态，0为正常状态，1为发送人删除状态，2为接收人删除状态',
  `message_type` tinyint(1) NOT NULL DEFAULT '0' COMMENT '0为私信、1为系统消息、2为留言',
  `read_member_id` varchar(1000) DEFAULT NULL COMMENT '已经读过该消息的会员id',
  `del_member_id` varchar(1000) DEFAULT NULL COMMENT '已经删除该消息的会员id',
  `message_ismore` tinyint(1) NOT NULL DEFAULT '0' COMMENT '站内信是否为一条发给多个用户 0为否 1为多条 ',
  `from_member_name` varchar(100) DEFAULT NULL COMMENT '发信息人用户名',
  `to_member_name` varchar(100) DEFAULT NULL COMMENT '接收人用户名',
  PRIMARY KEY (`message_id`),
  KEY `from_member_id` (`from_member_id`),
  KEY `to_member_id` (`to_member_id`(255)),
  KEY `message_ismore` (`message_ismore`),
  KEY `message_parent_id` (`message_parent_id`)
) ENGINE=InnoDB DEFAULT CHARSET=utf8 COMMENT='短消息';
/*!40101 SET character_set_client = @saved_cs_client */;

--
-- Dumping data for table `ds_message`
--

LOCK TABLES `ds_message` WRITE;
/*!40000 ALTER TABLE `ds_message` DISABLE KEYS */;
/*!40000 ALTER TABLE `ds_message` ENABLE KEYS */;
UNLOCK TABLES;

--
-- Table structure for table `ds_navigation`
--

DROP TABLE IF EXISTS `ds_navigation`;
/*!40101 SET @saved_cs_client     = @@character_set_client */;
/*!40101 SET character_set_client = utf8 */;
CREATE TABLE `ds_navigation` (
  `nav_id` int(11) NOT NULL AUTO_INCREMENT COMMENT '页面导航自增ID',
  `nav_type` tinyint(1) NOT NULL DEFAULT '0' COMMENT '页面导航类别，0自定义导航，1商品分类，2文章导航，3活动导航，默认为0',
  `nav_title` varchar(100) DEFAULT NULL COMMENT '页面导航标题',
  `nav_url` varchar(255) DEFAULT NULL COMMENT '页面导航链接',
  `nav_location` varchar(10) NOT NULL COMMENT '页面导航位置，header头部，middle中部，footer底部',
  `nav_new_open` tinyint(1) NOT NULL DEFAULT '0' COMMENT '是否以新窗口打开，0为否，1为是，默认为0',
  `nav_sort` tinyint(3) unsigned NOT NULL DEFAULT '255' COMMENT '页面导航排序',
  `item_id` int(10) unsigned NOT NULL DEFAULT '0' COMMENT '页面导航类别ID，对应着nav_type中的内容，默认为0',
  `nav_is_close` tinyint(1) NOT NULL DEFAULT '0' COMMENT '是否前台显示，0为否，1为是，默认为1',
  PRIMARY KEY (`nav_id`)
) ENGINE=InnoDB AUTO_INCREMENT=14 DEFAULT CHARSET=utf8 COMMENT='页面导航表';
/*!40101 SET character_set_client = @saved_cs_client */;

--
-- Dumping data for table `ds_navigation`
--

LOCK TABLES `ds_navigation` WRITE;
/*!40000 ALTER TABLE `ds_navigation` DISABLE KEYS */;
INSERT INTO `ds_navigation` VALUES (8,0,'关于我们','/','footer',1,255,0,0),(9,0,'联系我们','/','footer',1,255,0,0);
/*!40000 ALTER TABLE `ds_navigation` ENABLE KEYS */;
UNLOCK TABLES;

--
-- Table structure for table `ds_order`
--

DROP TABLE IF EXISTS `ds_order`;
/*!40101 SET @saved_cs_client     = @@character_set_client */;
/*!40101 SET character_set_client = utf8 */;
CREATE TABLE `ds_order` (
  `order_id` int(11) NOT NULL AUTO_INCREMENT COMMENT '订单自增id',
  `order_sn` varchar(20) NOT NULL COMMENT '订单编号',
  `pay_sn` varchar(20) NOT NULL COMMENT '支付单号',
  `buyer_id` int(11) unsigned NOT NULL COMMENT '买家ID',
  `buyer_name` varchar(50) NOT NULL COMMENT '买家姓名',
  `buyer_email` varchar(80) DEFAULT NULL COMMENT '买家电子邮箱',
  `add_time` int(10) unsigned NOT NULL DEFAULT '0' COMMENT '订单生成时间',
  `payment_code` char(20) NOT NULL DEFAULT '' COMMENT '支付方式名称代码',
  `payment_time` int(10) unsigned DEFAULT '0' COMMENT '支付(付款)时间',
  `trade_no` varchar(35) DEFAULT NULL COMMENT '第三方平台交易号',
  `finnshed_time` int(10) unsigned NOT NULL DEFAULT '0' COMMENT '订单完成时间',
  `goods_amount` decimal(10,2) unsigned NOT NULL DEFAULT '0.00' COMMENT '商品总价格',
  `order_amount` decimal(10,2) unsigned NOT NULL DEFAULT '0.00' COMMENT '订单总价格',
  `rcb_amount` decimal(10,2) unsigned NOT NULL DEFAULT '0.00' COMMENT '充值卡支付金额',
  `pd_amount` decimal(10,2) unsigned NOT NULL DEFAULT '0.00' COMMENT '预存款支付金额',
  `shipping_fee` decimal(10,2) unsigned DEFAULT '0.00' COMMENT '运费',
  `evaluation_state` tinyint(4) DEFAULT '0' COMMENT '评价状态 0：未评价 1：已评价 2:已过期未评价',
  `order_state` tinyint(4) NOT NULL DEFAULT '10' COMMENT '订单状态：0:已取消 10:未付款 20:已付款 30:已发货 40:已收货',
  `refund_state` tinyint(1) unsigned DEFAULT '0' COMMENT '退款状态 0:无退款 1:部分退款 2:全部退款',
  `lock_state` tinyint(1) unsigned DEFAULT '0' COMMENT '锁定状态:0:正常,大于0:锁定',
  `delete_state` tinyint(4) NOT NULL DEFAULT '0' COMMENT '删除状态 0:未删除 1:放入回收站 2:彻底删除',
  `refund_amount` decimal(10,2) DEFAULT '0.00' COMMENT '退款金额',
  `delay_time` int(10) unsigned DEFAULT '0' COMMENT '延迟时间,默认为0',
  `order_from` tinyint(4) NOT NULL DEFAULT '1' COMMENT '订单来源，1:PC 2:手机',
  `shipping_code` varchar(50) DEFAULT '' COMMENT '订单物流单号',
  `order_type` tinyint(4) DEFAULT NULL COMMENT '订单类型',
  PRIMARY KEY (`order_id`),
  KEY `buyer_id` (`buyer_id`)
) ENGINE=InnoDB AUTO_INCREMENT=6 DEFAULT CHARSET=utf8 COMMENT='订单表';
/*!40101 SET character_set_client = @saved_cs_client */;

--
-- Dumping data for table `ds_order`
--

LOCK TABLES `ds_order` WRITE;
/*!40000 ALTER TABLE `ds_order` DISABLE KEYS */;
INSERT INTO `ds_order` VALUES (1,'6000000000000101','23061011243365747006',6,'ceshi',NULL,1686367473,'online',0,NULL,0,1169.00,1169.00,0.00,0.00,0.00,0,10,0,0,0,0.00,0,1,'',NULL),(2,'6000000000000201','23061011262550353006',6,'ceshi',NULL,1686367585,'online',0,NULL,0,1169.00,1169.00,0.00,0.00,0.00,0,10,0,0,0,0.00,0,1,'',NULL),(3,'6000000000000301','23061013425207146002',2,'test',NULL,1686375772,'online',1686375773,NULL,0,2588.00,2588.00,0.00,0.00,0.00,0,10,0,0,0,0.00,0,1,'',NULL),(4,'6000000000000401','23061213533686356007',7,'ac2023',NULL,1686549216,'online',0,NULL,0,6399.00,6399.00,0.00,0.00,0.00,0,10,0,0,0,0.00,0,1,'',NULL),(5,'6000000000000501','23061215363921438005',5,'11111',NULL,1686555399,'online',1686555422,NULL,0,2399.00,2399.00,0.00,0.00,0.00,0,10,0,0,0,0.00,0,1,'',NULL);
/*!40000 ALTER TABLE `ds_order` ENABLE KEYS */;
UNLOCK TABLES;

--
-- Table structure for table `ds_ordercommon`
--

DROP TABLE IF EXISTS `ds_ordercommon`;
/*!40101 SET @saved_cs_client     = @@character_set_client */;
/*!40101 SET character_set_client = utf8 */;
CREATE TABLE `ds_ordercommon` (
  `order_id` int(11) NOT NULL AUTO_INCREMENT COMMENT '订单ID',
  `shipping_time` int(10) unsigned NOT NULL DEFAULT '0' COMMENT '配送时间',
  `shipping_express_id` tinyint(1) NOT NULL DEFAULT '0' COMMENT '配送公司ID',
  `evaluation_time` int(10) unsigned NOT NULL DEFAULT '0' COMMENT '评价时间',
  `evalseller_state` enum('0','1') NOT NULL DEFAULT '0' COMMENT '卖家是否已评价买家',
  `evalseller_time` int(10) unsigned NOT NULL DEFAULT '0' COMMENT '卖家评价买家的时间',
  `order_message` varchar(300) DEFAULT NULL COMMENT '订单留言',
  `order_pointscount` int(11) NOT NULL DEFAULT '0' COMMENT '订单赠送积分',
  `voucher_price` int(11) DEFAULT NULL COMMENT '代金券面额',
  `voucher_code` varchar(32) DEFAULT NULL COMMENT '代金券编码',
  `deliver_explain` text COMMENT '订单发货备注',
  `daddress_id` mediumint(9) NOT NULL DEFAULT '0' COMMENT '发货地址ID',
  `reciver_name` varchar(50) NOT NULL COMMENT '收货人姓名',
  `reciver_info` varchar(500) NOT NULL COMMENT '收货人其它信息',
  `reciver_province_id` mediumint(8) unsigned NOT NULL DEFAULT '0' COMMENT '收货人省级ID',
  `reciver_city_id` mediumint(8) unsigned NOT NULL DEFAULT '0' COMMENT '收货人市级ID',
  `invoice_info` varchar(500) DEFAULT NULL COMMENT '订单发票信息',
  `promotion_info` varchar(500) DEFAULT NULL COMMENT '订单促销信息备注',
  `dlyo_pickup_code` varchar(4) DEFAULT NULL COMMENT '订单提货码',
  PRIMARY KEY (`order_id`)
) ENGINE=InnoDB AUTO_INCREMENT=6 DEFAULT CHARSET=utf8 COMMENT='订单信息扩展表';
/*!40101 SET character_set_client = @saved_cs_client */;

--
-- Dumping data for table `ds_ordercommon`
--

LOCK TABLES `ds_ordercommon` WRITE;
/*!40000 ALTER TABLE `ds_ordercommon` DISABLE KEYS */;
INSERT INTO `ds_ordercommon` VALUES (1,0,0,0,'0',0,'',0,NULL,NULL,NULL,0,'测试员','a:6:{s:5:\"phone\";s:11:\"13012345678\";s:9:\"mob_phone\";s:11:\"13012345678\";s:9:\"tel_phone\";s:0:\"\";s:7:\"address\";s:66:\"内蒙古 呼和浩特市 和林格尔县 答案绕若翁群若晕\";s:4:\"area\";s:41:\"内蒙古 呼和浩特市 和林格尔县\";s:6:\"street\";s:24:\"答案绕若翁群若晕\";}',0,95,'a:0:{}',NULL,NULL),(2,0,0,0,'0',0,'',0,NULL,NULL,NULL,0,'测试员','a:6:{s:5:\"phone\";s:11:\"13012345678\";s:9:\"mob_phone\";s:11:\"13012345678\";s:9:\"tel_phone\";s:0:\"\";s:7:\"address\";s:66:\"内蒙古 呼和浩特市 和林格尔县 答案绕若翁群若晕\";s:4:\"area\";s:41:\"内蒙古 呼和浩特市 和林格尔县\";s:6:\"street\";s:24:\"答案绕若翁群若晕\";}',0,95,'a:0:{}',NULL,NULL),(3,0,0,0,'0',0,'',0,NULL,NULL,NULL,0,'123','a:6:{s:5:\"phone\";s:11:\"17705475055\";s:9:\"mob_phone\";s:11:\"17705475055\";s:9:\"tel_phone\";s:0:\"\";s:7:\"address\";s:39:\"河北 秦皇岛市 卢龙县 啊稍等\";s:4:\"area\";s:29:\"河北 秦皇岛市 卢龙县\";s:6:\"street\";s:9:\"啊稍等\";}',0,75,'a:0:{}',NULL,NULL),(4,0,0,0,'0',0,'',0,NULL,NULL,NULL,0,'张亮','a:6:{s:5:\"phone\";s:11:\"17358696467\";s:9:\"mob_phone\";s:11:\"17358696467\";s:9:\"tel_phone\";s:0:\"\";s:7:\"address\";s:36:\"河北 石家庄市 好王嘉街道2\";s:4:\"area\";s:19:\"河北 石家庄市\";s:6:\"street\";s:16:\"好王嘉街道2\";}',0,73,'a:0:{}',NULL,NULL),(5,0,0,0,'0',0,'',0,NULL,NULL,NULL,0,'2222','a:6:{s:5:\"phone\";s:11:\"13910202150\";s:9:\"mob_phone\";s:11:\"13910202150\";s:9:\"tel_phone\";s:0:\"\";s:7:\"address\";s:40:\"北京 北京市 朝阳区 wwwwwwwwwwwww\";s:4:\"area\";s:26:\"北京 北京市 朝阳区\";s:6:\"street\";s:13:\"wwwwwwwwwwwww\";}',0,36,'a:0:{}',NULL,NULL);
/*!40000 ALTER TABLE `ds_ordercommon` ENABLE KEYS */;
UNLOCK TABLES;

--
-- Table structure for table `ds_ordergoods`
--

DROP TABLE IF EXISTS `ds_ordergoods`;
/*!40101 SET @saved_cs_client     = @@character_set_client */;
/*!40101 SET character_set_client = utf8 */;
CREATE TABLE `ds_ordergoods` (
  `rec_id` int(11) NOT NULL AUTO_INCREMENT COMMENT '订单商品表自增ID',
  `order_id` int(11) NOT NULL COMMENT '订单ID',
  `goods_id` int(11) NOT NULL COMMENT '商品ID',
  `goods_name` varchar(200) NOT NULL COMMENT '商品名称',
  `goods_price` decimal(10,2) NOT NULL COMMENT '商品价格',
  `goods_num` smallint(5) unsigned NOT NULL DEFAULT '1' COMMENT '商品数量',
  `goods_image` varchar(100) DEFAULT NULL COMMENT '商品图片',
  `goods_pay_price` decimal(10,2) unsigned NOT NULL COMMENT '商品实际成交价',
  `buyer_id` int(10) unsigned NOT NULL DEFAULT '0' COMMENT '买家ID',
  `goods_type` enum('1','2','3','4','5','6','7') NOT NULL DEFAULT '1' COMMENT '1默认2抢购商品3限时折扣商品4组合套装5赠品6拼团7会员等级折扣',
  `promotions_id` mediumint(8) unsigned NOT NULL DEFAULT '0' COMMENT '促销活动ID（抢购ID/限时折扣ID/优惠套装ID）与goods_type搭配使用',
  `gc_id` mediumint(8) unsigned NOT NULL DEFAULT '0' COMMENT '商品最底级分类ID',
  PRIMARY KEY (`rec_id`),
  KEY `order_id` (`order_id`)
) ENGINE=InnoDB AUTO_INCREMENT=6 DEFAULT CHARSET=utf8 COMMENT='订单商品表';
/*!40101 SET character_set_client = @saved_cs_client */;

--
-- Dumping data for table `ds_ordergoods`
--

LOCK TABLES `ds_ordergoods` WRITE;
/*!40000 ALTER TABLE `ds_ordergoods` DISABLE KEYS */;
INSERT INTO `ds_ordergoods` VALUES (1,1,173,'Redmi Note12 5G 120Hz OLED屏幕 骁龙4移动平台 8G+128G 子夜黑',1169.00,1,'2023060615581113919.png',1169.00,6,'1',0,75),(2,2,173,'Redmi Note12 5G 120Hz OLED屏幕 骁龙4移动平台 8G+128G 子夜黑',1169.00,1,'2023060615581113919.png',1169.00,6,'1',0,75),(3,3,351,'荣耀MagicBook 14 锐龙版 14英寸6核锐龙R5轻薄笔记本电脑 14英寸2.5K屏',2588.00,1,'2023060710493241439.png',2588.00,2,'1',0,768),(4,4,260,'OPPO Find N2 Flip 12GB+256GB 流金 任意窗 5000万超清自拍  8G+256G 鎏金',6399.00,1,'2023060622361028398.png',6399.00,7,'1',0,79),(5,5,337,'iQOO Pad 平板电脑 8GB+128GB 星际灰 12.1英寸超大屏幕 8G+128G WIFI版',2399.00,1,'2023060710162443344.png',2399.00,5,'1',0,769);
/*!40000 ALTER TABLE `ds_ordergoods` ENABLE KEYS */;
UNLOCK TABLES;

--
-- Table structure for table `ds_orderinviter`
--

DROP TABLE IF EXISTS `ds_orderinviter`;
/*!40101 SET @saved_cs_client     = @@character_set_client */;
/*!40101 SET character_set_client = utf8 */;
CREATE TABLE `ds_orderinviter` (
  `orderinviter_id` int(10) unsigned NOT NULL AUTO_INCREMENT COMMENT '分销详情自增ID',
  `orderinviter_order_id` int(10) unsigned NOT NULL COMMENT '订单ID',
  `orderinviter_member_id` int(10) unsigned NOT NULL COMMENT '推荐人ID',
  `orderinviter_money` decimal(10,2) unsigned NOT NULL COMMENT '佣金',
  `orderinviter_remark` varchar(255) NOT NULL COMMENT '分销详情备注',
  `orderinviter_member_name` varchar(60) NOT NULL COMMENT '推荐人用户名',
  `orderinviter_order_sn` varchar(20) NOT NULL COMMENT '订单号',
  `orderinviter_goods_commonid` int(10) unsigned NOT NULL COMMENT '商品公共id',
  `orderinviter_goods_id` int(10) unsigned NOT NULL COMMENT '商品id',
  `orderinviter_level` int(10) unsigned NOT NULL COMMENT '分销级别',
  `orderinviter_ratio` decimal(4,2) unsigned NOT NULL DEFAULT '0.00' COMMENT '分销比例',
  `orderinviter_goods_name` varchar(200) NOT NULL COMMENT '商品名称',
  `orderinviter_valid` tinyint(1) unsigned NOT NULL DEFAULT '0' COMMENT '0待结算1已结算2无效',
  `orderinviter_order_type` tinyint(1) unsigned NOT NULL COMMENT '订单类型（0实物订单1虚拟订单）',
  `orderinviter_goods_quantity` int(10) unsigned NOT NULL COMMENT '商品数量',
  `orderinviter_goods_amount` decimal(10,2) unsigned NOT NULL COMMENT '商品金额',
  `orderinviter_addtime` int(10) unsigned NOT NULL COMMENT '添加时间',
  PRIMARY KEY (`orderinviter_id`),
  KEY `orderinviter_member_id` (`orderinviter_member_id`)
) ENGINE=InnoDB DEFAULT CHARSET=utf8 COMMENT='分销详情表';
/*!40101 SET character_set_client = @saved_cs_client */;

--
-- Dumping data for table `ds_orderinviter`
--

LOCK TABLES `ds_orderinviter` WRITE;
/*!40000 ALTER TABLE `ds_orderinviter` DISABLE KEYS */;
/*!40000 ALTER TABLE `ds_orderinviter` ENABLE KEYS */;
UNLOCK TABLES;

--
-- Table structure for table `ds_orderlog`
--

DROP TABLE IF EXISTS `ds_orderlog`;
/*!40101 SET @saved_cs_client     = @@character_set_client */;
/*!40101 SET character_set_client = utf8 */;
CREATE TABLE `ds_orderlog` (
  `log_id` int(11) NOT NULL AUTO_INCREMENT COMMENT '订单记录自增ID',
  `order_id` int(11) NOT NULL COMMENT '订单id',
  `log_msg` varchar(150) DEFAULT '' COMMENT '订单记录文字描述',
  `log_time` int(10) unsigned NOT NULL COMMENT '订单记录处理时间',
  `log_role` char(3) NOT NULL COMMENT '操作角色',
  `log_user` varchar(30) DEFAULT '' COMMENT '操作人',
  `log_orderstate` enum('0','10','20','30','40') DEFAULT NULL COMMENT '订单状态：0:已取消10:未付款;20:已付款;30:已发货;40:已收货;',
  PRIMARY KEY (`log_id`),
  KEY `order_id` (`order_id`)
) ENGINE=InnoDB DEFAULT CHARSET=utf8 COMMENT='订单记录表';
/*!40101 SET character_set_client = @saved_cs_client */;

--
-- Dumping data for table `ds_orderlog`
--

LOCK TABLES `ds_orderlog` WRITE;
/*!40000 ALTER TABLE `ds_orderlog` DISABLE KEYS */;
/*!40000 ALTER TABLE `ds_orderlog` ENABLE KEYS */;
UNLOCK TABLES;

--
-- Table structure for table `ds_orderpay`
--

DROP TABLE IF EXISTS `ds_orderpay`;
/*!40101 SET @saved_cs_client     = @@character_set_client */;
/*!40101 SET character_set_client = utf8 */;
CREATE TABLE `ds_orderpay` (
  `pay_id` int(10) unsigned NOT NULL AUTO_INCREMENT COMMENT '订单支付自增ID',
  `pay_sn` varchar(20) NOT NULL COMMENT '支付单号',
  `buyer_id` int(10) unsigned NOT NULL COMMENT '买家ID',
  `api_paystate` enum('0','1') DEFAULT '0' COMMENT '0默认未支付1已支付(只有第三方支付接口通知到时才会更改此状态)',
  PRIMARY KEY (`pay_id`),
  KEY `pay_sn` (`pay_sn`)
) ENGINE=InnoDB AUTO_INCREMENT=6 DEFAULT CHARSET=utf8 COMMENT='订单支付表';
/*!40101 SET character_set_client = @saved_cs_client */;

--
-- Dumping data for table `ds_orderpay`
--

LOCK TABLES `ds_orderpay` WRITE;
/*!40000 ALTER TABLE `ds_orderpay` DISABLE KEYS */;
INSERT INTO `ds_orderpay` VALUES (1,'23061011243365747006',6,'0'),(2,'23061011262550353006',6,'0'),(3,'23061013425207146002',2,'0'),(4,'23061213533686356007',7,'0'),(5,'23061215363921438005',5,'0');
/*!40000 ALTER TABLE `ds_orderpay` ENABLE KEYS */;
UNLOCK TABLES;

--
-- Table structure for table `ds_payment`
--

DROP TABLE IF EXISTS `ds_payment`;
/*!40101 SET @saved_cs_client     = @@character_set_client */;
/*!40101 SET character_set_client = utf8 */;
CREATE TABLE `ds_payment` (
  `payment_code` char(20) NOT NULL COMMENT '支付代码',
  `payment_name` char(20) NOT NULL COMMENT '支付名称',
  `payment_config` text COMMENT '支付接口配置信息',
  `payment_platform` char(10) NOT NULL COMMENT '支付方式所适应平台 pc h5 app',
  `payment_state` enum('0','1') NOT NULL DEFAULT '0' COMMENT '接口状态0禁用1启用',
  PRIMARY KEY (`payment_code`)
) ENGINE=InnoDB DEFAULT CHARSET=utf8 COMMENT='支付方式表';
/*!40101 SET character_set_client = @saved_cs_client */;

--
-- Dumping data for table `ds_payment`
--

LOCK TABLES `ds_payment` WRITE;
/*!40000 ALTER TABLE `ds_payment` DISABLE KEYS */;
INSERT INTO `ds_payment` VALUES ('alipay','支付宝PC支付','a:0:{}','pc','1'),('wxpay_native','微信扫码支付','a:0:{}','pc','1');
/*!40000 ALTER TABLE `ds_payment` ENABLE KEYS */;
UNLOCK TABLES;

--
-- Table structure for table `ds_pbundling`
--

DROP TABLE IF EXISTS `ds_pbundling`;
/*!40101 SET @saved_cs_client     = @@character_set_client */;
/*!40101 SET character_set_client = utf8 */;
CREATE TABLE `ds_pbundling` (
  `bl_id` int(11) NOT NULL AUTO_INCREMENT COMMENT '组合ID',
  `bl_name` varchar(50) NOT NULL COMMENT '组合名称',
  `bl_discount_price` decimal(10,2) NOT NULL COMMENT '组合价格',
  `bl_freight_choose` tinyint(1) NOT NULL COMMENT '运费承担方式',
  `bl_freight` decimal(10,2) NOT NULL COMMENT '运费',
  `bl_state` tinyint(1) NOT NULL DEFAULT '1' COMMENT '组合状态 0:关闭 1:开启',
  PRIMARY KEY (`bl_id`)
) ENGINE=InnoDB DEFAULT CHARSET=utf8 COMMENT='组合销售活动表';
/*!40101 SET character_set_client = @saved_cs_client */;

--
-- Dumping data for table `ds_pbundling`
--

LOCK TABLES `ds_pbundling` WRITE;
/*!40000 ALTER TABLE `ds_pbundling` DISABLE KEYS */;
/*!40000 ALTER TABLE `ds_pbundling` ENABLE KEYS */;
UNLOCK TABLES;

--
-- Table structure for table `ds_pbundlinggoods`
--

DROP TABLE IF EXISTS `ds_pbundlinggoods`;
/*!40101 SET @saved_cs_client     = @@character_set_client */;
/*!40101 SET character_set_client = utf8 */;
CREATE TABLE `ds_pbundlinggoods` (
  `blgoods_id` int(11) NOT NULL AUTO_INCREMENT COMMENT '组合商品id',
  `blgoods_price` decimal(10,2) NOT NULL COMMENT '商品价格',
  `blgoods_appoint` tinyint(3) unsigned NOT NULL COMMENT '指定商品 1是，0否',
  `bl_id` int(11) NOT NULL COMMENT '组合id',
  `goods_id` int(10) unsigned NOT NULL COMMENT '商品id',
  `goods_commonid` int(10) unsigned NOT NULL COMMENT '商品公共表ID',
  `goods_name` varchar(200) NOT NULL COMMENT '商品名称',
  `goods_image` varchar(100) NOT NULL COMMENT '商品图片',
  PRIMARY KEY (`blgoods_id`)
) ENGINE=InnoDB DEFAULT CHARSET=utf8 COMMENT='组合销售活动商品表';
/*!40101 SET character_set_client = @saved_cs_client */;

--
-- Dumping data for table `ds_pbundlinggoods`
--

LOCK TABLES `ds_pbundlinggoods` WRITE;
/*!40000 ALTER TABLE `ds_pbundlinggoods` DISABLE KEYS */;
/*!40000 ALTER TABLE `ds_pbundlinggoods` ENABLE KEYS */;
UNLOCK TABLES;

--
-- Table structure for table `ds_pdcash`
--

DROP TABLE IF EXISTS `ds_pdcash`;
/*!40101 SET @saved_cs_client     = @@character_set_client */;
/*!40101 SET character_set_client = utf8 */;
CREATE TABLE `ds_pdcash` (
  `pdc_id` int(11) NOT NULL AUTO_INCREMENT COMMENT '提现记录自增ID',
  `pdc_sn` varchar(20) NOT NULL COMMENT '记录唯一标示',
  `pdc_member_id` int(11) NOT NULL COMMENT '会员ID',
  `pdc_member_name` varchar(50) NOT NULL COMMENT '会员名称',
  `pdc_amount` decimal(10,2) NOT NULL DEFAULT '0.00' COMMENT '金额',
  `pdc_bank_type` varchar(10) NOT NULL DEFAULT 'bank' COMMENT 'bank银行 alipay 支付宝 weixin 微信收款',
  `pdc_bank_name` varchar(40) NOT NULL COMMENT '收款银行',
  `pdc_bank_no` varchar(30) DEFAULT NULL COMMENT '收款账号',
  `pdc_bank_user` varchar(10) DEFAULT NULL COMMENT '开户人姓名',
  `pdc_addtime` int(11) NOT NULL COMMENT '添加时间',
  `pdc_payment_time` int(11) DEFAULT NULL COMMENT '付款时间',
  `pdc_payment_state` enum('0','1') NOT NULL DEFAULT '0' COMMENT '提现支付状态 0:默认1:支付完成',
  `pdc_payment_admin` varchar(30) DEFAULT NULL COMMENT '支付管理员',
  `pdc_payment_code` varchar(20) DEFAULT '' COMMENT '支付方式',
  `pdc_trade_sn` varchar(50) DEFAULT '' COMMENT '第三方支付接口交易号',
  PRIMARY KEY (`pdc_id`),
  KEY `pdc_member_id` (`pdc_member_id`)
) ENGINE=InnoDB DEFAULT CHARSET=utf8 COMMENT='预存款提现记录表';
/*!40101 SET character_set_client = @saved_cs_client */;

--
-- Dumping data for table `ds_pdcash`
--

LOCK TABLES `ds_pdcash` WRITE;
/*!40000 ALTER TABLE `ds_pdcash` DISABLE KEYS */;
/*!40000 ALTER TABLE `ds_pdcash` ENABLE KEYS */;
UNLOCK TABLES;

--
-- Table structure for table `ds_pdlog`
--

DROP TABLE IF EXISTS `ds_pdlog`;
/*!40101 SET @saved_cs_client     = @@character_set_client */;
/*!40101 SET character_set_client = utf8 */;
CREATE TABLE `ds_pdlog` (
  `lg_id` int(11) NOT NULL AUTO_INCREMENT COMMENT '预存款变更日志自增ID',
  `lg_member_id` int(11) NOT NULL COMMENT '会员ID',
  `lg_member_name` varchar(50) NOT NULL COMMENT '会员名称',
  `lg_admin_name` varchar(50) DEFAULT NULL COMMENT '管理员名称',
  `lg_type` varchar(50) NOT NULL DEFAULT '' COMMENT 'order_pay下单支付预存款,order_freeze下单冻结预存款,order_cancel取消订单解冻预存款,order_comb_pay下单支付被冻结的预存款,recharge充值,cash_apply申请提现冻结预存款,cash_pay提现成功,cash_del取消提现申请，解冻预存款,refund退款',
  `lg_av_amount` decimal(10,2) NOT NULL DEFAULT '0.00' COMMENT '可用金额变更0:未变更',
  `lg_freeze_amount` decimal(10,2) NOT NULL DEFAULT '0.00' COMMENT '冻结金额变更0:未变更',
  `lg_addtime` int(11) NOT NULL COMMENT '变更添加时间',
  `lg_desc` varchar(150) DEFAULT NULL COMMENT '变更描述',
  PRIMARY KEY (`lg_id`),
  KEY `lg_member_id` (`lg_member_id`)
) ENGINE=InnoDB DEFAULT CHARSET=utf8 COMMENT='预存款变更日志表';
/*!40101 SET character_set_client = @saved_cs_client */;

--
-- Dumping data for table `ds_pdlog`
--

LOCK TABLES `ds_pdlog` WRITE;
/*!40000 ALTER TABLE `ds_pdlog` DISABLE KEYS */;
/*!40000 ALTER TABLE `ds_pdlog` ENABLE KEYS */;
UNLOCK TABLES;

--
-- Table structure for table `ds_pdrecharge`
--

DROP TABLE IF EXISTS `ds_pdrecharge`;
/*!40101 SET @saved_cs_client     = @@character_set_client */;
/*!40101 SET character_set_client = utf8 */;
CREATE TABLE `ds_pdrecharge` (
  `pdr_id` int(11) NOT NULL AUTO_INCREMENT COMMENT '充值自增ID',
  `pdr_sn` varchar(20) NOT NULL COMMENT '记录唯一标示',
  `pdr_member_id` int(11) NOT NULL COMMENT '会员ID',
  `pdr_member_name` varchar(50) NOT NULL COMMENT '会员名称',
  `pdr_amount` decimal(10,2) NOT NULL DEFAULT '0.00' COMMENT '充值金额',
  `pdr_payment_code` varchar(20) DEFAULT '' COMMENT '支付方式',
  `pdr_trade_sn` varchar(50) DEFAULT '' COMMENT '第三方支付接口交易号',
  `pdr_addtime` int(11) NOT NULL COMMENT '充值添加时间',
  `pdr_payment_state` enum('0','1') NOT NULL DEFAULT '0' COMMENT '支付状态 0未支付1支付',
  `pdr_paymenttime` int(11) NOT NULL DEFAULT '0' COMMENT '支付时间',
  `pdr_admin` varchar(30) DEFAULT '' COMMENT '管理员名',
  PRIMARY KEY (`pdr_id`),
  KEY `pdr_member_id` (`pdr_member_id`)
) ENGINE=InnoDB DEFAULT CHARSET=utf8 COMMENT='预存款充值表';
/*!40101 SET character_set_client = @saved_cs_client */;

--
-- Dumping data for table `ds_pdrecharge`
--

LOCK TABLES `ds_pdrecharge` WRITE;
/*!40000 ALTER TABLE `ds_pdrecharge` DISABLE KEYS */;
/*!40000 ALTER TABLE `ds_pdrecharge` ENABLE KEYS */;
UNLOCK TABLES;

--
-- Table structure for table `ds_pmansong`
--

DROP TABLE IF EXISTS `ds_pmansong`;
/*!40101 SET @saved_cs_client     = @@character_set_client */;
/*!40101 SET character_set_client = utf8 */;
CREATE TABLE `ds_pmansong` (
  `mansong_id` int(10) unsigned NOT NULL AUTO_INCREMENT COMMENT '满送活动编号',
  `mansong_name` varchar(50) NOT NULL COMMENT '活动名称',
  `mansong_starttime` int(10) unsigned NOT NULL COMMENT '活动开始时间',
  `mansong_endtime` int(10) unsigned NOT NULL COMMENT '活动结束时间',
  `mansong_state` tinyint(1) unsigned NOT NULL COMMENT '活动状态 1:未发布 2:正常 3:取消 4:失效 5:结束',
  `mansong_remark` varchar(200) NOT NULL COMMENT '满就送备注',
  PRIMARY KEY (`mansong_id`)
) ENGINE=InnoDB DEFAULT CHARSET=utf8 COMMENT='满就送活动表';
/*!40101 SET character_set_client = @saved_cs_client */;

--
-- Dumping data for table `ds_pmansong`
--

LOCK TABLES `ds_pmansong` WRITE;
/*!40000 ALTER TABLE `ds_pmansong` DISABLE KEYS */;
/*!40000 ALTER TABLE `ds_pmansong` ENABLE KEYS */;
UNLOCK TABLES;

--
-- Table structure for table `ds_pmansongrule`
--

DROP TABLE IF EXISTS `ds_pmansongrule`;
/*!40101 SET @saved_cs_client     = @@character_set_client */;
/*!40101 SET character_set_client = utf8 */;
CREATE TABLE `ds_pmansongrule` (
  `mansongrule_id` int(10) unsigned NOT NULL AUTO_INCREMENT COMMENT '满就送规则ID',
  `mansong_id` int(10) unsigned NOT NULL COMMENT '满就送活动ID',
  `mansongrule_price` int(10) unsigned NOT NULL DEFAULT '0' COMMENT '满就送级别价格',
  `mansongrule_discount` int(10) unsigned NOT NULL DEFAULT '0' COMMENT '满就送减现金优惠金额',
  `mansong_goods_name` varchar(200) DEFAULT NULL COMMENT '满就送礼品名称',
  `goods_id` int(10) unsigned NOT NULL DEFAULT '0' COMMENT '满就送商品ID',
  PRIMARY KEY (`mansongrule_id`),
  KEY `mansong_id` (`mansong_id`)
) ENGINE=InnoDB DEFAULT CHARSET=utf8 COMMENT='满就送活动规则表';
/*!40101 SET character_set_client = @saved_cs_client */;

--
-- Dumping data for table `ds_pmansongrule`
--

LOCK TABLES `ds_pmansongrule` WRITE;
/*!40000 ALTER TABLE `ds_pmansongrule` DISABLE KEYS */;
/*!40000 ALTER TABLE `ds_pmansongrule` ENABLE KEYS */;
UNLOCK TABLES;

--
-- Table structure for table `ds_pointscart`
--

DROP TABLE IF EXISTS `ds_pointscart`;
/*!40101 SET @saved_cs_client     = @@character_set_client */;
/*!40101 SET character_set_client = utf8 */;
CREATE TABLE `ds_pointscart` (
  `pcart_id` int(11) NOT NULL AUTO_INCREMENT COMMENT '积分购物车自增ID',
  `pmember_id` int(11) NOT NULL COMMENT '会员ID',
  `pgoods_id` int(11) NOT NULL COMMENT '积分礼品序号',
  `pgoods_name` varchar(200) NOT NULL COMMENT '积分礼品名称',
  `pgoods_points` int(11) NOT NULL COMMENT '积分礼品兑换积分',
  `pgoods_choosenum` int(11) NOT NULL COMMENT '选择积分礼品数量',
  `pgoods_image` varchar(100) DEFAULT NULL COMMENT '积分礼品图片',
  PRIMARY KEY (`pcart_id`),
  KEY `pmember_id` (`pmember_id`)
) ENGINE=InnoDB DEFAULT CHARSET=utf8 COMMENT='积分礼品兑换购物车';
/*!40101 SET character_set_client = @saved_cs_client */;

--
-- Dumping data for table `ds_pointscart`
--

LOCK TABLES `ds_pointscart` WRITE;
/*!40000 ALTER TABLE `ds_pointscart` DISABLE KEYS */;
/*!40000 ALTER TABLE `ds_pointscart` ENABLE KEYS */;
UNLOCK TABLES;

--
-- Table structure for table `ds_pointsgoods`
--

DROP TABLE IF EXISTS `ds_pointsgoods`;
/*!40101 SET @saved_cs_client     = @@character_set_client */;
/*!40101 SET character_set_client = utf8 */;
CREATE TABLE `ds_pointsgoods` (
  `pgoods_id` int(11) NOT NULL AUTO_INCREMENT COMMENT '积分礼品自增ID',
  `pgoods_name` varchar(200) NOT NULL COMMENT '积分礼品名称',
  `pgoods_price` decimal(10,2) NOT NULL DEFAULT '0.00' COMMENT '积分礼品原价',
  `pgoods_points` int(11) NOT NULL COMMENT '积分礼品兑换积分',
  `pgoods_image` varchar(100) DEFAULT NULL COMMENT '积分礼品封面图片',
  `pgoods_tag` varchar(100) NOT NULL COMMENT '积分礼品标签',
  `pgoods_serial` varchar(50) NOT NULL COMMENT '积分礼品货号',
  `pgoods_storage` int(11) NOT NULL DEFAULT '0' COMMENT '积分礼品库存',
  `pgoods_show` tinyint(1) NOT NULL COMMENT '积分礼品上架 0:下架 1:上架',
  `pgoods_commend` tinyint(1) NOT NULL COMMENT '积分礼品是否推荐',
  `pgoods_addtime` int(11) NOT NULL COMMENT '积分礼品添加时间',
  `pgoods_keywords` varchar(100) DEFAULT NULL COMMENT '积分礼品关键字',
  `pgoods_description` varchar(200) DEFAULT NULL COMMENT '积分礼品描述',
  `pgoods_body` text COMMENT '积分礼品内容',
  `pgoods_state` tinyint(1) NOT NULL DEFAULT '0' COMMENT '积分礼品状态 0:开启 1:禁售',
  `pgoods_close_reason` varchar(255) DEFAULT NULL COMMENT '积分礼品禁售原因',
  `pgoods_salenum` int(11) NOT NULL DEFAULT '0' COMMENT '积分礼品售出数量',
  `pgoods_view` int(11) NOT NULL DEFAULT '0' COMMENT '积分商品浏览量',
  `pgoods_islimit` tinyint(1) NOT NULL COMMENT '是否限制兑换数量',
  `pgoods_limitnum` int(11) DEFAULT NULL COMMENT '限制兑换数量',
  `pgoods_islimittime` tinyint(1) NOT NULL DEFAULT '0' COMMENT '是否限制兑换时间 0:不限制 1:限制',
  `pgoods_limitmgrade` int(11) NOT NULL DEFAULT '0' COMMENT '限制参与兑换的会员级别',
  `pgoods_starttime` int(11) DEFAULT NULL COMMENT '积分兑换开始时间',
  `pgoods_endtime` int(11) DEFAULT NULL COMMENT '积分兑换结束时间',
  `pgoods_sort` tinyint(3) unsigned NOT NULL DEFAULT '255' COMMENT '积分礼品排序',
  PRIMARY KEY (`pgoods_id`)
) ENGINE=InnoDB DEFAULT CHARSET=utf8 COMMENT='积分礼品表';
/*!40101 SET character_set_client = @saved_cs_client */;

--
-- Dumping data for table `ds_pointsgoods`
--

LOCK TABLES `ds_pointsgoods` WRITE;
/*!40000 ALTER TABLE `ds_pointsgoods` DISABLE KEYS */;
/*!40000 ALTER TABLE `ds_pointsgoods` ENABLE KEYS */;
UNLOCK TABLES;

--
-- Table structure for table `ds_pointslog`
--

DROP TABLE IF EXISTS `ds_pointslog`;
/*!40101 SET @saved_cs_client     = @@character_set_client */;
/*!40101 SET character_set_client = utf8 */;
CREATE TABLE `ds_pointslog` (
  `pl_id` int(11) NOT NULL AUTO_INCREMENT COMMENT '积分日志自增ID',
  `pl_memberid` int(11) NOT NULL COMMENT '会员ID',
  `pl_membername` varchar(100) NOT NULL COMMENT '会员名称',
  `pl_adminid` int(11) DEFAULT NULL COMMENT '管理员ID',
  `pl_adminname` varchar(100) DEFAULT NULL COMMENT '管理员名称',
  `pl_points` int(11) NOT NULL DEFAULT '0' COMMENT '积分数 负数为扣除',
  `pl_addtime` int(11) NOT NULL COMMENT '积分添加时间',
  `pl_desc` varchar(100) NOT NULL COMMENT '积分操作描述',
  `pl_stage` varchar(50) NOT NULL COMMENT '积分操作阶段',
  PRIMARY KEY (`pl_id`),
  KEY `pl_memberid` (`pl_memberid`)
) ENGINE=InnoDB AUTO_INCREMENT=4 DEFAULT CHARSET=utf8 COMMENT='会员积分日志表';
/*!40101 SET character_set_client = @saved_cs_client */;

--
-- Dumping data for table `ds_pointslog`
--

LOCK TABLES `ds_pointslog` WRITE;
/*!40000 ALTER TABLE `ds_pointslog` DISABLE KEYS */;
INSERT INTO `ds_pointslog` VALUES (1,1,'aaa123456',NULL,NULL,5,1685700271,'注册会员','regist'),(2,2,'test',NULL,NULL,5,1686034008,'注册会员','regist'),(3,3,'544238118',NULL,NULL,5,1686053359,'注册会员','regist');
/*!40000 ALTER TABLE `ds_pointslog` ENABLE KEYS */;
UNLOCK TABLES;

--
-- Table structure for table `ds_pointsorder`
--

DROP TABLE IF EXISTS `ds_pointsorder`;
/*!40101 SET @saved_cs_client     = @@character_set_client */;
/*!40101 SET character_set_client = utf8 */;
CREATE TABLE `ds_pointsorder` (
  `point_orderid` int(11) NOT NULL AUTO_INCREMENT COMMENT '兑换订单自增ID',
  `point_ordersn` varchar(20) NOT NULL COMMENT '兑换订单编号',
  `point_buyerid` int(11) NOT NULL COMMENT '兑换会员ID',
  `point_buyername` varchar(50) NOT NULL COMMENT '兑换会员姓名',
  `point_buyeremail` varchar(100) DEFAULT NULL COMMENT '兑换会员email',
  `point_addtime` int(11) NOT NULL COMMENT '兑换订单添加时间',
  `point_shippingtime` int(11) DEFAULT NULL COMMENT '兑换配送时间',
  `point_shippingcode` varchar(50) DEFAULT NULL COMMENT '兑换物流单号',
  `point_shipping_ecode` varchar(30) DEFAULT NULL COMMENT '兑换物流公司编码',
  `point_finnshedtime` int(11) DEFAULT NULL COMMENT '兑换订单完成时间',
  `point_allpoint` int(11) NOT NULL DEFAULT '0' COMMENT '兑换总积分',
  `point_ordermessage` varchar(300) DEFAULT NULL COMMENT '兑换订单留言',
  `point_orderstate` int(11) NOT NULL DEFAULT '20' COMMENT '订单状态：20:已兑换并扣除积分;30:已发货;40:已收货;50:已完成;2:已取消',
  PRIMARY KEY (`point_orderid`),
  KEY `point_buyerid` (`point_buyerid`)
) ENGINE=InnoDB DEFAULT CHARSET=utf8 COMMENT='兑换订单表';
/*!40101 SET character_set_client = @saved_cs_client */;

--
-- Dumping data for table `ds_pointsorder`
--

LOCK TABLES `ds_pointsorder` WRITE;
/*!40000 ALTER TABLE `ds_pointsorder` DISABLE KEYS */;
/*!40000 ALTER TABLE `ds_pointsorder` ENABLE KEYS */;
UNLOCK TABLES;

--
-- Table structure for table `ds_pointsorderaddress`
--

DROP TABLE IF EXISTS `ds_pointsorderaddress`;
/*!40101 SET @saved_cs_client     = @@character_set_client */;
/*!40101 SET character_set_client = utf8 */;
CREATE TABLE `ds_pointsorderaddress` (
  `pointoa_id` int(11) NOT NULL AUTO_INCREMENT COMMENT '积分兑换地址自增ID',
  `pointoa_orderid` int(11) NOT NULL COMMENT '订单id',
  `pointoa_truename` varchar(50) NOT NULL COMMENT '收货人姓名',
  `pointoa_areaid` int(11) NOT NULL COMMENT '地区id',
  `pointoa_areainfo` varchar(100) NOT NULL COMMENT '地区内容',
  `pointoa_address` varchar(200) NOT NULL COMMENT '详细地址',
  `pointoa_zipcode` varchar(20) NOT NULL COMMENT '邮政编码',
  `pointoa_telphone` varchar(20) NOT NULL COMMENT '电话号码',
  `pointoa_mobphone` varchar(20) NOT NULL COMMENT '手机号码',
  PRIMARY KEY (`pointoa_id`),
  KEY `pointoa_orderid` (`pointoa_orderid`)
) ENGINE=InnoDB DEFAULT CHARSET=utf8 COMMENT='积分兑换地址表';
/*!40101 SET character_set_client = @saved_cs_client */;

--
-- Dumping data for table `ds_pointsorderaddress`
--

LOCK TABLES `ds_pointsorderaddress` WRITE;
/*!40000 ALTER TABLE `ds_pointsorderaddress` DISABLE KEYS */;
/*!40000 ALTER TABLE `ds_pointsorderaddress` ENABLE KEYS */;
UNLOCK TABLES;

--
-- Table structure for table `ds_pointsordergoods`
--

DROP TABLE IF EXISTS `ds_pointsordergoods`;
/*!40101 SET @saved_cs_client     = @@character_set_client */;
/*!40101 SET character_set_client = utf8 */;
CREATE TABLE `ds_pointsordergoods` (
  `pointog_recid` int(11) NOT NULL AUTO_INCREMENT COMMENT '积分订单商品自增ID',
  `pointog_orderid` int(11) NOT NULL COMMENT '订单ID',
  `pointog_goodsid` int(11) NOT NULL COMMENT '礼品ID',
  `pointog_goodsname` varchar(100) NOT NULL COMMENT '礼品名称',
  `pointog_goodspoints` int(11) NOT NULL COMMENT '礼品兑换积分',
  `pointog_goodsnum` int(11) NOT NULL COMMENT '礼品数量',
  `pointog_goodsimage` varchar(100) DEFAULT NULL COMMENT '礼品图片',
  PRIMARY KEY (`pointog_recid`),
  KEY `pointog_orderid` (`pointog_orderid`)
) ENGINE=InnoDB DEFAULT CHARSET=utf8 COMMENT='兑换订单商品表';
/*!40101 SET character_set_client = @saved_cs_client */;

--
-- Dumping data for table `ds_pointsordergoods`
--

LOCK TABLES `ds_pointsordergoods` WRITE;
/*!40000 ALTER TABLE `ds_pointsordergoods` DISABLE KEYS */;
/*!40000 ALTER TABLE `ds_pointsordergoods` ENABLE KEYS */;
UNLOCK TABLES;

--
-- Table structure for table `ds_ppintuan`
--

DROP TABLE IF EXISTS `ds_ppintuan`;
/*!40101 SET @saved_cs_client     = @@character_set_client */;
/*!40101 SET character_set_client = utf8 */;
CREATE TABLE `ds_ppintuan` (
  `pintuan_id` int(10) unsigned NOT NULL AUTO_INCREMENT COMMENT '拼团自增ID',
  `pintuan_name` varchar(50) NOT NULL COMMENT '拼团名称',
  `pintuan_goods_id` int(11) unsigned NOT NULL COMMENT '商品ID',
  `pintuan_goods_name` varchar(200) NOT NULL COMMENT '拼团名称',
  `pintuan_goods_commonid` int(10) unsigned NOT NULL COMMENT '商品公共表ID',
  `pintuan_goods_price` decimal(10,2) NOT NULL COMMENT '商品价格',
  `pintuan_is_virtual` tinyint(3) DEFAULT '0' COMMENT '是否为虚拟商品 1:是 0:否',
  `pintuan_zhe` int(10) unsigned NOT NULL COMMENT '拼团折扣',
  `pintuan_image` varchar(50) DEFAULT NULL COMMENT '拼团图片',
  `pintuan_starttime` int(10) unsigned NOT NULL COMMENT '拼团开始时间',
  `pintuan_end_time` int(10) unsigned NOT NULL COMMENT '拼团结束时间',
  `pintuan_limit_number` int(10) unsigned NOT NULL DEFAULT '0' COMMENT '成团人数',
  `pintuan_limit_hour` int(10) unsigned NOT NULL DEFAULT '0' COMMENT '成团时限',
  `pintuan_limit_quantity` int(10) unsigned NOT NULL DEFAULT '0' COMMENT '成团数量限制',
  `pintuan_count` int(10) unsigned NOT NULL DEFAULT '0' COMMENT '组团数量',
  `pintuan_ok_count` int(10) unsigned NOT NULL DEFAULT '0' COMMENT '成功组团数量',
  `pintuan_state` tinyint(3) unsigned NOT NULL DEFAULT '1' COMMENT '状态，0:取消 1:正常',
  PRIMARY KEY (`pintuan_id`),
  KEY `pintuan_goods_id` (`pintuan_goods_id`)
) ENGINE=InnoDB DEFAULT CHARSET=utf8 COMMENT='店铺拼团表';
/*!40101 SET character_set_client = @saved_cs_client */;

--
-- Dumping data for table `ds_ppintuan`
--

LOCK TABLES `ds_ppintuan` WRITE;
/*!40000 ALTER TABLE `ds_ppintuan` DISABLE KEYS */;
/*!40000 ALTER TABLE `ds_ppintuan` ENABLE KEYS */;
UNLOCK TABLES;

--
-- Table structure for table `ds_ppintuangroup`
--

DROP TABLE IF EXISTS `ds_ppintuangroup`;
/*!40101 SET @saved_cs_client     = @@character_set_client */;
/*!40101 SET character_set_client = utf8 */;
CREATE TABLE `ds_ppintuangroup` (
  `pintuangroup_id` int(11) unsigned NOT NULL AUTO_INCREMENT COMMENT '拼团开团ID',
  `pintuan_id` int(10) unsigned NOT NULL COMMENT '拼团ID',
  `pintuangroup_goods_id` int(10) unsigned NOT NULL COMMENT '商品ID',
  `pintuangroup_is_virtual` tinyint(3) DEFAULT '0' COMMENT '是否为虚拟商品 1:是 0:否',
  `pintuangroup_limit_number` int(10) unsigned NOT NULL DEFAULT '0' COMMENT '成团人数',
  `pintuangroup_limit_hour` int(10) unsigned NOT NULL DEFAULT '0' COMMENT '成团时限',
  `pintuangroup_joined` int(10) unsigned NOT NULL COMMENT '己参团人数',
  `pintuangroup_headid` int(10) unsigned NOT NULL COMMENT '团长用户编号',
  `pintuangroup_starttime` int(10) unsigned NOT NULL COMMENT '开团时间',
  `pintuangroup_endtime` int(10) unsigned NOT NULL DEFAULT '0' COMMENT '结束时间 成功或失败',
  `pintuangroup_state` tinyint(3) unsigned NOT NULL DEFAULT '1' COMMENT '状态，0:取消 1:参团中 2:成功',
  PRIMARY KEY (`pintuangroup_id`),
  KEY `pintuan_id` (`pintuan_id`),
  KEY `pintuangroup_goods_id` (`pintuangroup_goods_id`)
) ENGINE=InnoDB DEFAULT CHARSET=utf8 COMMENT='拼团开团表';
/*!40101 SET character_set_client = @saved_cs_client */;

--
-- Dumping data for table `ds_ppintuangroup`
--

LOCK TABLES `ds_ppintuangroup` WRITE;
/*!40000 ALTER TABLE `ds_ppintuangroup` DISABLE KEYS */;
/*!40000 ALTER TABLE `ds_ppintuangroup` ENABLE KEYS */;
UNLOCK TABLES;

--
-- Table structure for table `ds_ppintuanorder`
--

DROP TABLE IF EXISTS `ds_ppintuanorder`;
/*!40101 SET @saved_cs_client     = @@character_set_client */;
/*!40101 SET character_set_client = utf8 */;
CREATE TABLE `ds_ppintuanorder` (
  `pintuanorder_id` int(10) unsigned NOT NULL AUTO_INCREMENT COMMENT '拼团开团ID',
  `pintuan_id` int(10) unsigned NOT NULL COMMENT '拼团ID',
  `pintuangroup_id` int(11) unsigned NOT NULL COMMENT '拼团开团ID',
  `order_id` int(11) NOT NULL COMMENT '订单ID',
  `order_sn` varchar(20) NOT NULL COMMENT '订单编号',
  `pintuanorder_isfirst` tinyint(3) unsigned NOT NULL DEFAULT '0' COMMENT '是否首团订单，0:否 1:是',
  `pintuanorder_state` tinyint(3) unsigned NOT NULL DEFAULT '1' COMMENT '状态，0:取消 1:参团中 2:成功',
  `pintuanorder_type` tinyint(1) unsigned NOT NULL COMMENT '订单类型（0实物1虚拟）',
  PRIMARY KEY (`pintuanorder_id`),
  KEY `pintuan_id` (`pintuan_id`),
  KEY `pintuangroup_id` (`pintuangroup_id`)
) ENGINE=InnoDB DEFAULT CHARSET=utf8 COMMENT='拼团订单辅助表';
/*!40101 SET character_set_client = @saved_cs_client */;

--
-- Dumping data for table `ds_ppintuanorder`
--

LOCK TABLES `ds_ppintuanorder` WRITE;
/*!40000 ALTER TABLE `ds_ppintuanorder` DISABLE KEYS */;
/*!40000 ALTER TABLE `ds_ppintuanorder` ENABLE KEYS */;
UNLOCK TABLES;

--
-- Table structure for table `ds_pxianshi`
--

DROP TABLE IF EXISTS `ds_pxianshi`;
/*!40101 SET @saved_cs_client     = @@character_set_client */;
/*!40101 SET character_set_client = utf8 */;
CREATE TABLE `ds_pxianshi` (
  `xianshi_id` int(10) unsigned NOT NULL AUTO_INCREMENT COMMENT '限时折扣自增ID',
  `xianshi_name` varchar(50) NOT NULL COMMENT '活动名称',
  `xianshi_title` varchar(10) DEFAULT NULL COMMENT '活动标题',
  `xianshi_explain` varchar(50) DEFAULT NULL COMMENT '活动说明',
  `xianshi_starttime` int(10) unsigned NOT NULL COMMENT '活动开始时间',
  `xianshi_end_time` int(10) unsigned NOT NULL COMMENT '活动结束时间',
  `xianshi_lower_limit` int(10) unsigned NOT NULL DEFAULT '1' COMMENT '购买下限，1:不限制',
  `xianshi_state` tinyint(3) unsigned NOT NULL DEFAULT '1' COMMENT '状态，0:取消 1:正常',
  PRIMARY KEY (`xianshi_id`)
) ENGINE=InnoDB DEFAULT CHARSET=utf8 COMMENT='限时折扣活动表';
/*!40101 SET character_set_client = @saved_cs_client */;

--
-- Dumping data for table `ds_pxianshi`
--

LOCK TABLES `ds_pxianshi` WRITE;
/*!40000 ALTER TABLE `ds_pxianshi` DISABLE KEYS */;
/*!40000 ALTER TABLE `ds_pxianshi` ENABLE KEYS */;
UNLOCK TABLES;

--
-- Table structure for table `ds_pxianshigoods`
--

DROP TABLE IF EXISTS `ds_pxianshigoods`;
/*!40101 SET @saved_cs_client     = @@character_set_client */;
/*!40101 SET character_set_client = utf8 */;
CREATE TABLE `ds_pxianshigoods` (
  `xianshigoods_id` int(10) unsigned NOT NULL AUTO_INCREMENT COMMENT '限时折扣商品表',
  `xianshi_id` int(10) unsigned NOT NULL COMMENT '限时折扣ID',
  `xianshi_name` varchar(50) NOT NULL COMMENT '限时折扣名称',
  `xianshi_title` varchar(10) DEFAULT NULL COMMENT '限时折扣标题',
  `xianshi_explain` varchar(50) DEFAULT NULL COMMENT '限时折扣说明',
  `goods_id` int(10) unsigned NOT NULL COMMENT '商品ID',
  `goods_commonid` int(10) unsigned NOT NULL COMMENT '主商品公共ID',
  `goods_name` varchar(200) NOT NULL COMMENT '商品名称',
  `goods_price` decimal(10,2) NOT NULL COMMENT '平台价格',
  `goods_image` varchar(100) NOT NULL COMMENT '商品图片',
  `xianshigoods_price` decimal(10,2) NOT NULL COMMENT '限时折扣价格',
  `xianshigoods_starttime` int(10) unsigned NOT NULL COMMENT '限时折扣开始时间',
  `xianshigoods_end_time` int(10) unsigned NOT NULL COMMENT '限时折扣结束时间',
  `xianshigoods_lower_limit` int(10) unsigned NOT NULL DEFAULT '0' COMMENT '购买下限，0为不限制',
  `xianshigoods_state` tinyint(3) unsigned NOT NULL DEFAULT '1' COMMENT '限时折扣状态，0-取消 1-正常',
  `xianshigoods_recommend` tinyint(3) unsigned NOT NULL DEFAULT '0' COMMENT '限时折扣推荐标志 0-未推荐 1-已推荐',
  `gc_id_1` mediumint(9) DEFAULT '0' COMMENT '商品分类一级ID',
  PRIMARY KEY (`xianshigoods_id`),
  KEY `goods_id` (`goods_id`)
) ENGINE=InnoDB DEFAULT CHARSET=utf8 COMMENT='限时折扣商品表';
/*!40101 SET character_set_client = @saved_cs_client */;

--
-- Dumping data for table `ds_pxianshigoods`
--

LOCK TABLES `ds_pxianshigoods` WRITE;
/*!40000 ALTER TABLE `ds_pxianshigoods` DISABLE KEYS */;
/*!40000 ALTER TABLE `ds_pxianshigoods` ENABLE KEYS */;
UNLOCK TABLES;

--
-- Table structure for table `ds_rcblog`
--

DROP TABLE IF EXISTS `ds_rcblog`;
/*!40101 SET @saved_cs_client     = @@character_set_client */;
/*!40101 SET character_set_client = utf8 */;
CREATE TABLE `ds_rcblog` (
  `rcblog_id` int(11) NOT NULL AUTO_INCREMENT COMMENT '余额变更日志自增ID',
  `member_id` int(11) NOT NULL COMMENT '会员ID',
  `member_name` varchar(50) NOT NULL COMMENT '会员名称',
  `rcblog_type` varchar(15) NOT NULL DEFAULT '' COMMENT 'order_pay:下单使用 order_freeze:下单冻结 order_cancel:取消订单解冻 order_comb_pay:下单扣除被冻结 recharge:平台充值卡充值 refund:确认退款 vr_refund:虚拟兑码退款',
  `rcblog_addtime` int(11) NOT NULL COMMENT '变更添加时间',
  `available_amount` decimal(10,2) NOT NULL DEFAULT '0.00' COMMENT '可用充值卡余额变更 0表示未变更',
  `freeze_amount` decimal(10,2) NOT NULL DEFAULT '0.00' COMMENT '冻结充值卡余额变更 0表示未变更',
  `rcblog_description` varchar(150) DEFAULT NULL COMMENT '变更描述',
  PRIMARY KEY (`rcblog_id`),
  KEY `member_id` (`member_id`)
) ENGINE=InnoDB DEFAULT CHARSET=utf8 COMMENT='充值卡余额变更日志表';
/*!40101 SET character_set_client = @saved_cs_client */;

--
-- Dumping data for table `ds_rcblog`
--

LOCK TABLES `ds_rcblog` WRITE;
/*!40000 ALTER TABLE `ds_rcblog` DISABLE KEYS */;
/*!40000 ALTER TABLE `ds_rcblog` ENABLE KEYS */;
UNLOCK TABLES;

--
-- Table structure for table `ds_rechargecard`
--

DROP TABLE IF EXISTS `ds_rechargecard`;
/*!40101 SET @saved_cs_client     = @@character_set_client */;
/*!40101 SET character_set_client = utf8 */;
CREATE TABLE `ds_rechargecard` (
  `rc_id` int(11) NOT NULL AUTO_INCREMENT COMMENT '充值卡自增ID',
  `rc_sn` varchar(50) NOT NULL COMMENT '充值卡卡号',
  `rc_denomination` decimal(10,2) NOT NULL COMMENT '充值卡面额',
  `rc_batchflag` varchar(20) NOT NULL COMMENT '充值卡批次标识',
  `rc_admin_name` varchar(50) DEFAULT NULL COMMENT '充值卡创建者名称',
  `rc_tscreated` int(10) unsigned NOT NULL COMMENT '充值卡创建时间',
  `rc_tsused` int(10) unsigned NOT NULL DEFAULT '0' COMMENT '充值卡使用时间',
  `rc_state` tinyint(3) unsigned NOT NULL DEFAULT '0' COMMENT '充值卡状态 0可用 1已用 2已删',
  `member_id` int(11) NOT NULL DEFAULT '0' COMMENT '使用者会员ID',
  `member_name` varchar(50) DEFAULT NULL COMMENT '使用者会员名称',
  PRIMARY KEY (`rc_id`),
  KEY `member_id` (`member_id`)
) ENGINE=InnoDB DEFAULT CHARSET=utf8 COMMENT='平台充值卡';
/*!40101 SET character_set_client = @saved_cs_client */;

--
-- Dumping data for table `ds_rechargecard`
--

LOCK TABLES `ds_rechargecard` WRITE;
/*!40000 ALTER TABLE `ds_rechargecard` DISABLE KEYS */;
/*!40000 ALTER TABLE `ds_rechargecard` ENABLE KEYS */;
UNLOCK TABLES;

--
-- Table structure for table `ds_refundreason`
--

DROP TABLE IF EXISTS `ds_refundreason`;
/*!40101 SET @saved_cs_client     = @@character_set_client */;
/*!40101 SET character_set_client = utf8 */;
CREATE TABLE `ds_refundreason` (
  `reason_id` int(10) unsigned NOT NULL AUTO_INCREMENT COMMENT '原因自增ID',
  `reason_info` varchar(50) NOT NULL COMMENT '原因内容',
  `reason_sort` tinyint(3) unsigned DEFAULT '255' COMMENT '退款退货原因排序',
  `reason_updatetime` int(10) unsigned NOT NULL COMMENT '退款退货原因更新时间',
  PRIMARY KEY (`reason_id`)
) ENGINE=InnoDB AUTO_INCREMENT=6 DEFAULT CHARSET=utf8 COMMENT='退款退货原因表';
/*!40101 SET character_set_client = @saved_cs_client */;

--
-- Dumping data for table `ds_refundreason`
--

LOCK TABLES `ds_refundreason` WRITE;
/*!40000 ALTER TABLE `ds_refundreason` DISABLE KEYS */;
INSERT INTO `ds_refundreason` VALUES (1,'效果不好不喜欢',1,1393480261),(2,'商品破损、有污渍',2,1393480261),(3,'保质期不符',3,1393480261),(4,'认为是假货',4,1393480261),(5,'不能按时发货',5,1393480261);
/*!40000 ALTER TABLE `ds_refundreason` ENABLE KEYS */;
UNLOCK TABLES;

--
-- Table structure for table `ds_refundreturn`
--

DROP TABLE IF EXISTS `ds_refundreturn`;
/*!40101 SET @saved_cs_client     = @@character_set_client */;
/*!40101 SET character_set_client = utf8 */;
CREATE TABLE `ds_refundreturn` (
  `refund_id` int(10) unsigned NOT NULL AUTO_INCREMENT COMMENT '退款退货记录自增ID',
  `order_id` int(10) unsigned NOT NULL COMMENT '订单ID',
  `order_sn` varchar(20) NOT NULL COMMENT '订单编号',
  `refund_sn` varchar(50) NOT NULL COMMENT '申请编号',
  `buyer_id` int(10) unsigned NOT NULL COMMENT '买家ID',
  `buyer_name` varchar(50) NOT NULL COMMENT '买家会员名',
  `goods_id` int(10) unsigned NOT NULL COMMENT '商品ID,0:全部退款',
  `order_goods_id` int(10) unsigned DEFAULT '0' COMMENT '订单商品ID,0:全部退款',
  `goods_name` varchar(200) NOT NULL COMMENT '商品名称',
  `goods_num` int(10) unsigned DEFAULT '1' COMMENT '商品数量',
  `refund_amount` decimal(10,2) DEFAULT '0.00' COMMENT '退款金额',
  `goods_image` varchar(100) DEFAULT NULL COMMENT '商品图片',
  `order_goods_type` tinyint(1) unsigned DEFAULT '1' COMMENT '订单商品类型:1:默认2:抢购商品3:限时折扣商品4:组合套装 5:赠品6:拼团7:会员等级折扣',
  `examine_type` tinyint(1) unsigned DEFAULT '1' COMMENT '审核状态:1:待审核,2:同意,3:不同意',
  `refund_type` tinyint(1) unsigned DEFAULT '1' COMMENT '申请类型:1:退款,2:退货',
  `refund_state` tinyint(1) unsigned DEFAULT '1' COMMENT '申请状态:1:处理中,2:待管理员处理,3:已完成',
  `return_type` tinyint(1) unsigned DEFAULT '1' COMMENT '退货类型:1:不用退货,2:需要退货',
  `order_lock` tinyint(1) unsigned DEFAULT '1' COMMENT '订单锁定类型:1:不用锁定,2:需要锁定',
  `goods_state` tinyint(1) unsigned DEFAULT '1' COMMENT '物流状态:1:待发货,2:待收货,3:未收到,4:已收货',
  `add_time` int(10) unsigned NOT NULL COMMENT '添加时间',
  `admin_time` int(10) unsigned DEFAULT '0' COMMENT '管理员处理时间',
  `reason_id` int(10) unsigned DEFAULT '0' COMMENT '原因ID:0:其它',
  `reason_info` varchar(300) DEFAULT '' COMMENT '原因内容',
  `pic_info` varchar(300) DEFAULT '' COMMENT '退款退货图片',
  `buyer_message` varchar(300) DEFAULT NULL COMMENT '退款退货申请原因',
  `admin_message` varchar(300) DEFAULT NULL COMMENT '管理员备注',
  `express_id` tinyint(1) unsigned DEFAULT '0' COMMENT '物流公司编号',
  `invoice_no` varchar(50) DEFAULT NULL COMMENT '物流单号',
  `ship_time` int(10) unsigned DEFAULT '0' COMMENT '发货时间,默认为0',
  `delay_time` int(10) unsigned DEFAULT '0' COMMENT '收货延迟时间,默认为0',
  `receive_time` int(10) unsigned DEFAULT '0' COMMENT '收货时间,默认为0',
  `receive_message` varchar(300) DEFAULT NULL COMMENT '收货备注',
  PRIMARY KEY (`refund_id`),
  KEY `order_id` (`order_id`),
  KEY `buyer_id` (`buyer_id`),
  KEY `order_goods_id` (`order_goods_id`)
) ENGINE=InnoDB DEFAULT CHARSET=utf8 COMMENT='退款退货表';
/*!40101 SET character_set_client = @saved_cs_client */;

--
-- Dumping data for table `ds_refundreturn`
--

LOCK TABLES `ds_refundreturn` WRITE;
/*!40000 ALTER TABLE `ds_refundreturn` DISABLE KEYS */;
/*!40000 ALTER TABLE `ds_refundreturn` ENABLE KEYS */;
UNLOCK TABLES;

--
-- Table structure for table `ds_seo`
--

DROP TABLE IF EXISTS `ds_seo`;
/*!40101 SET @saved_cs_client     = @@character_set_client */;
/*!40101 SET character_set_client = utf8 */;
CREATE TABLE `ds_seo` (
  `seo_id` mediumint(8) unsigned NOT NULL AUTO_INCREMENT COMMENT 'SEO自增ID',
  `seo_title` varchar(255) NOT NULL COMMENT 'SEO标题',
  `seo_keywords` varchar(255) NOT NULL COMMENT 'SEO关键词',
  `seo_description` text NOT NULL COMMENT 'SEO描述',
  `seo_type` varchar(20) NOT NULL COMMENT 'SEO类型',
  PRIMARY KEY (`seo_id`)
) ENGINE=InnoDB AUTO_INCREMENT=15 DEFAULT CHARSET=utf8 COMMENT='SEO信息存放表';
/*!40101 SET character_set_client = @saved_cs_client */;

--
-- Dumping data for table `ds_seo`
--

LOCK TABLES `ds_seo` WRITE;
/*!40000 ALTER TABLE `ds_seo` DISABLE KEYS */;
INSERT INTO `ds_seo` VALUES (1,'{sitename} ','','','index'),(2,'{sitename} - 抢购','DSShop,{sitename}','','group'),(3,'{sitename} - {name}','DSShop,{name},{sitename}','DSShop,{name},{sitename}','group_content'),(4,'{sitename} - 品牌','DSShop,{sitename}','DSShop,{sitename}','brand'),(5,'{sitename} - {name}','DSShop,{sitename},{name}','DSShop,{sitename},{name}','brand_list'),(7,'{sitename} - {name}','DSShop,{sitename},{name}','DSShop,{sitename},{name}','coupon_content'),(8,'{sitename} - 积分商城','DSShop,{sitename}','DSShop,{sitename}','point'),(9,'{sitename} - {name}','DSShop,{sitename},{key}','DSShop,{sitename},{description}','point_content'),(10,'{sitename} - {article_class}','DSShop,{sitename}','DSShop,{sitename}','article'),(11,'{sitename} - {name}','DSShop,{sitename},{key}','DSShop,{sitename},{description}','article_content'),(12,'{sitename} - {shopname}','DSShop,{sitename},{key}','DSShop,{sitename},{description}','shop'),(13,'{name} - {sitename}','DSShop,{sitename},{key}','DSShop,{sitename},{description}','product'),(14,'看{name}怎么淘到好的宝贝-{sitename}','DSShop,{sitename},{name}','DSShop,{sitename},{name}','sns');
/*!40000 ALTER TABLE `ds_seo` ENABLE KEYS */;
UNLOCK TABLES;

--
-- Table structure for table `ds_smslog`
--

DROP TABLE IF EXISTS `ds_smslog`;
/*!40101 SET @saved_cs_client     = @@character_set_client */;
/*!40101 SET character_set_client = utf8 */;
CREATE TABLE `ds_smslog` (
  `smslog_id` int(10) unsigned NOT NULL AUTO_INCREMENT COMMENT '短信记录自增ID',
  `smslog_phone` char(11) NOT NULL COMMENT '短信手机号',
  `smslog_captcha` char(6) NOT NULL COMMENT '短信动态码',
  `smslog_ip` varchar(15) NOT NULL COMMENT '短信请求IP',
  `smslog_msg` text COMMENT '短信内容',
  `smslog_type` tinyint(1) unsigned NOT NULL DEFAULT '1' COMMENT '短信类型:1为注册,2为登录,3为找回密码,4绑定手机,5安全验证,默认为1',
  `smslog_smstime` int(10) unsigned NOT NULL COMMENT '短信添加时间',
  `member_id` int(10) unsigned DEFAULT '0' COMMENT '短信会员ID,注册为0',
  `member_name` varchar(50) DEFAULT '' COMMENT '短信会员名',
  `smslog_state` tinyint(1) unsigned DEFAULT '0' COMMENT '0待发送1发送成功2发送失败',
  PRIMARY KEY (`smslog_id`),
  KEY `smslog_phone` (`smslog_phone`),
  KEY `member_id` (`member_id`),
  KEY `smslog_state` (`smslog_state`)
) ENGINE=InnoDB DEFAULT CHARSET=utf8 COMMENT='手机短信记录表';
/*!40101 SET character_set_client = @saved_cs_client */;

--
-- Dumping data for table `ds_smslog`
--

LOCK TABLES `ds_smslog` WRITE;
/*!40000 ALTER TABLE `ds_smslog` DISABLE KEYS */;
/*!40000 ALTER TABLE `ds_smslog` ENABLE KEYS */;
UNLOCK TABLES;

--
-- Table structure for table `ds_snsalbumpic`
--

DROP TABLE IF EXISTS `ds_snsalbumpic`;
/*!40101 SET @saved_cs_client     = @@character_set_client */;
/*!40101 SET character_set_client = utf8 */;
CREATE TABLE `ds_snsalbumpic` (
  `ap_id` int(10) unsigned NOT NULL AUTO_INCREMENT COMMENT '相册图片自增ID',
  `ac_id` int(10) unsigned DEFAULT NULL COMMENT '相册ID',
  `member_id` int(10) unsigned NOT NULL COMMENT '会员ID',
  `ap_name` varchar(100) NOT NULL COMMENT '图片名称',
  `ap_cover` varchar(255) NOT NULL COMMENT '图片路径',
  `ap_size` int(10) unsigned NOT NULL COMMENT '图片大小',
  `ap_spec` varchar(100) NOT NULL COMMENT '图片规格',
  `ap_uploadtime` int(10) unsigned NOT NULL COMMENT '图片上传时间',
  `ap_type` tinyint(4) NOT NULL DEFAULT '0' COMMENT '图片类型，0为无、1为买家秀',
  `item_id` tinyint(4) NOT NULL DEFAULT '0' COMMENT '信息ID',
  PRIMARY KEY (`ap_id`),
  KEY `member_id` (`member_id`),
  KEY `ac_id` (`ac_id`)
) ENGINE=InnoDB DEFAULT CHARSET=utf8 COMMENT='相册图片表';
/*!40101 SET character_set_client = @saved_cs_client */;

--
-- Dumping data for table `ds_snsalbumpic`
--

LOCK TABLES `ds_snsalbumpic` WRITE;
/*!40000 ALTER TABLE `ds_snsalbumpic` DISABLE KEYS */;
/*!40000 ALTER TABLE `ds_snsalbumpic` ENABLE KEYS */;
UNLOCK TABLES;

--
-- Table structure for table `ds_spec`
--

DROP TABLE IF EXISTS `ds_spec`;
/*!40101 SET @saved_cs_client     = @@character_set_client */;
/*!40101 SET character_set_client = utf8 */;
CREATE TABLE `ds_spec` (
  `sp_id` int(10) unsigned NOT NULL AUTO_INCREMENT COMMENT '规格自增ID',
  `sp_name` varchar(100) NOT NULL COMMENT '规格名称',
  `sp_sort` tinyint(3) unsigned NOT NULL DEFAULT '255' COMMENT '规格排序',
  `gc_id` int(10) unsigned DEFAULT '0' COMMENT '所属商品分类id',
  `gc_name` varchar(100) DEFAULT NULL COMMENT '所属商品分类名称',
  PRIMARY KEY (`sp_id`),
  KEY `gc_id` (`gc_id`)
) ENGINE=InnoDB AUTO_INCREMENT=10 DEFAULT CHARSET=utf8 COMMENT='商品规格表';
/*!40101 SET character_set_client = @saved_cs_client */;

--
-- Dumping data for table `ds_spec`
--

LOCK TABLES `ds_spec` WRITE;
/*!40000 ALTER TABLE `ds_spec` DISABLE KEYS */;
INSERT INTO `ds_spec` VALUES (1,'样式',0,1,'手机/ 智能数码'),(2,'颜色',0,1,'手机/ 智能数码'),(6,'颜色',255,768,'笔记本'),(7,'版本',255,768,'笔记本'),(8,'版本',255,769,'平板'),(9,'颜色',255,769,'平板');
/*!40000 ALTER TABLE `ds_spec` ENABLE KEYS */;
UNLOCK TABLES;

--
-- Table structure for table `ds_specvalue`
--

DROP TABLE IF EXISTS `ds_specvalue`;
/*!40101 SET @saved_cs_client     = @@character_set_client */;
/*!40101 SET character_set_client = utf8 */;
CREATE TABLE `ds_specvalue` (
  `spvalue_id` int(10) unsigned NOT NULL AUTO_INCREMENT COMMENT '规格值自增ID',
  `spvalue_name` varchar(100) NOT NULL COMMENT '规格值名称',
  `sp_id` int(10) unsigned NOT NULL COMMENT '所属规格ID',
  `gc_id` int(10) unsigned NOT NULL COMMENT '分类ID',
  `spvalue_color` varchar(10) DEFAULT NULL COMMENT '规格颜色',
  `spvalue_sort` tinyint(1) unsigned NOT NULL COMMENT '规格排序',
  PRIMARY KEY (`spvalue_id`),
  KEY `sp_id` (`sp_id`)
) ENGINE=InnoDB AUTO_INCREMENT=129 DEFAULT CHARSET=utf8 COMMENT='商品规格值表';
/*!40101 SET character_set_client = @saved_cs_client */;

--
-- Dumping data for table `ds_specvalue`
--

LOCK TABLES `ds_specvalue` WRITE;
/*!40000 ALTER TABLE `ds_specvalue` DISABLE KEYS */;
INSERT INTO `ds_specvalue` VALUES (1,'8G+128G',1,75,NULL,0),(2,'8G+256G',1,75,NULL,0),(3,'12G+256G',2,75,NULL,0),(4,'12G+256G',1,75,NULL,0),(5,'黑色',2,75,NULL,0),(6,'白色',2,75,NULL,0),(7,'矿野绿',2,75,NULL,0),(8,'远山蓝',2,75,NULL,0),(9,'6G+128G',1,75,NULL,0),(10,'蓝色',2,75,NULL,0),(11,'绿色',2,75,NULL,0),(12,'墨羽',2,75,NULL,0),(13,'晴雪',2,75,NULL,0),(14,'青蓝',2,75,NULL,0),(15,'幽芒',2,75,NULL,0),(16,'12G+512G',1,75,NULL,0),(17,'4G+64G',1,75,NULL,0),(18,'4G+128G',1,75,NULL,0),(19,'紫色',2,75,NULL,0),(20,'子夜黑',2,75,NULL,0),(21,'时光蓝',2,75,NULL,0),(22,'镜瓷白',2,75,NULL,0),(23,'墨羽',2,75,NULL,0),(24,'晴雪',2,75,NULL,0),(25,'幽芒',2,75,NULL,0),(28,'12G+256G',1,76,NULL,0),(29,'16G+256G',1,76,NULL,0),(30,'12G+215G',1,76,NULL,0),(31,'光羽流星',2,76,NULL,0),(32,'星际黑',2,76,NULL,0),(33,'流光幻境',2,76,NULL,0),(34,'亮黑色',2,76,NULL,0),(35,'墨玉绿',2,76,NULL,0),(36,'朱丽叶',2,76,NULL,0),(37,'8G+256G',1,76,NULL,0),(38,'MAGIC3',1,76,NULL,0),(39,'MAGIC3 PRO',1,76,NULL,0),(40,'6G+256G',1,76,NULL,0),(41,'魅海蓝',2,76,NULL,0),(42,'太空银',2,76,NULL,0),(43,'晨曦金',2,76,NULL,0),(44,'菱紫',1,78,NULL,0),(45,'钻黑',1,78,NULL,0),(46,'鎏金',1,78,NULL,0),(47,'鎏金',2,78,NULL,0),(48,'钻黑',2,78,NULL,0),(49,'菱紫',2,78,NULL,0),(50,'8G+128G',1,78,NULL,0),(51,'8G+256G',1,78,NULL,0),(52,'12GG+256G',1,78,NULL,0),(53,'风信紫',2,78,NULL,0),(54,'海墨绿',2,78,NULL,0),(55,'昼夜黑',2,78,NULL,0),(56,'夜岩',2,78,NULL,0),(57,'冲浪',2,78,NULL,0),(58,'赛点',2,78,NULL,0),(59,'12G+512G',1,78,NULL,0),(60,'16G+512G',1,78,NULL,0),(61,'6G+128G',1,78,NULL,0),(62,'12G+128G',1,78,NULL,0),(63,'天青',2,78,NULL,0),(64,'慕紫',1,79,NULL,0),(65,'雅黑',1,79,NULL,0),(66,'鎏金',1,79,NULL,0),(67,'鎏金',2,79,NULL,0),(68,'雅黑',2,79,NULL,0),(69,'慕紫',2,79,NULL,0),(70,'12G+256G',1,79,NULL,0),(71,'16G+256G',1,79,NULL,0),(72,'16G+512G',1,79,NULL,0),(73,'银月',2,79,NULL,0),(74,'墨黑',2,79,NULL,0),(75,'飞泉绿',2,79,NULL,0),(76,'光羽金',2,79,NULL,0),(77,'星云灰',2,79,NULL,0),(78,'8G+256G',1,79,NULL,0),(79,'珠光',2,79,NULL,0),(80,'墨玉',2,79,NULL,0),(81,'8G+128G',1,282,NULL,0),(82,'8G+256G',1,282,NULL,0),(83,'宇宙黑',2,282,NULL,0),(84,'晴天蓝',2,282,NULL,0),(85,'水蜜桃',2,282,NULL,0),(86,'悠雾紫',2,282,NULL,0),(87,'悠柔白',2,282,NULL,0),(88,'羽梦白',2,282,NULL,0),(89,'耀夜黑',2,282,NULL,0),(90,'雾凇绿',2,282,NULL,0),(91,'浮光粉',2,282,NULL,0),(92,'哥特太空',2,282,NULL,0),(93,'蓝海假日',2,282,NULL,0),(94,'WATCH8星光色',2,70,NULL,0),(95,'WATCH8午夜色',2,70,NULL,0),(96,'WATCH8红色',2,70,NULL,0),(97,'铝金属GPS款41毫米',1,70,NULL,0),(98,'铝金属GPS款45毫米',1,70,NULL,0),(99,'49MM表壳',1,70,NULL,0),(100,'【钛合金】',2,70,NULL,0),(101,'典雅黑',2,70,NULL,0),(102,'象牙白',2,70,NULL,0),(103,'Redmi watch3',1,70,NULL,0),(104,'白色',2,70,NULL,0),(105,'粉色',2,70,NULL,0),(106,'黑色',2,70,NULL,0),(107,'高配',1,70,NULL,0),(108,'顶配',1,70,NULL,0),(109,'阑灰',6,769,NULL,0),(110,'8G+256G WIFI版',7,769,NULL,0),(111,'8G+128G WIFI版',7,769,NULL,0),(112,'星河蓝',6,769,NULL,0),(113,'冰霜银',6,769,NULL,0),(114,'黑曜石',6,769,NULL,0),(115,'12G+128G',7,769,NULL,0),(116,'12G+512G',7,769,NULL,0),(117,'灰色',6,769,NULL,0),(118,'银色',6,769,NULL,0),(119,'11英寸',7,769,NULL,0),(120,'13英寸',7,769,NULL,0),(121,'12G+256G WIFI版',7,769,NULL,0),(122,'曜石灰',6,769,NULL,0),(123,'海岛蓝',6,769,NULL,0),(124,'12G+1T WIFI版',7,769,NULL,0),(125,'512G SSD',7,768,NULL,0),(126,'1T SSD',7,768,NULL,0),(127,'14核I7/3060/165HZ',7,768,NULL,0),(128,'14英寸2.5K屏',7,768,NULL,0);
/*!40000 ALTER TABLE `ds_specvalue` ENABLE KEYS */;
UNLOCK TABLES;

--
-- Table structure for table `ds_statmember`
--

DROP TABLE IF EXISTS `ds_statmember`;
/*!40101 SET @saved_cs_client     = @@character_set_client */;
/*!40101 SET character_set_client = utf8 */;
CREATE TABLE `ds_statmember` (
  `statm_id` int(11) NOT NULL AUTO_INCREMENT COMMENT '统计自增ID',
  `statm_memberid` int(11) NOT NULL COMMENT '会员ID',
  `statm_membername` varchar(100) NOT NULL COMMENT '会员名称',
  `statm_time` int(11) NOT NULL COMMENT '统计时间',
  `statm_ordernum` int(11) NOT NULL DEFAULT '0' COMMENT '下单量',
  `statm_orderamount` decimal(10,2) NOT NULL DEFAULT '0.00' COMMENT '下单金额',
  `statm_goodsnum` int(11) NOT NULL DEFAULT '0' COMMENT '下单商品件数',
  `statm_predincrease` decimal(10,2) NOT NULL DEFAULT '0.00' COMMENT '预存款增加额',
  `statm_predreduce` decimal(10,2) NOT NULL DEFAULT '0.00' COMMENT '预存款减少额',
  `statm_pointsincrease` int(11) NOT NULL DEFAULT '0' COMMENT '积分增加额',
  `statm_pointsreduce` int(11) NOT NULL DEFAULT '0' COMMENT '积分减少额',
  `statm_updatetime` int(11) NOT NULL COMMENT '更新时间',
  PRIMARY KEY (`statm_id`)
) ENGINE=InnoDB DEFAULT CHARSET=utf8 COMMENT='会员相关数据统计';
/*!40101 SET character_set_client = @saved_cs_client */;

--
-- Dumping data for table `ds_statmember`
--

LOCK TABLES `ds_statmember` WRITE;
/*!40000 ALTER TABLE `ds_statmember` DISABLE KEYS */;
/*!40000 ALTER TABLE `ds_statmember` ENABLE KEYS */;
UNLOCK TABLES;

--
-- Table structure for table `ds_statorder`
--

DROP TABLE IF EXISTS `ds_statorder`;
/*!40101 SET @saved_cs_client     = @@character_set_client */;
/*!40101 SET character_set_client = utf8 */;
CREATE TABLE `ds_statorder` (
  `order_id` int(11) NOT NULL COMMENT '订单id',
  `order_sn` varchar(20) NOT NULL COMMENT '订单编号',
  `order_add_time` int(10) unsigned NOT NULL DEFAULT '0' COMMENT '订单生成时间',
  `payment_code` char(20) DEFAULT '' COMMENT '支付方式',
  `order_amount` decimal(10,2) unsigned NOT NULL DEFAULT '0.00' COMMENT '订单总价格',
  `shipping_fee` decimal(10,2) unsigned DEFAULT '0.00' COMMENT '运费',
  `evaluation_state` enum('0','1') DEFAULT '0' COMMENT '评价状态 0未评价，1已评价',
  `order_state` enum('0','10','20','30','40') NOT NULL DEFAULT '10' COMMENT '订单状态：0(已取消)10(默认):未付款;20:已付款;30:已发货;40:已收货;',
  `refund_state` tinyint(1) unsigned DEFAULT '0' COMMENT '退款状态:0是无退款,1是部分退款,2是全部退款',
  `refund_amount` decimal(10,2) DEFAULT '0.00' COMMENT '退款金额',
  `order_from` enum('1','2') NOT NULL DEFAULT '1' COMMENT '订单来源，1:PC 2:手机',
  `order_isvalid` tinyint(1) NOT NULL DEFAULT '0' COMMENT '是否为计入统计的有效订单，0为无效 1为有效',
  `reciver_province_id` mediumint(8) unsigned NOT NULL DEFAULT '0' COMMENT '收货人省级ID',
  `grade_id` int(11) NOT NULL COMMENT '店铺等级',
  `buyer_id` int(10) unsigned NOT NULL DEFAULT '0' COMMENT '买家ID',
  `buyer_name` varchar(50) NOT NULL COMMENT '买家姓名',
  UNIQUE KEY `order_id` (`order_id`),
  KEY `order_add_time` (`order_add_time`),
  KEY `order_isvalid` (`order_isvalid`)
) ENGINE=InnoDB DEFAULT CHARSET=utf8 COMMENT='统计功能订单缓存表';
/*!40101 SET character_set_client = @saved_cs_client */;

--
-- Dumping data for table `ds_statorder`
--

LOCK TABLES `ds_statorder` WRITE;
/*!40000 ALTER TABLE `ds_statorder` DISABLE KEYS */;
/*!40000 ALTER TABLE `ds_statorder` ENABLE KEYS */;
UNLOCK TABLES;

--
-- Table structure for table `ds_statordergoods`
--

DROP TABLE IF EXISTS `ds_statordergoods`;
/*!40101 SET @saved_cs_client     = @@character_set_client */;
/*!40101 SET character_set_client = utf8 */;
CREATE TABLE `ds_statordergoods` (
  `rec_id` int(11) NOT NULL COMMENT '订单商品表索引ID',
  `stat_updatetime` int(10) unsigned NOT NULL DEFAULT '0' COMMENT '缓存生成时间',
  `order_id` int(11) NOT NULL COMMENT '订单id',
  `order_sn` varchar(20) NOT NULL COMMENT '订单编号',
  `order_add_time` int(10) unsigned NOT NULL DEFAULT '0' COMMENT '订单生成时间',
  `payment_code` char(20) DEFAULT '' COMMENT '支付方式',
  `order_amount` decimal(10,2) unsigned NOT NULL DEFAULT '0.00' COMMENT '订单总价格',
  `shipping_fee` decimal(10,2) unsigned DEFAULT '0.00' COMMENT '运费',
  `evaluation_state` enum('0','1') DEFAULT '0' COMMENT '评价状态 0:未评价，1:已评价',
  `order_state` enum('0','10','20','30','40') NOT NULL DEFAULT '10' COMMENT '订单状态 0:已取消;10:未付款;20:已付款;30:已发货;40:已收货;',
  `refund_state` tinyint(1) unsigned DEFAULT '0' COMMENT '退款状态:0:无退款,1:部分退款,2:全部退款',
  `refund_amount` decimal(10,2) DEFAULT '0.00' COMMENT '退款金额',
  `order_from` enum('1','2') NOT NULL DEFAULT '1' COMMENT '来源 1:PC 2:手机',
  `order_isvalid` tinyint(1) NOT NULL DEFAULT '0' COMMENT '是否为计入统计的有效订单，0为无效 1为有效',
  `reciver_province_id` mediumint(8) unsigned NOT NULL DEFAULT '0' COMMENT '收货人省级ID',
  `grade_id` int(11) NOT NULL COMMENT '店铺等级',
  `buyer_id` int(10) unsigned NOT NULL DEFAULT '0' COMMENT '买家ID',
  `buyer_name` varchar(50) NOT NULL COMMENT '买家姓名',
  `goods_id` int(11) NOT NULL COMMENT '商品ID',
  `goods_name` varchar(200) NOT NULL COMMENT '商品名称+规格',
  `goods_commonid` int(10) unsigned NOT NULL COMMENT '商品公共表id',
  `goods_commonname` varchar(50) NOT NULL COMMENT '商品公共表中商品名称',
  `gc_id` mediumint(8) unsigned NOT NULL DEFAULT '0' COMMENT '商品最底级分类ID',
  `gc_parentid_1` int(11) NOT NULL DEFAULT '0' COMMENT '一级父类ID',
  `gc_parentid_2` int(11) NOT NULL DEFAULT '0' COMMENT '二级父类ID',
  `gc_parentid_3` int(11) NOT NULL DEFAULT '0' COMMENT '三级父类ID',
  `brand_id` int(10) unsigned NOT NULL COMMENT '品牌id',
  `brand_name` varchar(100) NOT NULL COMMENT '品牌名称',
  `goods_serial` varchar(50) NOT NULL COMMENT '商家编号',
  `goods_price` decimal(10,2) NOT NULL COMMENT '商品价格',
  `goods_num` smallint(5) unsigned NOT NULL DEFAULT '1' COMMENT '商品数量',
  `goods_image` varchar(100) DEFAULT NULL COMMENT '商品图片',
  `goods_pay_price` decimal(10,2) unsigned NOT NULL COMMENT '商品实际成交价',
  `goods_type` enum('1','2','3','4','5','6','7') NOT NULL DEFAULT '1' COMMENT '1:默认 2:抢购商品 3:限时折扣商品 4:优惠套装 5:赠品 6:拼团 7:会员等级折扣',
  `promotions_id` mediumint(8) unsigned NOT NULL DEFAULT '0' COMMENT '促销活动ID（抢购ID/限时折扣ID/优惠套装ID）与goods_type搭配使用',
  UNIQUE KEY `rec_id` (`rec_id`),
  KEY `order_id` (`order_id`),
  KEY `order_add_time` (`order_add_time`)
) ENGINE=InnoDB DEFAULT CHARSET=utf8 COMMENT='统计功能订单商品缓存表';
/*!40101 SET character_set_client = @saved_cs_client */;

--
-- Dumping data for table `ds_statordergoods`
--

LOCK TABLES `ds_statordergoods` WRITE;
/*!40000 ALTER TABLE `ds_statordergoods` DISABLE KEYS */;
/*!40000 ALTER TABLE `ds_statordergoods` ENABLE KEYS */;
UNLOCK TABLES;

--
-- Table structure for table `ds_transport`
--

DROP TABLE IF EXISTS `ds_transport`;
/*!40101 SET @saved_cs_client     = @@character_set_client */;
/*!40101 SET character_set_client = utf8 */;
CREATE TABLE `ds_transport` (
  `transport_id` mediumint(8) unsigned NOT NULL AUTO_INCREMENT COMMENT '售卖区域自增ID',
  `transport_title` varchar(30) NOT NULL COMMENT '售卖区域名称',
  `send_tpl_id` mediumint(8) unsigned DEFAULT NULL COMMENT '发货地区模板ID',
  `transport_updatetime` int(10) unsigned DEFAULT '0' COMMENT '最后更新时间',
  `transport_is_limited` tinyint(1) NOT NULL DEFAULT '0' COMMENT '是否限制配送',
  PRIMARY KEY (`transport_id`)
) ENGINE=InnoDB DEFAULT CHARSET=utf8 COMMENT='售卖区域';
/*!40101 SET character_set_client = @saved_cs_client */;

--
-- Dumping data for table `ds_transport`
--

LOCK TABLES `ds_transport` WRITE;
/*!40000 ALTER TABLE `ds_transport` DISABLE KEYS */;
/*!40000 ALTER TABLE `ds_transport` ENABLE KEYS */;
UNLOCK TABLES;

--
-- Table structure for table `ds_transportextend`
--

DROP TABLE IF EXISTS `ds_transportextend`;
/*!40101 SET @saved_cs_client     = @@character_set_client */;
/*!40101 SET character_set_client = utf8 */;
CREATE TABLE `ds_transportextend` (
  `transportext_id` mediumint(8) unsigned NOT NULL AUTO_INCREMENT COMMENT '运费模板扩展ID',
  `transportext_area_id` text COMMENT '市级地区ID组成的串，以，隔开，两端也有，',
  `transportext_top_area_id` text COMMENT '省级地区ID组成的串，以，隔开，两端也有，',
  `transportext_area_name` text COMMENT '地区name组成的串，以，隔开',
  `transportext_sprice` decimal(10,2) DEFAULT '0.00' COMMENT '首件运费',
  `transport_id` mediumint(8) unsigned NOT NULL COMMENT '运费模板ID',
  `transport_title` varchar(60) DEFAULT NULL COMMENT '运费模板',
  `transportext_is_default` tinyint(2) NOT NULL DEFAULT '0',
  `transportext_snum` int(11) DEFAULT '1' COMMENT '起始件数',
  `transportext_xnum` int(11) DEFAULT NULL,
  `transportext_xprice` decimal(10,2) DEFAULT NULL,
  PRIMARY KEY (`transportext_id`),
  KEY `transport_id` (`transport_id`)
) ENGINE=InnoDB DEFAULT CHARSET=utf8 COMMENT='运费模板扩展表';
/*!40101 SET character_set_client = @saved_cs_client */;

--
-- Dumping data for table `ds_transportextend`
--

LOCK TABLES `ds_transportextend` WRITE;
/*!40000 ALTER TABLE `ds_transportextend` DISABLE KEYS */;
/*!40000 ALTER TABLE `ds_transportextend` ENABLE KEYS */;
UNLOCK TABLES;

--
-- Table structure for table `ds_type`
--

DROP TABLE IF EXISTS `ds_type`;
/*!40101 SET @saved_cs_client     = @@character_set_client */;
/*!40101 SET character_set_client = utf8 */;
CREATE TABLE `ds_type` (
  `type_id` int(10) unsigned NOT NULL AUTO_INCREMENT COMMENT '类型自增ID',
  `type_name` varchar(100) NOT NULL COMMENT '类型名称',
  `type_sort` tinyint(3) unsigned NOT NULL DEFAULT '255' COMMENT '类型排序',
  `class_id` int(10) unsigned DEFAULT '0' COMMENT '所属商品分类id',
  `class_name` varchar(100) NOT NULL COMMENT '所属商品分类名称',
  PRIMARY KEY (`type_id`),
  KEY `class_id` (`class_id`)
) ENGINE=InnoDB AUTO_INCREMENT=6 DEFAULT CHARSET=utf8 COMMENT='商品类型表';
/*!40101 SET character_set_client = @saved_cs_client */;

--
-- Dumping data for table `ds_type`
--

LOCK TABLES `ds_type` WRITE;
/*!40000 ALTER TABLE `ds_type` DISABLE KEYS */;
INSERT INTO `ds_type` VALUES (1,'样式+颜色',0,1,'手机/ 智能数码'),(4,'样式+颜色',255,768,'笔记本'),(5,'样式+颜色	',255,769,'平板');
/*!40000 ALTER TABLE `ds_type` ENABLE KEYS */;
UNLOCK TABLES;

--
-- Table structure for table `ds_typebrand`
--

DROP TABLE IF EXISTS `ds_typebrand`;
/*!40101 SET @saved_cs_client     = @@character_set_client */;
/*!40101 SET character_set_client = utf8 */;
CREATE TABLE `ds_typebrand` (
  `type_id` int(10) unsigned NOT NULL COMMENT '类型ID',
  `brand_id` int(10) unsigned NOT NULL COMMENT '品牌ID'
) ENGINE=InnoDB DEFAULT CHARSET=utf8 COMMENT='商品类型与品牌对应表';
/*!40101 SET character_set_client = @saved_cs_client */;

--
-- Dumping data for table `ds_typebrand`
--

LOCK TABLES `ds_typebrand` WRITE;
/*!40000 ALTER TABLE `ds_typebrand` DISABLE KEYS */;
/*!40000 ALTER TABLE `ds_typebrand` ENABLE KEYS */;
UNLOCK TABLES;

--
-- Table structure for table `ds_typespec`
--

DROP TABLE IF EXISTS `ds_typespec`;
/*!40101 SET @saved_cs_client     = @@character_set_client */;
/*!40101 SET character_set_client = utf8 */;
CREATE TABLE `ds_typespec` (
  `type_id` int(10) unsigned NOT NULL COMMENT '类型ID',
  `sp_id` int(10) unsigned NOT NULL COMMENT '规格ID'
) ENGINE=InnoDB DEFAULT CHARSET=utf8 COMMENT='商品类型与规格对应表';
/*!40101 SET character_set_client = @saved_cs_client */;

--
-- Dumping data for table `ds_typespec`
--

LOCK TABLES `ds_typespec` WRITE;
/*!40000 ALTER TABLE `ds_typespec` DISABLE KEYS */;
INSERT INTO `ds_typespec` VALUES (1,2),(1,1),(5,7),(5,6),(4,7),(4,6);
/*!40000 ALTER TABLE `ds_typespec` ENABLE KEYS */;
UNLOCK TABLES;

--
-- Table structure for table `ds_upload`
--

DROP TABLE IF EXISTS `ds_upload`;
/*!40101 SET @saved_cs_client     = @@character_set_client */;
/*!40101 SET character_set_client = utf8 */;
CREATE TABLE `ds_upload` (
  `upload_id` int(10) unsigned NOT NULL AUTO_INCREMENT COMMENT '上传文件自增ID',
  `file_name` varchar(100) DEFAULT NULL COMMENT '上传文件名',
  `file_size` int(10) unsigned NOT NULL DEFAULT '0' COMMENT '上传文件大小',
  `upload_type` tinyint(1) NOT NULL DEFAULT '0' COMMENT '上传文件类别 0:无 1:后台文章图片 2:帮助内容图片 3:店铺幻灯片 4:会员协议图片 5:积分礼品切换图片 6:积分礼品内容图片',
  `upload_time` int(10) unsigned NOT NULL DEFAULT '0' COMMENT '上传文件添加时间',
  `item_id` int(11) unsigned NOT NULL DEFAULT '0' COMMENT '信息ID',
  PRIMARY KEY (`upload_id`),
  KEY `upload_type` (`upload_type`)
) ENGINE=InnoDB DEFAULT CHARSET=utf8 COMMENT='上传文件表';
/*!40101 SET character_set_client = @saved_cs_client */;

--
-- Dumping data for table `ds_upload`
--

LOCK TABLES `ds_upload` WRITE;
/*!40000 ALTER TABLE `ds_upload` DISABLE KEYS */;
/*!40000 ALTER TABLE `ds_upload` ENABLE KEYS */;
UNLOCK TABLES;

--
-- Table structure for table `ds_verify_code`
--

DROP TABLE IF EXISTS `ds_verify_code`;
/*!40101 SET @saved_cs_client     = @@character_set_client */;
/*!40101 SET character_set_client = utf8 */;
CREATE TABLE `ds_verify_code` (
  `verify_code_id` int(10) unsigned NOT NULL AUTO_INCREMENT COMMENT '验证码id',
  `verify_code_type` tinyint(1) unsigned NOT NULL COMMENT '验证码类型（1登录2注册3修改密码4绑定手机5绑定邮箱6安全验证）',
  `verify_code` char(6) NOT NULL COMMENT '验证码',
  `verify_code_user_type` tinyint(1) unsigned NOT NULL COMMENT '发送验证码的用户类型（1会员2店长3配送员）',
  `verify_code_user_id` int(10) unsigned NOT NULL COMMENT '发送验证码的用户id',
  `verify_code_user_name` varchar(60) NOT NULL COMMENT '发送验证码的用户名',
  `verify_code_add_time` int(10) unsigned NOT NULL COMMENT '发送时间',
  `verify_code_ip` varchar(15) NOT NULL COMMENT 'ip地址',
  PRIMARY KEY (`verify_code_id`),
  KEY `verify_code_type` (`verify_code_type`,`verify_code_user_type`,`verify_code_user_id`,`verify_code`,`verify_code_add_time`)
) ENGINE=InnoDB DEFAULT CHARSET=utf8 COMMENT='验证码表';
/*!40101 SET character_set_client = @saved_cs_client */;

--
-- Dumping data for table `ds_verify_code`
--

LOCK TABLES `ds_verify_code` WRITE;
/*!40000 ALTER TABLE `ds_verify_code` DISABLE KEYS */;
/*!40000 ALTER TABLE `ds_verify_code` ENABLE KEYS */;
UNLOCK TABLES;

--
-- Table structure for table `ds_voucher`
--

DROP TABLE IF EXISTS `ds_voucher`;
/*!40101 SET @saved_cs_client     = @@character_set_client */;
/*!40101 SET character_set_client = utf8 */;
CREATE TABLE `ds_voucher` (
  `voucher_id` int(11) NOT NULL AUTO_INCREMENT COMMENT '代金券自增ID',
  `voucher_code` varchar(32) NOT NULL COMMENT '代金券编码',
  `vouchertemplate_id` int(11) NOT NULL COMMENT '代金券模版编号',
  `voucher_title` varchar(50) NOT NULL COMMENT '代金券标题',
  `voucher_desc` varchar(255) NOT NULL COMMENT '代金券描述',
  `voucher_startdate` int(11) NOT NULL COMMENT '代金券有效期开始时间',
  `voucher_enddate` int(11) NOT NULL COMMENT '代金券有效期结束时间',
  `voucher_price` int(11) NOT NULL COMMENT '代金券面额',
  `voucher_limit` decimal(10,2) NOT NULL COMMENT '代金券使用时的订单限额',
  `voucher_state` tinyint(4) NOT NULL COMMENT '代金券状态 1:未用 2:已用 3:过期 4:收回 ',
  `voucher_activedate` int(11) NOT NULL COMMENT '代金券发放日期',
  `voucher_type` tinyint(4) NOT NULL DEFAULT '0' COMMENT '代金券类别',
  `voucher_owner_id` int(11) NOT NULL COMMENT '代金券所有者ID',
  `voucher_owner_name` varchar(50) NOT NULL COMMENT '代金券所有者名称',
  `voucher_order_id` int(11) DEFAULT NULL COMMENT '使用该代金券的订单编号',
  PRIMARY KEY (`voucher_id`),
  KEY `voucher_owner_id` (`voucher_owner_id`)
) ENGINE=InnoDB DEFAULT CHARSET=utf8 COMMENT='代金券表';
/*!40101 SET character_set_client = @saved_cs_client */;

--
-- Dumping data for table `ds_voucher`
--

LOCK TABLES `ds_voucher` WRITE;
/*!40000 ALTER TABLE `ds_voucher` DISABLE KEYS */;
/*!40000 ALTER TABLE `ds_voucher` ENABLE KEYS */;
UNLOCK TABLES;

--
-- Table structure for table `ds_vouchertemplate`
--

DROP TABLE IF EXISTS `ds_vouchertemplate`;
/*!40101 SET @saved_cs_client     = @@character_set_client */;
/*!40101 SET character_set_client = utf8 */;
CREATE TABLE `ds_vouchertemplate` (
  `vouchertemplate_id` int(11) NOT NULL AUTO_INCREMENT COMMENT '代金券模版自增ID',
  `vouchertemplate_title` varchar(50) NOT NULL COMMENT '代金券模版名称',
  `vouchertemplate_desc` varchar(255) NOT NULL COMMENT '代金券模版描述',
  `vouchertemplate_startdate` int(11) NOT NULL COMMENT '代金券模版有效期开始时间',
  `vouchertemplate_enddate` int(11) NOT NULL COMMENT '代金券模版有效期结束时间',
  `vouchertemplate_price` int(11) NOT NULL COMMENT '代金券模版面额',
  `vouchertemplate_limit` decimal(10,2) NOT NULL COMMENT '代金券使用时的订单限额',
  `vouchertemplate_state` tinyint(4) NOT NULL COMMENT '代金券模版状态 1:有效 2:失效',
  `vouchertemplate_total` int(11) NOT NULL COMMENT '模版可发放的代金券总数',
  `vouchertemplate_giveout` int(11) NOT NULL COMMENT '模版已发放的代金券数量',
  `vouchertemplate_used` int(11) NOT NULL COMMENT '模版已经使用过的代金券',
  `vouchertemplate_adddate` int(11) NOT NULL COMMENT '模版的创建时间',
  `vouchertemplate_points` int(11) NOT NULL DEFAULT '0' COMMENT '兑换所需积分',
  `vouchertemplate_eachlimit` int(11) NOT NULL DEFAULT '1' COMMENT '每人限领张数',
  `vouchertemplate_styleimg` varchar(200) DEFAULT NULL COMMENT '样式模版图片',
  `vouchertemplate_customimg` varchar(200) DEFAULT NULL COMMENT '自定义代金券模板图片',
  `vouchertemplate_recommend` tinyint(1) NOT NULL DEFAULT '0' COMMENT '是否推荐 0:不推荐 1:推荐',
  `vouchertemplate_gettype` tinyint(1) NOT NULL COMMENT '代金券类型',
  PRIMARY KEY (`vouchertemplate_id`)
) ENGINE=InnoDB DEFAULT CHARSET=utf8 COMMENT='代金券模版表';
/*!40101 SET character_set_client = @saved_cs_client */;

--
-- Dumping data for table `ds_vouchertemplate`
--

LOCK TABLES `ds_vouchertemplate` WRITE;
/*!40000 ALTER TABLE `ds_vouchertemplate` DISABLE KEYS */;
/*!40000 ALTER TABLE `ds_vouchertemplate` ENABLE KEYS */;
UNLOCK TABLES;

--
-- Table structure for table `ds_vrgroupbuyclass`
--

DROP TABLE IF EXISTS `ds_vrgroupbuyclass`;
/*!40101 SET @saved_cs_client     = @@character_set_client */;
/*!40101 SET character_set_client = utf8 */;
CREATE TABLE `ds_vrgroupbuyclass` (
  `vrgclass_id` int(11) NOT NULL AUTO_INCREMENT COMMENT '虚拟抢购分类自增ID',
  `vrgclass_name` varchar(100) NOT NULL COMMENT '分类名称',
  `vrgclass_parent_id` int(11) NOT NULL COMMENT '上级分类ID',
  `vrgclass_sort` tinyint(3) unsigned DEFAULT '255' COMMENT '虚拟抢购分类排序',
  PRIMARY KEY (`vrgclass_id`),
  KEY `vrgclass_parent_id` (`vrgclass_parent_id`)
) ENGINE=InnoDB DEFAULT CHARSET=utf8 COMMENT='虚拟抢购分类表';
/*!40101 SET character_set_client = @saved_cs_client */;

--
-- Dumping data for table `ds_vrgroupbuyclass`
--

LOCK TABLES `ds_vrgroupbuyclass` WRITE;
/*!40000 ALTER TABLE `ds_vrgroupbuyclass` DISABLE KEYS */;
/*!40000 ALTER TABLE `ds_vrgroupbuyclass` ENABLE KEYS */;
UNLOCK TABLES;

--
-- Table structure for table `ds_vrorder`
--

DROP TABLE IF EXISTS `ds_vrorder`;
/*!40101 SET @saved_cs_client     = @@character_set_client */;
/*!40101 SET character_set_client = utf8 */;
CREATE TABLE `ds_vrorder` (
  `order_id` int(11) NOT NULL AUTO_INCREMENT COMMENT '虚拟订单自增ID',
  `order_sn` varchar(20) NOT NULL COMMENT '虚拟订单编号',
  `buyer_id` int(11) unsigned NOT NULL COMMENT '买家ID',
  `buyer_name` varchar(50) NOT NULL COMMENT '买家登录名',
  `buyer_phone` varchar(11) NOT NULL COMMENT '买家手机',
  `add_time` int(10) unsigned NOT NULL COMMENT '虚拟订单生成时间',
  `payment_code` char(20) NOT NULL DEFAULT '' COMMENT '虚拟订单支付方式名称代码',
  `payment_time` int(10) unsigned DEFAULT '0' COMMENT '虚拟订单支付(付款)时间',
  `trade_no` varchar(35) DEFAULT NULL COMMENT '第三方平台交易号',
  `close_time` int(10) unsigned DEFAULT '0' COMMENT '虚拟订单关闭时间',
  `close_reason` varchar(50) DEFAULT NULL COMMENT '虚拟订单关闭原因',
  `finnshed_time` int(11) DEFAULT NULL COMMENT '虚拟订单完成时间',
  `order_amount` decimal(10,2) unsigned NOT NULL DEFAULT '0.00' COMMENT '订单总价格(支付金额)',
  `refund_amount` decimal(10,2) DEFAULT '0.00' COMMENT '退款金额',
  `rcb_amount` decimal(10,2) unsigned NOT NULL DEFAULT '0.00' COMMENT '充值卡支付金额',
  `pd_amount` decimal(10,2) unsigned NOT NULL DEFAULT '0.00' COMMENT '预存款支付金额',
  `order_state` tinyint(4) NOT NULL DEFAULT '0' COMMENT '订单状态 0:已取消 10:未付款 20:已付款 40:已完成',
  `refund_state` tinyint(1) unsigned DEFAULT '0' COMMENT '退款状态 0:无退款 1:部分退款 2:全部退款',
  `buyer_msg` varchar(150) DEFAULT NULL COMMENT '虚拟订单买家留言',
  `delete_state` tinyint(4) NOT NULL DEFAULT '0' COMMENT '删除状态 0:未删除1:放入回收站2:彻底删除',
  `goods_id` int(11) NOT NULL COMMENT '商品ID',
  `goods_name` varchar(200) NOT NULL COMMENT '商品名称',
  `goods_price` decimal(10,2) NOT NULL COMMENT '商品价格',
  `goods_num` smallint(5) unsigned NOT NULL DEFAULT '1' COMMENT '商品数量',
  `goods_image` varchar(100) DEFAULT NULL COMMENT '商品图片',
  `gc_id` mediumint(9) DEFAULT '0' COMMENT '商品最底级分类ID',
  `vr_indate` int(11) DEFAULT NULL COMMENT '虚拟订单有效期',
  `vr_send_times` tinyint(4) NOT NULL DEFAULT '0' COMMENT '兑换码发送次数',
  `vr_invalid_refund` tinyint(4) NOT NULL DEFAULT '1' COMMENT '允许过期退款 1:是 0:否',
  `order_promotion_type` tinyint(3) unsigned NOT NULL DEFAULT '0' COMMENT '订单参加的促销类型 0:无促销 1:抢购 2:拼团',
  `promotions_id` mediumint(9) DEFAULT '0' COMMENT '促销ID，与order_promotion_type配合使用',
  `order_from` tinyint(4) NOT NULL DEFAULT '1' COMMENT '订单来源 1:PC 2:手机',
  `evaluation_state` tinyint(4) NOT NULL DEFAULT '0' COMMENT '评价状态 0:默认 1:已评价 2:禁止评价',
  `evaluation_time` int(11) NOT NULL DEFAULT '0' COMMENT '评价时间',
  `use_state` tinyint(4) DEFAULT '0' COMMENT '使用状态 0:未使用 1:已使用',
  PRIMARY KEY (`order_id`),
  KEY `buyer_id` (`buyer_id`)
) ENGINE=InnoDB DEFAULT CHARSET=utf8 COMMENT='虚拟订单表';
/*!40101 SET character_set_client = @saved_cs_client */;

--
-- Dumping data for table `ds_vrorder`
--

LOCK TABLES `ds_vrorder` WRITE;
/*!40000 ALTER TABLE `ds_vrorder` DISABLE KEYS */;
/*!40000 ALTER TABLE `ds_vrorder` ENABLE KEYS */;
UNLOCK TABLES;

--
-- Table structure for table `ds_vrordercode`
--

DROP TABLE IF EXISTS `ds_vrordercode`;
/*!40101 SET @saved_cs_client     = @@character_set_client */;
/*!40101 SET character_set_client = utf8 */;
CREATE TABLE `ds_vrordercode` (
  `rec_id` int(11) NOT NULL AUTO_INCREMENT COMMENT '兑换码自增ID',
  `order_id` int(11) NOT NULL COMMENT '虚拟订单ID',
  `buyer_id` int(10) unsigned NOT NULL DEFAULT '0' COMMENT '买家ID',
  `vr_code` varchar(18) NOT NULL COMMENT '兑换码',
  `vr_state` tinyint(4) NOT NULL DEFAULT '0' COMMENT '使用状态 0:(默认)未使用1:已使用2:已过期',
  `vr_usetime` int(11) DEFAULT NULL COMMENT '使用时间',
  `pay_price` decimal(10,2) NOT NULL DEFAULT '0.00' COMMENT '实际支付金额(结算)',
  `vr_indate` int(11) DEFAULT NULL COMMENT '过期时间',
  `refund_lock` tinyint(1) unsigned DEFAULT '0' COMMENT '退款锁定状态:0:正常,1:锁定,2:同意',
  `vr_invalid_refund` tinyint(4) NOT NULL DEFAULT '1' COMMENT '允许过期退款1:是0:否',
  PRIMARY KEY (`rec_id`),
  KEY `order_id` (`order_id`),
  KEY `buyer_id` (`buyer_id`)
) ENGINE=InnoDB DEFAULT CHARSET=utf8 COMMENT='兑换码表';
/*!40101 SET character_set_client = @saved_cs_client */;

--
-- Dumping data for table `ds_vrordercode`
--

LOCK TABLES `ds_vrordercode` WRITE;
/*!40000 ALTER TABLE `ds_vrordercode` DISABLE KEYS */;
/*!40000 ALTER TABLE `ds_vrordercode` ENABLE KEYS */;
UNLOCK TABLES;

--
-- Table structure for table `ds_vrrefund`
--

DROP TABLE IF EXISTS `ds_vrrefund`;
/*!40101 SET @saved_cs_client     = @@character_set_client */;
/*!40101 SET character_set_client = utf8 */;
CREATE TABLE `ds_vrrefund` (
  `refund_id` int(10) unsigned NOT NULL AUTO_INCREMENT COMMENT '虚拟退款记录自增ID',
  `order_id` int(10) unsigned NOT NULL COMMENT '虚拟订单ID',
  `order_sn` varchar(20) NOT NULL COMMENT '虚拟订单编号',
  `refund_sn` varchar(50) NOT NULL COMMENT '申请编号',
  `buyer_id` int(10) unsigned NOT NULL COMMENT '买家ID',
  `buyer_name` varchar(50) NOT NULL COMMENT '买家会员名',
  `goods_id` int(10) unsigned NOT NULL COMMENT '商品ID',
  `goods_num` int(10) unsigned DEFAULT '1' COMMENT '退款商品数量',
  `goods_name` varchar(200) NOT NULL COMMENT '商品名称',
  `goods_image` varchar(100) DEFAULT NULL COMMENT '商品图片',
  `redeemcode_sn` varchar(300) NOT NULL COMMENT '兑换码编号',
  `refund_amount` decimal(10,2) DEFAULT '0.00' COMMENT '退款金额',
  `admin_state` tinyint(1) unsigned DEFAULT '1' COMMENT '退款状态 1:待审核 2:同意 3:不同意',
  `add_time` int(10) unsigned NOT NULL COMMENT '虚拟退款添加时间',
  `admin_time` int(10) unsigned DEFAULT '0' COMMENT '管理员处理时间',
  `buyer_message` varchar(300) DEFAULT NULL COMMENT '虚拟退款申请原因',
  `admin_message` varchar(300) DEFAULT NULL COMMENT '管理员备注',
  PRIMARY KEY (`refund_id`),
  KEY `order_id` (`order_id`),
  KEY `buyer_id` (`buyer_id`)
) ENGINE=InnoDB DEFAULT CHARSET=utf8 COMMENT='虚拟退款表';
/*!40101 SET character_set_client = @saved_cs_client */;

--
-- Dumping data for table `ds_vrrefund`
--

LOCK TABLES `ds_vrrefund` WRITE;
/*!40000 ALTER TABLE `ds_vrrefund` DISABLE KEYS */;
/*!40000 ALTER TABLE `ds_vrrefund` ENABLE KEYS */;
UNLOCK TABLES;

--
-- Table structure for table `ds_wxconfig`
--

DROP TABLE IF EXISTS `ds_wxconfig`;
/*!40101 SET @saved_cs_client     = @@character_set_client */;
/*!40101 SET character_set_client = utf8 */;
CREATE TABLE `ds_wxconfig` (
  `id` int(11) NOT NULL AUTO_INCREMENT COMMENT '微信配置自增ID',
  `wxname` varchar(60) NOT NULL DEFAULT '' COMMENT '公众号名称',
  `appid` varchar(50) NOT NULL DEFAULT '' COMMENT 'appid',
  `appsecret` varchar(50) NOT NULL DEFAULT '' COMMENT 'appsecret',
  `token` char(255) NOT NULL COMMENT 'token',
  `qrcode` varchar(200) NOT NULL DEFAULT '' COMMENT '公众号二维码',
  `access_token` varchar(250) DEFAULT NULL COMMENT '令牌',
  `expires_in` int(15) DEFAULT NULL COMMENT '过期时间',
  `xcx_appid` varchar(50) NOT NULL DEFAULT '' COMMENT '小程序appid',
  `xcx_appsecret` varchar(50) NOT NULL DEFAULT '' COMMENT '小程序appsecret',
  `xcx_access_token` varchar(250) DEFAULT NULL COMMENT '小程序令牌',
  `xcx_expires_in` int(15) DEFAULT NULL COMMENT '小程序过期时间',
  `ticket` varchar(250) DEFAULT NULL COMMENT 'ticket',
  `ticket_expires_in` int(15) DEFAULT NULL COMMENT 'ticket过期时间',
  PRIMARY KEY (`id`)
) ENGINE=InnoDB DEFAULT CHARSET=utf8 COMMENT='微信配置表';
/*!40101 SET character_set_client = @saved_cs_client */;

--
-- Dumping data for table `ds_wxconfig`
--

LOCK TABLES `ds_wxconfig` WRITE;
/*!40000 ALTER TABLE `ds_wxconfig` DISABLE KEYS */;
/*!40000 ALTER TABLE `ds_wxconfig` ENABLE KEYS */;
UNLOCK TABLES;

--
-- Table structure for table `ds_wxkeyword`
--

DROP TABLE IF EXISTS `ds_wxkeyword`;
/*!40101 SET @saved_cs_client     = @@character_set_client */;
/*!40101 SET character_set_client = utf8 */;
CREATE TABLE `ds_wxkeyword` (
  `id` int(11) NOT NULL AUTO_INCREMENT COMMENT '表id',
  `keyword` char(255) NOT NULL COMMENT '关键词',
  `pid` int(11) NOT NULL COMMENT '对应表ID',
  `type` varchar(30) DEFAULT 'TEXT' COMMENT '关键词操作类型',
  PRIMARY KEY (`id`),
  KEY `pid` (`pid`)
) ENGINE=InnoDB DEFAULT CHARSET=utf8 COMMENT='微信关键词表';
/*!40101 SET character_set_client = @saved_cs_client */;

--
-- Dumping data for table `ds_wxkeyword`
--

LOCK TABLES `ds_wxkeyword` WRITE;
/*!40000 ALTER TABLE `ds_wxkeyword` DISABLE KEYS */;
/*!40000 ALTER TABLE `ds_wxkeyword` ENABLE KEYS */;
UNLOCK TABLES;

--
-- Table structure for table `ds_wxmenu`
--

DROP TABLE IF EXISTS `ds_wxmenu`;
/*!40101 SET @saved_cs_client     = @@character_set_client */;
/*!40101 SET character_set_client = utf8 */;
CREATE TABLE `ds_wxmenu` (
  `id` int(11) NOT NULL AUTO_INCREMENT COMMENT '微信菜单id',
  `pid` int(11) NOT NULL DEFAULT '0' COMMENT '父菜单id',
  `name` varchar(32) NOT NULL COMMENT '微信菜单名称',
  `type` varchar(10) NOT NULL DEFAULT '' COMMENT '微信菜单类型',
  `value` text COMMENT '微信菜单值',
  `sort` tinyint(3) unsigned NOT NULL DEFAULT '255' COMMENT '排序',
  PRIMARY KEY (`id`),
  KEY `pid` (`pid`)
) ENGINE=InnoDB DEFAULT CHARSET=utf8 COMMENT='微信菜单表';
/*!40101 SET character_set_client = @saved_cs_client */;

--
-- Dumping data for table `ds_wxmenu`
--

LOCK TABLES `ds_wxmenu` WRITE;
/*!40000 ALTER TABLE `ds_wxmenu` DISABLE KEYS */;
/*!40000 ALTER TABLE `ds_wxmenu` ENABLE KEYS */;
UNLOCK TABLES;

--
-- Table structure for table `ds_wxmsg`
--

DROP TABLE IF EXISTS `ds_wxmsg`;
/*!40101 SET @saved_cs_client     = @@character_set_client */;
/*!40101 SET character_set_client = utf8 */;
CREATE TABLE `ds_wxmsg` (
  `id` int(11) NOT NULL AUTO_INCREMENT COMMENT '推送ID',
  `member_id` int(11) DEFAULT NULL COMMENT '为空则推送全体微信用户',
  `content` text NOT NULL COMMENT '推送内容',
  `createtime` int(15) NOT NULL COMMENT '创建时间',
  `issend` tinyint(4) NOT NULL DEFAULT '0' COMMENT '0未发送1成功2失败',
  PRIMARY KEY (`id`)
) ENGINE=InnoDB DEFAULT CHARSET=utf8 COMMENT='微信推送表';
/*!40101 SET character_set_client = @saved_cs_client */;

--
-- Dumping data for table `ds_wxmsg`
--

LOCK TABLES `ds_wxmsg` WRITE;
/*!40000 ALTER TABLE `ds_wxmsg` DISABLE KEYS */;
/*!40000 ALTER TABLE `ds_wxmsg` ENABLE KEYS */;
UNLOCK TABLES;

--
-- Table structure for table `ds_wxtext`
--

DROP TABLE IF EXISTS `ds_wxtext`;
/*!40101 SET @saved_cs_client     = @@character_set_client */;
/*!40101 SET character_set_client = utf8 */;
CREATE TABLE `ds_wxtext` (
  `id` int(11) NOT NULL AUTO_INCREMENT COMMENT '表id',
  `keyword` char(255) NOT NULL COMMENT '关键词',
  `text` text NOT NULL COMMENT 'text',
  `createtime` varchar(13) NOT NULL DEFAULT '' COMMENT '创建时间',
  `updatetime` varchar(13) NOT NULL DEFAULT '' COMMENT '更新时间',
  `click` int(11) unsigned NOT NULL DEFAULT '0' COMMENT '点击',
  PRIMARY KEY (`id`)
) ENGINE=InnoDB DEFAULT CHARSET=utf8 COMMENT='微信文本回复表';
/*!40101 SET character_set_client = @saved_cs_client */;

--
-- Dumping data for table `ds_wxtext`
--

LOCK TABLES `ds_wxtext` WRITE;
/*!40000 ALTER TABLE `ds_wxtext` DISABLE KEYS */;
/*!40000 ALTER TABLE `ds_wxtext` ENABLE KEYS */;
UNLOCK TABLES;

--
-- Dumping events for database 'dsmall'
--

--
-- Dumping routines for database 'dsmall'
--
/*!40103 SET TIME_ZONE=@OLD_TIME_ZONE */;

/*!40101 SET SQL_MODE=@OLD_SQL_MODE */;
/*!40014 SET FOREIGN_KEY_CHECKS=@OLD_FOREIGN_KEY_CHECKS */;
/*!40014 SET UNIQUE_CHECKS=@OLD_UNIQUE_CHECKS */;
/*!40101 SET CHARACTER_SET_CLIENT=@OLD_CHARACTER_SET_CLIENT */;
/*!40101 SET CHARACTER_SET_RESULTS=@OLD_CHARACTER_SET_RESULTS */;
/*!40101 SET COLLATION_CONNECTION=@OLD_COLLATION_CONNECTION */;
/*!40111 SET SQL_NOTES=@OLD_SQL_NOTES */;

-- Dump completed on 2023-06-26 16:53:06
